"","row","cpt","pb","pb2"
"1",1,"[Ξ]",NA,NA
"2",2,"Der österreichische Patriot.","Der österreichische Patriot.","Der österreichische Patriot."
"3",3,"Der österreichische Patriot.","Der österreichische Patriot.","Der österreichische Patriot."
"4",4,"","",""
"5",5,"Drey und vier und siebenzigstes Stück.","Drey und vier und siebenzigstes Stück.","Drey und vier und siebenzigstes Stück."
"6",6,"Freytags den 14. Junii. 1765.","Freytags den 14. Junii. 1765.","Freytags den 14. Junii. 1765."
"7",7,"","",""
"8",8,"Der","Der","Der"
"9",9,"Der","Der","Der"
"10",10,"Besuch,","Besuch,","Besuch,"
"11",11,"Besuch,","Besuch,","Besuch,"
"12",12,"Ein Lustspiel","Ein Lustspiel","Ein Lustspiel"
"13",13,"Ein Lustspiel","Ein Lustspiel","Ein Lustspiel"
"14",14,"in einem Aufzuge.","in einem Aufzuge.","in einem Aufzuge."
"15",15,"in einem Aufzuge.","in einem Aufzuge.","in einem Aufzuge."
"16",16,"","",""
"17",17,"Personen.","Personen.","Personen."
"18",18,"Personen.","Personen.","Personen."
"19",19,"Celimene, Finette, Erast, Chlorinde, Cydalise, Damis.","Celimene, Finette, Erast, Chlorinde, Cydalise, Damis.","Celimene, Finette, Erast, Chlorinde, Cydalise, Damis."
"20",20,"Celimene, Finette, Erast, Chlorinde, Cydalise, Damis.","Celimene, Finette, Erast, Chlorinde, Cydalise, Damis.","Celimene, Finette, Erast, Chlorinde, Cydalise, Damis."
"21",21,"","",""
"22",22,"Erster Auftritt.","Erster Auftritt.","Erster Auftritt."
"23",23,"Erster Auftritt.","Erster Auftritt.","<div type=""scene""><head>Erster Auftritt.<head>"
"24",24,"Celimene, Finette.","Celimene, Finette.","Celimene, Finette."
"25",25,"Celimene, Finette.","Celimene, Finette.","<stage>Celimene, Finette.</stage>"
"26",26,"Celimene.
Siehst du nun, wie behutsam man mit den Mannspersonen
umgehen muß? Wie lange man sie für
rechtschaffen, für zärtlich, für beständig halten
kann? und auf einmal ist der Verräther da. Alle
sind Verräther, alle Mannspersonen. Wie sehr danke
ich dem Himmel, daß ich Erasten nunmehro meine
Hand nicht schon vor einem Vierteljahre gegeben habe.
[578] Itzt wäre ich wieder so elend, so unglücklich, wie in
meiner ersten Ehe. Und ich habe es noch nicht einmal
meiner Klugheit zu danken, ein Zufall hat seine Gemüthsart
aufgedecket. Du hast Wunder gedacht, wie
gut du Erasten kennst. Nicht wahr, du hast dich betrogen?","Celimene. Siehst du nun, wie behutsam man mit den Mannspersonen umgehen muß? Wie lange man sie für rechtschaffen, für zärtlich, für beständig halten kann? und auf einmal ist der Verräther da. Alle sind Verräther, alle Mannspersonen. Wie sehr danke ich dem Himmel, daß ich Erasten nunmehro meine Hand nicht schon vor einem Vierteljahre gegeben habe. [578] Itzt wäre ich wieder so elend, so unglücklich, wie in meiner ersten Ehe. Und ich habe es noch nicht einmal meiner Klugheit zu danken, ein Zufall hat seine Gemüthsart aufgedecket. Du hast Wunder gedacht, wie gut du Erasten kennst. Nicht wahr, du hast dich betrogen?","<sp><speaker>Celimene</speaker><p>Siehst du nun, wie behutsam man mit den Mannspersonen umgehen muß? Wie lange man sie für rechtschaffen, für zärtlich, für beständig halten kann? und auf einmal ist der Verräther da. Alle sind Verräther, alle Mannspersonen. Wie sehr danke ich dem Himmel, daß ich Erasten nunmehro meine Hand nicht schon vor einem Vierteljahre gegeben habe. <pb no=""578""/> Itzt wäre ich wieder so elend, so unglücklich, wie in meiner ersten Ehe. Und ich habe es noch nicht einmal meiner Klugheit zu danken, ein Zufall hat seine Gemüthsart aufgedecket. Du hast Wunder gedacht, wie gut du Erasten kennst. Nicht wahr, du hast dich betrogen?</p></sp>"
"27",27,"Finette. Ich gestehe es ihr Gnaden, ich hätte Häuser
auf den Erast bauen wollen. Er war immer so sanftmüthig
wie ein Lamm, er hat sich ja gewunden, gedreht.
Auf diese Art sind freylich die Mannsbilder keinen
Kreutzer werth. Der Erast, das fromme Lämmel.","Finette. Ich gestehe es ihr Gnaden, ich hätte Häuser auf den Erast bauen wollen. Er war immer so sanftmüthig wie ein Lamm, er hat sich ja gewunden, gedreht. Auf diese Art sind freylich die Mannsbilder keinen Kreutzer werth. Der Erast, das fromme Lämmel.","<sp><speaker>Finette</speaker><p>Ich gestehe es ihr Gnaden, ich hätte Häuser auf den Erast bauen wollen. Er war immer so sanftmüthig wie ein Lamm, er hat sich ja gewunden, gedreht. Auf diese Art sind freylich die Mannsbilder keinen Kreutzer werth. Der Erast, das fromme Lämmel.</p></sp>"
"28",28,"Celimene. Und der reissende Tyrann im Herzen.
Ich weiß es aus der Erfahrung. Wie kroch mein verstorbener
Mann vor meinen Füßen herum, da er mich
zu seiner Gemahlin begehrte. Er war verliebt, ich
weiß es gewiß; Aber wie lange blieb er es? Gerade
neun Wochen nach der Hochzeit; da war Celimene vergessen,
er war mit dem größten Widerwillen in meiner
Gesellschaft, und, und ach! du weißt es nur mehr als
zu wohl, jedes Kuchelmensch war ihm lieber als seine
zärtliche Gemahlin.","Celimene. Und der reissende Tyrann im Herzen. Ich weiß es aus der Erfahrung. Wie kroch mein verstorbener Mann vor meinen Füßen herum, da er mich zu seiner Gemahlin begehrte. Er war verliebt, ich weiß es gewiß; Aber wie lange blieb er es? Gerade neun Wochen nach der Hochzeit; da war Celimene vergessen, er war mit dem größten Widerwillen in meiner Gesellschaft, und, und ach! du weißt es nur mehr als zu wohl, jedes Kuchelmensch war ihm lieber als seine zärtliche Gemahlin.","<sp><speaker>Celimene</speaker><p>Und der reissende Tyrann im Herzen. Ich weiß es aus der Erfahrung. Wie kroch mein verstorbener Mann vor meinen Füßen herum, da er mich zu seiner Gemahlin begehrte. Er war verliebt, ich weiß es gewiß; Aber wie lange blieb er es? Gerade neun Wochen nach der Hochzeit; da war Celimene vergessen, er war mit dem größten Widerwillen in meiner Gesellschaft, und, und ach! du weißt es nur mehr als zu wohl, jedes Kuchelmensch war ihm lieber als seine zärtliche Gemahlin.</p></sp>"
"29",29,"Finette. Nun der ist tod, ihr Gnaden. Und das
ist schon recht. Ich weiß es vollkommen, er verdiente
ihr Gnaden im geringsten nicht. Aber wenn nun das
Heyrathen so eine gefährliche Sache ist, warum wollen
sie sich ihr Gnaden gleichwohl wieder verheyrathen?","Finette. Nun der ist tod, ihr Gnaden. Und das ist schon recht. Ich weiß es vollkommen, er verdiente ihr Gnaden im geringsten nicht. Aber wenn nun das Heyrathen so eine gefährliche Sache ist, warum wollen sie sich ihr Gnaden gleichwohl wieder verheyrathen?","<sp><speaker>Finette</speaker><p>Nun der ist tod, ihr Gnaden. Und das ist schon recht. Ich weiß es vollkommen, er verdiente ihr Gnaden im geringsten nicht. Aber wenn nun das Heyrathen so eine gefährliche Sache ist, warum wollen sie sich ihr Gnaden gleichwohl wieder verheyrathen?</p></sp>"
"30",30,"Celimene. Mädel, du wirst nasenweis. Ich bin
noch jung, die Wittwen sind verachtet, ich lebe gerne
ungezwungen. Da hast du Ursachen genug; und kurz,
weil ich mich das erstemal schlecht verheyrathet habe,
so will ich mich das zweytemal desto besser verheyrathen.
Sollte denn gar kein würdiger Mann mehr in der Welt
seyn, mit dem man glücklich seyn könnte?","Celimene. Mädel, du wirst nasenweis. Ich bin noch jung, die Wittwen sind verachtet, ich lebe gerne ungezwungen. Da hast du Ursachen genug; und kurz, weil ich mich das erstemal schlecht verheyrathet habe, so will ich mich das zweytemal desto besser verheyrathen. Sollte denn gar kein würdiger Mann mehr in der Welt seyn, mit dem man glücklich seyn könnte?","<sp><speaker>Celimene</speaker><p>Mädel, du wirst nasenweis. Ich bin noch jung, die Wittwen sind verachtet, ich lebe gerne ungezwungen. Da hast du Ursachen genug; und kurz, weil ich mich das erstemal schlecht verheyrathet habe, so will ich mich das zweytemal desto besser verheyrathen. Sollte denn gar kein würdiger Mann mehr in der Welt seyn, mit dem man glücklich seyn könnte?</p></sp>"
"31",31,"Finette. Ich weiß nicht, ihr Gnaden, ich habe auch
schon drey Amanten gehabt, und die sind alle drey
[579] zum Schelm geworden. Ihr Gnaden sehn, daß ich
noch immer ledig bin, und man wird doch auch alle Tage
älter.","Finette. Ich weiß nicht, ihr Gnaden, ich habe auch schon drey Amanten gehabt, und die sind alle drey [579] zum Schelm geworden. Ihr Gnaden sehn, daß ich noch immer ledig bin, und man wird doch auch alle Tage älter.","<sp><speaker>Finette</speaker><p>Ich weiß nicht, ihr Gnaden, ich habe auch schon drey Amanten gehabt, und die sind alle drey <pb no=""579""/> zum Schelm geworden. Ihr Gnaden sehn, daß ich noch immer ledig bin, und man wird doch auch alle Tage älter.</p></sp>"
"32",32,"Celimene. Der Erast, den ich für einen so zärtlichen
Jüngling gehalten habe, der hängt sich an eine
Cydalise, die weder Verstand, noch Schönheit, noch
sonderlichen Reichthum hat? Ach wie sehr verabscheue
ich ihn, und alle Männer.","Celimene. Der Erast, den ich für einen so zärtlichen Jüngling gehalten habe, der hängt sich an eine Cydalise, die weder Verstand, noch Schönheit, noch sonderlichen Reichthum hat? Ach wie sehr verabscheue ich ihn, und alle Männer.","<sp><speaker>Celimene</speaker><p>Der Erast, den ich für einen so zärtlichen Jüngling gehalten habe, der hängt sich an eine Cydalise, die weder Verstand, noch Schönheit, noch sonderlichen Reichthum hat? Ach wie sehr verabscheue ich ihn, und alle Männer.</p></sp>"
"33",33,"Finette. Es kann aber seyn, daß er noch nicht so
strafbar ist, als es die Leute Euer Gnaden weiß machen
wollen.","Finette. Es kann aber seyn, daß er noch nicht so strafbar ist, als es die Leute Euer Gnaden weiß machen wollen.","<sp><speaker>Finette</speaker><p>Es kann aber seyn, daß er noch nicht so strafbar ist, als es die Leute Euer Gnaden weiß machen wollen.</p></sp>"
"34",34,"Celimene. Die Leute haben recht. Das allgemeine
Gerücht trügt niemals. Man spricht ja schon von einer
Vermählung unter ihnen.","Celimene. Die Leute haben recht. Das allgemeine Gerücht trügt niemals. Man spricht ja schon von einer Vermählung unter ihnen.","<sp><speaker>Celimene</speaker><p>Die Leute haben recht. Das allgemeine Gerücht trügt niemals. Man spricht ja schon von einer Vermählung unter ihnen.</p></sp>"
"35",35,"Finette. Das glaube ich in meinem Leben nicht.","Finette. Das glaube ich in meinem Leben nicht.","<sp><speaker>Finette</speaker><p>Das glaube ich in meinem Leben nicht.</p></sp>"
"36",36,"Celimene. Nun die Sache wird sich heute zeigen.
Cydalise hat mir versprechen lassen, daß sie heute gewiß
kömmt. Erast auch. Beyde wissen nichts von einander.
Beyde denken Wunder, was ich für Heimlichkeiten
mit ihnen auszumachen habe. Sie werden sich
sehn, und da wird es sich gleich zeigen, ob die Leute
Recht oder Unrecht gehabt haben.","Celimene. Nun die Sache wird sich heute zeigen. Cydalise hat mir versprechen lassen, daß sie heute gewiß kömmt. Erast auch. Beyde wissen nichts von einander. Beyde denken Wunder, was ich für Heimlichkeiten mit ihnen auszumachen habe. Sie werden sich sehn, und da wird es sich gleich zeigen, ob die Leute Recht oder Unrecht gehabt haben.","<sp><speaker>Celimene</speaker><p>Nun die Sache wird sich heute zeigen. Cydalise hat mir versprechen lassen, daß sie heute gewiß kömmt. Erast auch. Beyde wissen nichts von einander. Beyde denken Wunder, was ich für Heimlichkeiten mit ihnen auszumachen habe. Sie werden sich sehn, und da wird es sich gleich zeigen, ob die Leute Recht oder Unrecht gehabt haben.</p></sp>"
"37",37,"Finette. Den Auftritt wäre ich selber neugierig zu
sehen.","Finette. Den Auftritt wäre ich selber neugierig zu sehen.","<sp><speaker>Finette</speaker><p>Den Auftritt wäre ich selber neugierig zu sehen.</p></sp>"
"38",38,"Celimene. Da soll sich der Betrüger schämen! Was
für zärtliche Sachen hat er mir nicht immer vorgesagt,
wie sehnlich hat er mich um mein Herz gebeten! O
ich mag nicht mehr dran denken. Weißt du auch, daß
der Damis kömmt?","Celimene. Da soll sich der Betrüger schämen! Was für zärtliche Sachen hat er mir nicht immer vorgesagt, wie sehnlich hat er mich um mein Herz gebeten! O ich mag nicht mehr dran denken. Weißt du auch, daß der Damis kömmt?","<sp><speaker>Celimene</speaker><p>Da soll sich der Betrüger schämen! Was für zärtliche Sachen hat er mir nicht immer vorgesagt, wie sehnlich hat er mich um mein Herz gebeten! O ich mag nicht mehr dran denken. Weißt du auch, daß der Damis kömmt?</p></sp>"
"39",39,"Finette. Der vorige Amant von der Cydalise?","Finette. Der vorige Amant von der Cydalise?","<sp><speaker>Finette</speaker><p>Der vorige Amant von der Cydalise?</p></sp>"
"40",40,"Celimene. Ja, und der sich itzt alle ersinnliche
Mühe giebt, mir zu gefallen. Chlorinde, die so lange
schon heimlich für ihn seufzet, kömmt auch.","Celimene. Ja, und der sich itzt alle ersinnliche Mühe giebt, mir zu gefallen. Chlorinde, die so lange schon heimlich für ihn seufzet, kömmt auch.","<sp><speaker>Celimene</speaker><p>Ja, und der sich itzt alle ersinnliche Mühe giebt, mir zu gefallen. Chlorinde, die so lange schon heimlich für ihn seufzet, kömmt auch.</p></sp>"
"41",41,"Finette. Und keines weiß etwas von dem andern?","Finette. Und keines weiß etwas von dem andern?","<sp><speaker>Finette</speaker><p>Und keines weiß etwas von dem andern?</p></sp>"
"42",42,"Celimene. Nein.","Celimene. Nein. [580] ","<sp><speaker>Celimene</speaker><p>Nein. <pb no=""580""/> </p></sp>"
"43",43,"[580] Finette. Nun das wird eine lustige Unterhaltung
seyn. Aber was haben denn ihr Gnaden für Absichten
bey diesen letzteren?","Finette. Nun das wird eine lustige Unterhaltung seyn. Aber was haben denn ihr Gnaden für Absichten bey diesen letzteren?","<sp><speaker>Finette</speaker><p>Nun das wird eine lustige Unterhaltung seyn. Aber was haben denn ihr Gnaden für Absichten bey diesen letzteren?</p></sp>"
"44",44,"Celimene. Ich will mich an ihrer Bestürzung, an
ihrer Verlegenheit weiden, kurz, ich will mich rächen,
triumphiren, und ihnen zeigen, daß ich sie alle verachte.","Celimene. Ich will mich an ihrer Bestürzung, an ihrer Verlegenheit weiden, kurz, ich will mich rächen, triumphiren, und ihnen zeigen, daß ich sie alle verachte.","<sp><speaker>Celimene</speaker><p>Ich will mich an ihrer Bestürzung, an ihrer Verlegenheit weiden, kurz, ich will mich rächen, triumphiren, und ihnen zeigen, daß ich sie alle verachte.</p></sp>"
"45",45,"Finette. Ich höre ein Getöß. Das wird schon jemand
von der Gesellschaft seyn.","Finette. Ich höre ein Getöß. Das wird schon jemand von der Gesellschaft seyn.","<sp><speaker>Finette</speaker><p>Ich höre ein Getöß. Das wird schon jemand von der Gesellschaft seyn.</p></sp>"
"46",46,"Celimene. Nun so geh, ich werde dir schon läuten,
wenn ich dich brauche.","Celimene. Nun so geh, ich werde dir schon läuten, wenn ich dich brauche.","<sp><speaker>Celimene</speaker><p>Nun so geh, ich werde dir schon läuten, wenn ich dich brauche.</p></sp>"
"47",47,"","",""
"48",48,"Zweyter Auftritt.","Zweyter Auftritt.","Zweyter Auftritt."
"49",49,"Zweyter Auftritt.","Zweyter Auftritt.","<div type=""scene""><head>Zweyter Auftritt.<head>"
"50",50,"Chlorinde und Celimene.","Chlorinde und Celimene.","Chlorinde und Celimene."
"51",51,"Chlorinde und Celimene.","Chlorinde und Celimene.","<stage>Chlorinde und Celimene.</stage>"
"52",52,"Celimene. Willkommen meine liebe Fräulein, ha
das ist recht brav, daß sie mir die Ehre erweisen –","Celimene. Willkommen meine liebe Fräulein, ha das ist recht brav, daß sie mir die Ehre erweisen –","<sp><speaker>Celimene</speaker><p>Willkommen meine liebe Fräulein, ha das ist recht brav, daß sie mir die Ehre erweisen –</p></sp>"
"53",53,"Chlorinde. Ihre Dienerin, gnädige Frau. Das
ist ja wieder ein elendes Wetter, es ist als wenn wir
diesen Sommer gar keinen schönen Tag zu sehn kriegen
könnten.","Chlorinde. Ihre Dienerin, gnädige Frau. Das ist ja wieder ein elendes Wetter, es ist als wenn wir diesen Sommer gar keinen schönen Tag zu sehn kriegen könnten.","<sp><speaker>Chlorinde</speaker><p>Ihre Dienerin, gnädige Frau. Das ist ja wieder ein elendes Wetter, es ist als wenn wir diesen Sommer gar keinen schönen Tag zu sehn kriegen könnten.</p></sp>"
"54",54,"Celimene. Ja, es ist immer schlechtes Wetter. Nun
so lassen sie sich nieder. Wie leben sie denn immer?","Celimene. Ja, es ist immer schlechtes Wetter. Nun so lassen sie sich nieder. Wie leben sie denn immer?","<sp><speaker>Celimene</speaker><p>Ja, es ist immer schlechtes Wetter. Nun so lassen sie sich nieder. Wie leben sie denn immer?</p></sp>"
"55",55,"Chlorinde. Es gieng ja noch so mit, wenn nur
das Wetter und die Dienstbothen etwas nutz wären in
Wien. Ich glaube gar nicht, daß es noch einen guten
Dienstboten in der Welt giebt.","Chlorinde. Es gieng ja noch so mit, wenn nur das Wetter und die Dienstbothen etwas nutz wären in Wien. Ich glaube gar nicht, daß es noch einen guten Dienstboten in der Welt giebt.","<sp><speaker>Chlorinde</speaker><p>Es gieng ja noch so mit, wenn nur das Wetter und die Dienstbothen etwas nutz wären in Wien. Ich glaube gar nicht, daß es noch einen guten Dienstboten in der Welt giebt.</p></sp>"
"56",56,"Celimene. Es ist wahr, sie sind rar. Haben sie
Cydalisen lange nicht gesehn?","Celimene. Es ist wahr, sie sind rar. Haben sie Cydalisen lange nicht gesehn?","<sp><speaker>Celimene</speaker><p>Es ist wahr, sie sind rar. Haben sie Cydalisen lange nicht gesehn?</p></sp>"
"57",57,"Chlorinde. O die lächerliche Creatur; die allein in
der Welt schön seyn will, die sich stellt beständig krank
zu seyn, damit man glauben soll, sie würde noch
zehnmal schöner seyn, wenn sie gesund wäre. Das
Mädel weiß sich vor lauter Hochmuth nicht zu lassen.
[581] Sie hat auch geglaubt, sie hat den Damis schon erwischt,
die Närrin die! Aber itzt trägt man sich mit
einer Neuigkeit, meine Aufsetzerin hat mir heute ein
paar Worte davon gesagt, allein – –","Chlorinde. O die lächerliche Creatur; die allein in der Welt schön seyn will, die sich stellt beständig krank zu seyn, damit man glauben soll, sie würde noch zehnmal schöner seyn, wenn sie gesund wäre. Das Mädel weiß sich vor lauter Hochmuth nicht zu lassen. [581] Sie hat auch geglaubt, sie hat den Damis schon erwischt, die Närrin die! Aber itzt trägt man sich mit einer Neuigkeit, meine Aufsetzerin hat mir heute ein paar Worte davon gesagt, allein – –","<sp><speaker>Chlorinde</speaker><p>O die lächerliche Creatur; die allein in der Welt schön seyn will, die sich stellt beständig krank zu seyn, damit man glauben soll, sie würde noch zehnmal schöner seyn, wenn sie gesund wäre. Das Mädel weiß sich vor lauter Hochmuth nicht zu lassen. <pb no=""581""/> Sie hat auch geglaubt, sie hat den Damis schon erwischt, die Närrin die! Aber itzt trägt man sich mit einer Neuigkeit, meine Aufsetzerin hat mir heute ein paar Worte davon gesagt, allein – –</p></sp>"
"58",58,"Celimene. Was ist das für eine Neuigkeit, meine
liebe Chlorinde?","Celimene. Was ist das für eine Neuigkeit, meine liebe Chlorinde?","<sp><speaker>Celimene</speaker><p>Was ist das für eine Neuigkeit, meine liebe Chlorinde?</p></sp>"
"59",59,"Chlorinde. Ich glaube es nicht. Erast hat keinen
so gar elenden Gusto.","Chlorinde. Ich glaube es nicht. Erast hat keinen so gar elenden Gusto.","<sp><speaker>Chlorinde</speaker><p>Ich glaube es nicht. Erast hat keinen so gar elenden Gusto.</p></sp>"
"60",60,"Celimene. O die Liebe ist ein eigensinnig Ding, ich
glaube sicher, daß Erast Cydalisen heyrathen wird.","Celimene. O die Liebe ist ein eigensinnig Ding, ich glaube sicher, daß Erast Cydalisen heyrathen wird.","<sp><speaker>Celimene</speaker><p>O die Liebe ist ein eigensinnig Ding, ich glaube sicher, daß Erast Cydalisen heyrathen wird.</p></sp>"
"61",61,"Chlorinde. Und das sagen sie so ruhig, gnädige
Frau? Ich habe wohl gewußt, daß Erast die Hochachtung
bey weitem nicht verdient, die ihm so viele erzeigt
haben. Der Mensch muß nicht für einen Kreutzer
Verstand haben. Es ist ein elender, dummer – –
An die Cydalise – –","Chlorinde. Und das sagen sie so ruhig, gnädige Frau? Ich habe wohl gewußt, daß Erast die Hochachtung bey weitem nicht verdient, die ihm so viele erzeigt haben. Der Mensch muß nicht für einen Kreutzer Verstand haben. Es ist ein elender, dummer – – An die Cydalise – –","<sp><speaker>Chlorinde</speaker><p>Und das sagen sie so ruhig, gnädige Frau? Ich habe wohl gewußt, daß Erast die Hochachtung bey weitem nicht verdient, die ihm so viele erzeigt haben. Der Mensch muß nicht für einen Kreutzer Verstand haben. Es ist ein elender, dummer – – An die Cydalise – –</p></sp>"
"62",62,"Celimene. Sie ereifern sich. Sollte sich denn Erast
so wenig zu Cydalisen schicken? Hätte es denn Damis
besser mit ihr getroffen?","Celimene. Sie ereifern sich. Sollte sich denn Erast so wenig zu Cydalisen schicken? Hätte es denn Damis besser mit ihr getroffen?","<sp><speaker>Celimene</speaker><p>Sie ereifern sich. Sollte sich denn Erast so wenig zu Cydalisen schicken? Hätte es denn Damis besser mit ihr getroffen?</p></sp>"
"63",63,"Chlorinde. Damis ist ein affectirter Narr, er hat
die Cydalise niemals geliebt. Glauben sie das nicht.
Da muß ein ander Frauenzimmer kommen, das diesen
Flüchtling einmal fest machen soll.","Chlorinde. Damis ist ein affectirter Narr, er hat die Cydalise niemals geliebt. Glauben sie das nicht. Da muß ein ander Frauenzimmer kommen, das diesen Flüchtling einmal fest machen soll.","<sp><speaker>Chlorinde</speaker><p>Damis ist ein affectirter Narr, er hat die Cydalise niemals geliebt. Glauben sie das nicht. Da muß ein ander Frauenzimmer kommen, das diesen Flüchtling einmal fest machen soll.</p></sp>"
"64",64,"Celimene. Kömmt Zeit, kömmt Rath. Was halten
sie davon, ich habe mir vorgenommen, den Damis
beständig zu machen. Er ist itzt nicht von meiner Seiten
zu bringen, und er ist gleichwohl ein Mensch, aus
dem noch etwas zu machen wäre.","Celimene. Kömmt Zeit, kömmt Rath. Was halten sie davon, ich habe mir vorgenommen, den Damis beständig zu machen. Er ist itzt nicht von meiner Seiten zu bringen, und er ist gleichwohl ein Mensch, aus dem noch etwas zu machen wäre.","<sp><speaker>Celimene</speaker><p>Kömmt Zeit, kömmt Rath. Was halten sie davon, ich habe mir vorgenommen, den Damis beständig zu machen. Er ist itzt nicht von meiner Seiten zu bringen, und er ist gleichwohl ein Mensch, aus dem noch etwas zu machen wäre.</p></sp>"
"65",65,"Chlorinde. Ja, sie haben bereits die Probe davon
abgeleget. Erast ist ein beständiger Liebhaber.","Chlorinde. Ja, sie haben bereits die Probe davon abgeleget. Erast ist ein beständiger Liebhaber.","<sp><speaker>Chlorinde</speaker><p>Ja, sie haben bereits die Probe davon abgeleget. Erast ist ein beständiger Liebhaber.</p></sp>"
"66",66,"Celimene. Nun wir wollen es versuchen. Vielleicht
wird Damis meiner Zärtlichkeit dereinst noch würdig.
Ich wundere mich über sie, Fräulein Chlorinde. Sie
sind aber recht glücklich dabey, kein einzig Mannsbild
hat noch Eindruck auf sie gemacht.","Celimene. Nun wir wollen es versuchen. Vielleicht wird Damis meiner Zärtlichkeit dereinst noch würdig. Ich wundere mich über sie, Fräulein Chlorinde. Sie sind aber recht glücklich dabey, kein einzig Mannsbild hat noch Eindruck auf sie gemacht. [582] ","<sp><speaker>Celimene</speaker><p>Nun wir wollen es versuchen. Vielleicht wird Damis meiner Zärtlichkeit dereinst noch würdig. Ich wundere mich über sie, Fräulein Chlorinde. Sie sind aber recht glücklich dabey, kein einzig Mannsbild hat noch Eindruck auf sie gemacht. <pb no=""582""/> </p></sp>"
"67",67,"[582] Chlorinde. Ich fange nicht so leicht Feuer.","Chlorinde. Ich fange nicht so leicht Feuer.","<sp><speaker>Chlorinde</speaker><p>Ich fange nicht so leicht Feuer.</p></sp>"
"68",68,"Celimene. Ich habe vor einiger Zeit einmal geglaubt,
der Damis hätte ihnen ein wenig gefallen, aber ich sehe
wohl, daß ich mich geirret habe. Und ich hätte
doch gedacht – – Lassen wir es gut seyn, man mag nun
sagen was man will, Damis ist doch immer ein belebter
und artiger Mensch.","Celimene. Ich habe vor einiger Zeit einmal geglaubt, der Damis hätte ihnen ein wenig gefallen, aber ich sehe wohl, daß ich mich geirret habe. Und ich hätte doch gedacht – – Lassen wir es gut seyn, man mag nun sagen was man will, Damis ist doch immer ein belebter und artiger Mensch.","<sp><speaker>Celimene</speaker><p>Ich habe vor einiger Zeit einmal geglaubt, der Damis hätte ihnen ein wenig gefallen, aber ich sehe wohl, daß ich mich geirret habe. Und ich hätte doch gedacht – – Lassen wir es gut seyn, man mag nun sagen was man will, Damis ist doch immer ein belebter und artiger Mensch.</p></sp>"
"69",69,"Chlorinde. Diese Lobrede hatte ich nicht vermuthet.
Allein so belebt er auch in ihren Augen seyn mag, so
ist er doch ein gefährlicher Mensch, ein Freygeist, für
den sich jedes Frauenzimmer in Acht nehmen sollte,
die ihre Ehre lieb hat. Wer kömmt denn da? Gott
vergieb mir meine Sünde, das ist ja Cydalise.","Chlorinde. Diese Lobrede hatte ich nicht vermuthet. Allein so belebt er auch in ihren Augen seyn mag, so ist er doch ein gefährlicher Mensch, ein Freygeist, für den sich jedes Frauenzimmer in Acht nehmen sollte, die ihre Ehre lieb hat. Wer kömmt denn da? Gott vergieb mir meine Sünde, das ist ja Cydalise.","<sp><speaker>Chlorinde</speaker><p>Diese Lobrede hatte ich nicht vermuthet. Allein so belebt er auch in ihren Augen seyn mag, so ist er doch ein gefährlicher Mensch, ein Freygeist, für den sich jedes Frauenzimmer in Acht nehmen sollte, die ihre Ehre lieb hat. Wer kömmt denn da? Gott vergieb mir meine Sünde, das ist ja Cydalise.</p></sp>"
"70",70,"","",""
"71",71,"Dritter Auftritt.","Dritter Auftritt.","Dritter Auftritt."
"72",72,"Dritter Auftritt.","Dritter Auftritt.","<div type=""scene""><head>Dritter Auftritt.<head>"
"73",73,"Chlorinde, Celimene, Cydalise.","Chlorinde, Celimene, Cydalise.","Chlorinde, Celimene, Cydalise."
"74",74,"Chlorinde, Celimene, Cydalise.","Chlorinde, Celimene, Cydalise.","<stage>Chlorinde, Celimene, Cydalise.</stage>"
"75",75,"Celimene. Seyn sie tausendmal willkommen, mein
lieber Schatz.","Celimene. Seyn sie tausendmal willkommen, mein lieber Schatz.","<sp><speaker>Celimene</speaker><p>Seyn sie tausendmal willkommen, mein lieber Schatz.</p></sp>"
"76",76,"Chlorinde. O meine englische Cydalise, lassen sie
sich ein Bussel geben, recht lange habe ich sie nicht gesehn.
Sie sind doch immer noch meine liebwertheste
Freundin?","Chlorinde. O meine englische Cydalise, lassen sie sich ein Bussel geben, recht lange habe ich sie nicht gesehn. Sie sind doch immer noch meine liebwertheste Freundin?","<sp><speaker>Chlorinde</speaker><p>O meine englische Cydalise, lassen sie sich ein Bussel geben, recht lange habe ich sie nicht gesehn. Sie sind doch immer noch meine liebwertheste Freundin?</p></sp>"
"77",77,"Cydalise. Auf ihren Befehl, gnädige Frau, habe
ich mir die Freyheit genommen, und ich treffe so unvermuthet
meine liebe Chlorinde an? Ich dachte, Frau
von Celimene, sie – – Ja, in der That, meine
liebe Chlorinde, ich weis mich es bald nicht mehr zu
erinnern, wenn wir uns das letztemahl gesehn haben.
Nicht wahr, ich sehe recht elend aus? Ich kann nicht
sagen, daß ich nur einmal eine rechte gesunde Stunde
hätte.","Cydalise. Auf ihren Befehl, gnädige Frau, habe ich mir die Freyheit genommen, und ich treffe so unvermuthet meine liebe Chlorinde an? Ich dachte, Frau von Celimene, sie – – Ja, in der That, meine liebe Chlorinde, ich weis mich es bald nicht mehr zu erinnern, wenn wir uns das letztemahl gesehn haben. Nicht wahr, ich sehe recht elend aus? Ich kann nicht sagen, daß ich nur einmal eine rechte gesunde Stunde hätte.","<sp><speaker>Cydalise</speaker><p>Auf ihren Befehl, gnädige Frau, habe ich mir die Freyheit genommen, und ich treffe so unvermuthet meine liebe Chlorinde an? Ich dachte, Frau von Celimene, sie – – Ja, in der That, meine liebe Chlorinde, ich weis mich es bald nicht mehr zu erinnern, wenn wir uns das letztemahl gesehn haben. Nicht wahr, ich sehe recht elend aus? Ich kann nicht sagen, daß ich nur einmal eine rechte gesunde Stunde hätte.</p></sp>"
"78",78,"Celimene. Sie blühen ja, wie eine Rose, meine
liebe Cydalise.","Celimene. Sie blühen ja, wie eine Rose, meine liebe Cydalise. [583] ","<sp><speaker>Celimene</speaker><p>Sie blühen ja, wie eine Rose, meine liebe Cydalise. <pb no=""583""/> </p></sp>"
"79",79,"[583] Cydalise. Ach sie foppen mich wieder. Ich bin ja
blaß wie der Tod. Meiner Treu, ich muß doch in einem
recht unglücklichen Zeichen gebohren seyn, daß ich
niemals vollkommen gesund seyn kann.","Cydalise. Ach sie foppen mich wieder. Ich bin ja blaß wie der Tod. Meiner Treu, ich muß doch in einem recht unglücklichen Zeichen gebohren seyn, daß ich niemals vollkommen gesund seyn kann.","<sp><speaker>Cydalise</speaker><p>Ach sie foppen mich wieder. Ich bin ja blaß wie der Tod. Meiner Treu, ich muß doch in einem recht unglücklichen Zeichen gebohren seyn, daß ich niemals vollkommen gesund seyn kann.</p></sp>"
"80",80,"Chlorinde. Sie werden es schon werden, wenn die
Nachrichten richtig sind, mit denen man sich herum
trägt.","Chlorinde. Sie werden es schon werden, wenn die Nachrichten richtig sind, mit denen man sich herum trägt.","<sp><speaker>Chlorinde</speaker><p>Sie werden es schon werden, wenn die Nachrichten richtig sind, mit denen man sich herum trägt.</p></sp>"
"81",81,"Cydalise. Ich mag niemanden Abbruch thun. Den
Damis habe ich niemals leiden können, und Erast ist
schon versehn. Ich mag weder einen gar zu flüchtigen,
noch einen gar zu ernsthaften Menschen. Und überhaupt
preßirt das Heyrathen so sehr nicht bey mir. Ich
habe es schon gesagt, ich mag niemanden betrüben.","Cydalise. Ich mag niemanden Abbruch thun. Den Damis habe ich niemals leiden können, und Erast ist schon versehn. Ich mag weder einen gar zu flüchtigen, noch einen gar zu ernsthaften Menschen. Und überhaupt preßirt das Heyrathen so sehr nicht bey mir. Ich habe es schon gesagt, ich mag niemanden betrüben.","<sp><speaker>Cydalise</speaker><p>Ich mag niemanden Abbruch thun. Den Damis habe ich niemals leiden können, und Erast ist schon versehn. Ich mag weder einen gar zu flüchtigen, noch einen gar zu ernsthaften Menschen. Und überhaupt preßirt das Heyrathen so sehr nicht bey mir. Ich habe es schon gesagt, ich mag niemanden betrüben.</p></sp>"
"82",82,"Celimene. Sie sind sehr großmüthig, meine liebe
Cydalise. Aber fürchten sie sich dafür nicht. Heyrathen
sie ruhig, andere sind eben so großmüthig als sie.","Celimene. Sie sind sehr großmüthig, meine liebe Cydalise. Aber fürchten sie sich dafür nicht. Heyrathen sie ruhig, andere sind eben so großmüthig als sie.","<sp><speaker>Celimene</speaker><p>Sie sind sehr großmüthig, meine liebe Cydalise. Aber fürchten sie sich dafür nicht. Heyrathen sie ruhig, andere sind eben so großmüthig als sie.</p></sp>"
"83",83,"Chlorinde. Ich versichere sie, daß ich es auch bin.
Nur dauret mich der arme Damis, daß er das Glück
nicht hat haben können, ihnen zu gefallen, meine liebe
Cydalise.","Chlorinde. Ich versichere sie, daß ich es auch bin. Nur dauret mich der arme Damis, daß er das Glück nicht hat haben können, ihnen zu gefallen, meine liebe Cydalise.","<sp><speaker>Chlorinde</speaker><p>Ich versichere sie, daß ich es auch bin. Nur dauret mich der arme Damis, daß er das Glück nicht hat haben können, ihnen zu gefallen, meine liebe Cydalise.</p></sp>"
"84",84,"Cydalise. Wenn er nur andern gefällt, und das
scheint mir, so ist er eben nicht sonderlich zu beklagen.","Cydalise. Wenn er nur andern gefällt, und das scheint mir, so ist er eben nicht sonderlich zu beklagen.","<sp><speaker>Cydalise</speaker><p>Wenn er nur andern gefällt, und das scheint mir, so ist er eben nicht sonderlich zu beklagen.</p></sp>"
"85",85,"Chlorinde. Meinen sie so?","Chlorinde. Meinen sie so?","<sp><speaker>Chlorinde</speaker><p>Meinen sie so?</p></sp>"
"86",86,"Cydalise. Ich weiß so nicht, warum er sich an eine
so heßliche und kränkliche Person hat wenden wollen,
wie ich bin, da es doch so viele schöne, reizende und
gesunde Frauenzimmer giebt.","Cydalise. Ich weiß so nicht, warum er sich an eine so heßliche und kränkliche Person hat wenden wollen, wie ich bin, da es doch so viele schöne, reizende und gesunde Frauenzimmer giebt.","<sp><speaker>Cydalise</speaker><p>Ich weiß so nicht, warum er sich an eine so heßliche und kränkliche Person hat wenden wollen, wie ich bin, da es doch so viele schöne, reizende und gesunde Frauenzimmer giebt.</p></sp>"
"87",87,"Chlorinde. Sie haben Recht.","Chlorinde. Sie haben Recht.","<sp><speaker>Chlorinde</speaker><p>Sie haben Recht.</p></sp>"
"88",88,"Cydalise. So habe ich Recht? Ich weiß aber doch
daß es noch schlechtere Gesichter giebt, als meines ist.
Wir könen nicht alle so schön seyn, wie Fräulein Chlorinde.","Cydalise. So habe ich Recht? Ich weiß aber doch daß es noch schlechtere Gesichter giebt, als meines ist. Wir könen nicht alle so schön seyn, wie Fräulein Chlorinde.","<sp><speaker>Cydalise</speaker><p>So habe ich Recht? Ich weiß aber doch daß es noch schlechtere Gesichter giebt, als meines ist. Wir könen nicht alle so schön seyn, wie Fräulein Chlorinde.</p></sp>"
"89",89,"Celimene. Ich bitte, ich bitte, meine Fräulein.
Lassen sie sich Gerechtigkeit wiederfahren, jedes Frauenzimmer
findet ihren Liebhaber, dem sie gefällt.","Celimene. Ich bitte, ich bitte, meine Fräulein. Lassen sie sich Gerechtigkeit wiederfahren, jedes Frauenzimmer findet ihren Liebhaber, dem sie gefällt. [584] ","<sp><speaker>Celimene</speaker><p>Ich bitte, ich bitte, meine Fräulein. Lassen sie sich Gerechtigkeit wiederfahren, jedes Frauenzimmer findet ihren Liebhaber, dem sie gefällt. <pb no=""584""/> </p></sp>"
"90",90,"[584] Chlorinde. Und der sie wieder verläßt. Ich habe
mich noch nicht entschließen können, auf Eroberungen
auszugehn.","Chlorinde. Und der sie wieder verläßt. Ich habe mich noch nicht entschließen können, auf Eroberungen auszugehn.","<sp><speaker>Chlorinde</speaker><p>Und der sie wieder verläßt. Ich habe mich noch nicht entschließen können, auf Eroberungen auszugehn.</p></sp>"
"91",91,"Celimene. Es kömmt ja nur darauf an, daß man
eine ruhige Miene annimmt, so sehr man auch im Herzen
glüht, so ungefähr wie die Prüden. Doch, lassen
sie uns von etwas andern reden. Wissen sie auch, meine
Fräulein, daß ich noch hoffe, ihnen heute zu dero
bevorstehenden Heyrath Glück wünschen zu können?","Celimene. Es kömmt ja nur darauf an, daß man eine ruhige Miene annimmt, so sehr man auch im Herzen glüht, so ungefähr wie die Prüden. Doch, lassen sie uns von etwas andern reden. Wissen sie auch, meine Fräulein, daß ich noch hoffe, ihnen heute zu dero bevorstehenden Heyrath Glück wünschen zu können?","<sp><speaker>Celimene</speaker><p>Es kömmt ja nur darauf an, daß man eine ruhige Miene annimmt, so sehr man auch im Herzen glüht, so ungefähr wie die Prüden. Doch, lassen sie uns von etwas andern reden. Wissen sie auch, meine Fräulein, daß ich noch hoffe, ihnen heute zu dero bevorstehenden Heyrath Glück wünschen zu können?</p></sp>"
"92",92,"Cydalise. Mir? Hm.","Cydalise. Mir? Hm.","<sp><speaker>Cydalise</speaker><p>Mir? Hm.</p></sp>"
"93",93,"Chlorinde. Das wäre gewiß sehr sonderbar.","Chlorinde. Das wäre gewiß sehr sonderbar.","<sp><speaker>Chlorinde</speaker><p>Das wäre gewiß sehr sonderbar.</p></sp>"
"94",94,"Cydalise spöttisch. Vielleicht muß man ihnen dazu
Glück wünschen, gnädige Frau. Der Damis – –","Cydalise spöttisch. Vielleicht muß man ihnen dazu Glück wünschen, gnädige Frau. Der Damis – –","<sp><speaker>Cydalise</speaker><p><stage>spöttisch.</stage> Vielleicht muß man ihnen dazu Glück wünschen, gnädige Frau. Der Damis – –</p></sp>"
"95",95,"","",""
"96",96,"Vierter Auftritt.","Vierter Auftritt.","Vierter Auftritt."
"97",97,"Vierter Auftritt.","Vierter Auftritt.","<div type=""scene""><head>Vierter Auftritt.<head>"
"98",98,"Damis und die vorigen.","Damis und die vorigen.","Damis und die vorigen."
"99",99,"Damis und die vorigen.","Damis und die vorigen.","<stage>Damis und die vorigen.</stage>"
"100",100,"Damis. Ich habe meinen Namen nennen hören –
Ha – Was – – In der That – –","Damis. Ich habe meinen Namen nennen hören – Ha – Was – – In der That – –","<sp><speaker>Damis</speaker><p>Ich habe meinen Namen nennen hören – Ha – Was – – In der That – –</p></sp>"
"101",101,"Celimene. Willkommen Herr Damis! Was fehlt
ihnen?","Celimene. Willkommen Herr Damis! Was fehlt ihnen?","<sp><speaker>Celimene</speaker><p>Willkommen Herr Damis! Was fehlt ihnen?</p></sp>"
"102",102,"Damis. Nichts gnädige Frau. Unterthäniger
Knecht. Fräulein Cydalise, ich bin – – Auch sie
Fräulein Chlorinde?","Damis. Nichts gnädige Frau. Unterthäniger Knecht. Fräulein Cydalise, ich bin – – Auch sie Fräulein Chlorinde?","<sp><speaker>Damis</speaker><p>Nichts gnädige Frau. Unterthäniger Knecht. Fräulein Cydalise, ich bin – – Auch sie Fräulein Chlorinde?</p></sp>"
"103",103,"Cydalise. Das Vergnügen hätte ich nicht vermuthet,
sie heute hier zu sehn, Herr Damis.","Cydalise. Das Vergnügen hätte ich nicht vermuthet, sie heute hier zu sehn, Herr Damis.","<sp><speaker>Cydalise</speaker><p>Das Vergnügen hätte ich nicht vermuthet, sie heute hier zu sehn, Herr Damis.</p></sp>"
"104",104,"Chlorinde. Ich gewiß auch nicht.","Chlorinde. Ich gewiß auch nicht.","<sp><speaker>Chlorinde</speaker><p>Ich gewiß auch nicht.</p></sp>"
"105",105,"Damis. Und ich am allerwenigsten.","Damis. Und ich am allerwenigsten.","<sp><speaker>Damis</speaker><p>Und ich am allerwenigsten.</p></sp>"
"106",106,"Cydalise. Sie haben ja recht gute Gesellschaft Frau
von Celimene. In der That, man muß sie bey ihnen
suchen.","Cydalise. Sie haben ja recht gute Gesellschaft Frau von Celimene. In der That, man muß sie bey ihnen suchen. [585] ","<sp><speaker>Cydalise</speaker><p>Sie haben ja recht gute Gesellschaft Frau von Celimene. In der That, man muß sie bey ihnen suchen. <pb no=""585""/> </p></sp>"
"107",107,"[585] Celimene. Ja, Herr Damis besucht mich von Zeit
zu Zeit. So nehmen sie doch Platz. Kommen sie,
setzen sie sich zu mir.","Celimene. Ja, Herr Damis besucht mich von Zeit zu Zeit. So nehmen sie doch Platz. Kommen sie, setzen sie sich zu mir.","<sp><speaker>Celimene</speaker><p>Ja, Herr Damis besucht mich von Zeit zu Zeit. So nehmen sie doch Platz. Kommen sie, setzen sie sich zu mir.</p></sp>"
"108",108,"Chlorinde. Ich will ihnen Platz machen, Damis,
ich mache gerne Platz.","Chlorinde. Ich will ihnen Platz machen, Damis, ich mache gerne Platz.","<sp><speaker>Chlorinde</speaker><p>Ich will ihnen Platz machen, Damis, ich mache gerne Platz.</p></sp>"
"109",109,"Celimene. Ja, das sieht man an ihrem Gesichte.
Aber wissen sie auch Damis, daß ich prophezeyht habe,
die beyden Fräulein werden noch heute erfahren, wer
ihr Gemahl werden soll?","Celimene. Ja, das sieht man an ihrem Gesichte. Aber wissen sie auch Damis, daß ich prophezeyht habe, die beyden Fräulein werden noch heute erfahren, wer ihr Gemahl werden soll?","<sp><speaker>Celimene</speaker><p>Ja, das sieht man an ihrem Gesichte. Aber wissen sie auch Damis, daß ich prophezeyht habe, die beyden Fräulein werden noch heute erfahren, wer ihr Gemahl werden soll?</p></sp>"
"110",110,"Damis. So?","Damis. So?","<sp><speaker>Damis</speaker><p>So?</p></sp>"
"111",111,"Cydalise. Je nun, es kann bey mir vielleicht seyn,
Erast hat mir versprochen, mich heute noch zu besuchen.
Wenn mir auch Damis die Ehre nicht mehr erweißt –","Cydalise. Je nun, es kann bey mir vielleicht seyn, Erast hat mir versprochen, mich heute noch zu besuchen. Wenn mir auch Damis die Ehre nicht mehr erweißt –","<sp><speaker>Cydalise</speaker><p>Je nun, es kann bey mir vielleicht seyn, Erast hat mir versprochen, mich heute noch zu besuchen. Wenn mir auch Damis die Ehre nicht mehr erweißt –</p></sp>"
"112",112,"Damis. Ach, ich muß doch meine Sprache wieder
finden. Ich habe ihnen sonst fleißig aufgewartet,
Fräulein Cydalise.","Damis. Ach, ich muß doch meine Sprache wieder finden. Ich habe ihnen sonst fleißig aufgewartet, Fräulein Cydalise.","<sp><speaker>Damis</speaker><p>Ach, ich muß doch meine Sprache wieder finden. Ich habe ihnen sonst fleißig aufgewartet, Fräulein Cydalise.</p></sp>"
"113",113,"Cydalise. Ich erinnere mich dessen noch ein wenig.
Warum bin ich nicht so liebenswürdig, als gewisse
andere Personen?","Cydalise. Ich erinnere mich dessen noch ein wenig. Warum bin ich nicht so liebenswürdig, als gewisse andere Personen?","<sp><speaker>Cydalise</speaker><p>Ich erinnere mich dessen noch ein wenig. Warum bin ich nicht so liebenswürdig, als gewisse andere Personen?</p></sp>"
"114",114,"Celimene. Als gewisse andere Personen.","Celimene. Als gewisse andere Personen.","<sp><speaker>Celimene</speaker><p>Als gewisse andere Personen.</p></sp>"
"115",115,"Chlorinde. Als gewisse andere Personen, vortreflich.","Chlorinde. Als gewisse andere Personen, vortreflich.","<sp><speaker>Chlorinde</speaker><p>Als gewisse andere Personen, vortreflich.</p></sp>"
"116",116,"Damis. Alles gut. (zu Celim.) Aber gnädige
Frau, ich kann mich noch nicht recht in die Sache schicken.
Doch ich bin frey, und rede frey. Ich habe
ihnen schon meine Meinung gesagt. Ich verspreche
nicht mehr als ich halten kann. Ich liebe, so lange als
meine Geliebte liebenswürdig bleibt, und ich höre auf
zu lieben, so bald sie es nicht mehr ist. Was wollen
wir uns mit einer Beständigkeit plagen, die jederman
im Munde und keiner im Herzen hat? Darf ich mir
schmeicheln, gnädige Frau, daß ich ihnen unter diesen
Bedingungen aufwarten darf? Ich würde – –","Damis. Alles gut. (zu Celim.) Aber gnädige Frau, ich kann mich noch nicht recht in die Sache schicken. Doch ich bin frey, und rede frey. Ich habe ihnen schon meine Meinung gesagt. Ich verspreche nicht mehr als ich halten kann. Ich liebe, so lange als meine Geliebte liebenswürdig bleibt, und ich höre auf zu lieben, so bald sie es nicht mehr ist. Was wollen wir uns mit einer Beständigkeit plagen, die jederman im Munde und keiner im Herzen hat? Darf ich mir schmeicheln, gnädige Frau, daß ich ihnen unter diesen Bedingungen aufwarten darf? Ich würde – –","<sp><speaker>Damis</speaker><p>Alles gut. (zu Celim.) Aber gnädige Frau, ich kann mich noch nicht recht in die Sache schicken. Doch ich bin frey, und rede frey. Ich habe ihnen schon meine Meinung gesagt. Ich verspreche nicht mehr als ich halten kann. Ich liebe, so lange als meine Geliebte liebenswürdig bleibt, und ich höre auf zu lieben, so bald sie es nicht mehr ist. Was wollen wir uns mit einer Beständigkeit plagen, die jederman im Munde und keiner im Herzen hat? Darf ich mir schmeicheln, gnädige Frau, daß ich ihnen unter diesen Bedingungen aufwarten darf? Ich würde – –</p></sp>"
"117",117,"Celimene. Recht gut mein Herr. Ich bin billig,
ich verlange von den Mannsbildern keine Unmöglichkeiten,
nichts, was wider ihre Gemüthsart und über ihre
Kräfte ist. Die Beständigkeit! Wer hat dies Gespenst
[586] jemals gesehn? Die heftigste Liebe ist ein Platzregen,
der nur eine sehr kurze Zeit dauert.","Celimene. Recht gut mein Herr. Ich bin billig, ich verlange von den Mannsbildern keine Unmöglichkeiten, nichts, was wider ihre Gemüthsart und über ihre Kräfte ist. Die Beständigkeit! Wer hat dies Gespenst [586] jemals gesehn? Die heftigste Liebe ist ein Platzregen, der nur eine sehr kurze Zeit dauert.","<sp><speaker>Celimene</speaker><p>Recht gut mein Herr. Ich bin billig, ich verlange von den Mannsbildern keine Unmöglichkeiten, nichts, was wider ihre Gemüthsart und über ihre Kräfte ist. Die Beständigkeit! Wer hat dies Gespenst <pb no=""586""/> jemals gesehn? Die heftigste Liebe ist ein Platzregen, der nur eine sehr kurze Zeit dauert.</p></sp>"
"118",118,"Chlorinde. Man ist ohne Zweifel sehr glücklich bey
ihrer Gemüthsart, gnädige Frau.","Chlorinde. Man ist ohne Zweifel sehr glücklich bey ihrer Gemüthsart, gnädige Frau.","<sp><speaker>Chlorinde</speaker><p>Man ist ohne Zweifel sehr glücklich bey ihrer Gemüthsart, gnädige Frau.</p></sp>"
"119",119,"Celimene. Ja, meine liebe Fräulein, man ist glücklicher,
wenn man die Welt aus dem Umgange, als
aus den Romanen kennet. Man muß keine Unmöglichkeiten
verlangen. Ich schätze die Aufrichtigkeit in
dem Damis.","Celimene. Ja, meine liebe Fräulein, man ist glücklicher, wenn man die Welt aus dem Umgange, als aus den Romanen kennet. Man muß keine Unmöglichkeiten verlangen. Ich schätze die Aufrichtigkeit in dem Damis.","<sp><speaker>Celimene</speaker><p>Ja, meine liebe Fräulein, man ist glücklicher, wenn man die Welt aus dem Umgange, als aus den Romanen kennet. Man muß keine Unmöglichkeiten verlangen. Ich schätze die Aufrichtigkeit in dem Damis.</p></sp>"
"120",120,"Damis. O lassen sie sich die Hand küssen, gnädige
Frau. Ich verspreche ihnen eine ewige Zärtlichkeit.","Damis. O lassen sie sich die Hand küssen, gnädige Frau. Ich verspreche ihnen eine ewige Zärtlichkeit.","<sp><speaker>Damis</speaker><p>O lassen sie sich die Hand küssen, gnädige Frau. Ich verspreche ihnen eine ewige Zärtlichkeit.</p></sp>"
"121",121,"Cydalise. Ja, eine ewige Zärtlichkeit.","Cydalise. Ja, eine ewige Zärtlichkeit.","<sp><speaker>Cydalise</speaker><p>Ja, eine ewige Zärtlichkeit.</p></sp>"
"122",122,"Chlorinde. Eine ewige Zärtlichkeit. Die schöne Ewigkeit!
Hm.","Chlorinde. Eine ewige Zärtlichkeit. Die schöne Ewigkeit! Hm.","<sp><speaker>Chlorinde</speaker><p>Eine ewige Zärtlichkeit. Die schöne Ewigkeit! Hm.</p></sp>"
"123",123,"Celimene. Sie vergessen sich, Damis. Wenn ich
ihnen nämlich ewig gefalle.","Celimene. Sie vergessen sich, Damis. Wenn ich ihnen nämlich ewig gefalle.","<sp><speaker>Celimene</speaker><p>Sie vergessen sich, Damis. Wenn ich ihnen nämlich ewig gefalle.</p></sp>"
"124",124,"Damis. Ja, so meyne ich es auch. O sie sind eine
Frau von einem unendlichem Geiste.","Damis. Ja, so meyne ich es auch. O sie sind eine Frau von einem unendlichem Geiste.","<sp><speaker>Damis</speaker><p>Ja, so meyne ich es auch. O sie sind eine Frau von einem unendlichem Geiste.</p></sp>"
"125",125,"Celimene. Nun so verspreche ich ihnen denn auch,
sie so lange zu lieben, als sie in meinen Augen Reizungen
haben werden.","Celimene. Nun so verspreche ich ihnen denn auch, sie so lange zu lieben, als sie in meinen Augen Reizungen haben werden.","<sp><speaker>Celimene</speaker><p>Nun so verspreche ich ihnen denn auch, sie so lange zu lieben, als sie in meinen Augen Reizungen haben werden.</p></sp>"
"126",126,"Chlorinde. Allerliebst, scharmant. Ih. Nun
itzt – – Ich habe die Ehre mich zu empfehlen.
Ich glaube, es fängt schon wieder an zu regnen. Es
fällt mir gerade ein – –","Chlorinde. Allerliebst, scharmant. Ih. Nun itzt – – Ich habe die Ehre mich zu empfehlen. Ich glaube, es fängt schon wieder an zu regnen. Es fällt mir gerade ein – –","<sp><speaker>Chlorinde</speaker><p>Allerliebst, scharmant. Ih. Nun itzt – – Ich habe die Ehre mich zu empfehlen. Ich glaube, es fängt schon wieder an zu regnen. Es fällt mir gerade ein – –</p></sp>"
"127",127,"Celimene. O bleiben sie, ich bitte.","Celimene. O bleiben sie, ich bitte.","<sp><speaker>Celimene</speaker><p>O bleiben sie, ich bitte.</p></sp>"
"128",128,"Cydalise. Ich werde sie begleiten Chlorinde, ich bin
nicht gerne beschwerlich. Votre servante Monsieur.","Cydalise. Ich werde sie begleiten Chlorinde, ich bin nicht gerne beschwerlich. Votre servante Monsieur.","<sp><speaker>Cydalise</speaker><p>Ich werde sie begleiten Chlorinde, ich bin nicht gerne beschwerlich. Votre servante Monsieur.</p></sp>"
"129",129,"Celimene. Ich bitte.","Celimene. Ich bitte. [587]","<sp><speaker>Celimene</speaker><p>Ich bitte. <pb no=""587""/></p></sp>"
"130",130,"","",""
"131",131,"[587]","",""
"132",132,"Fünfter Auftritt.","Fünfter Auftritt.","Fünfter Auftritt."
"133",133,"Fünfter Auftritt.","Fünfter Auftritt.","<div type=""scene""><head>Fünfter Auftritt.<head>"
"134",134,"Die vorigen und Erast.","Die vorigen und Erast.","Die vorigen und Erast."
"135",135,"Die vorigen und Erast.","Die vorigen und Erast.","<stage>Die vorigen und Erast.</stage>"
"136",136,"Erast. O Gott! was sehe ich? Ich – ha –
habe – –","Erast. O Gott! was sehe ich? Ich – ha – habe – –","<sp><speaker>Erast</speaker><p>O Gott! was sehe ich? Ich – ha – habe – –</p></sp>"
"137",137,"Celimene. Kommen sie Erast? Nun das freut
mich.","Celimene. Kommen sie Erast? Nun das freut mich.","<sp><speaker>Celimene</speaker><p>Kommen sie Erast? Nun das freut mich.</p></sp>"
"138",138,"Cydalise. Ihre Dienerin, Erast. Nun das ist brav.
Ich hätte nicht gedacht, daß wir uns hier finden sollten.","Cydalise. Ihre Dienerin, Erast. Nun das ist brav. Ich hätte nicht gedacht, daß wir uns hier finden sollten.","<sp><speaker>Cydalise</speaker><p>Ihre Dienerin, Erast. Nun das ist brav. Ich hätte nicht gedacht, daß wir uns hier finden sollten.</p></sp>"
"139",139,"Chlorinde. Das ist doch curios. Erast, ihre unterthänige
Dienerin. Fräulein Cydalise, soll ich gratuliren?","Chlorinde. Das ist doch curios. Erast, ihre unterthänige Dienerin. Fräulein Cydalise, soll ich gratuliren?","<sp><speaker>Chlorinde</speaker><p>Das ist doch curios. Erast, ihre unterthänige Dienerin. Fräulein Cydalise, soll ich gratuliren?</p></sp>"
"140",140,"Damis. Grüß dich der Himmel, Bruder. Was
Teufel, was fehlt dir?","Damis. Grüß dich der Himmel, Bruder. Was Teufel, was fehlt dir?","<sp><speaker>Damis</speaker><p>Grüß dich der Himmel, Bruder. Was Teufel, was fehlt dir?</p></sp>"
"141",141,"Erast. Ich, ich möchte mir den Kopf entzwey schlagen,
das ist – Ha! – –","Erast. Ich, ich möchte mir den Kopf entzwey schlagen, das ist – Ha! – –","<sp><speaker>Erast</speaker><p>Ich, ich möchte mir den Kopf entzwey schlagen, das ist – Ha! – –</p></sp>"
"142",142,"Cydalise. Was ist das für ein Betragen, Erast?
Kommen sie, an meine Seite setzen sie sich. Recht unvermuthet.
In Wahrheit. Nu warum setzen sie sich
nicht?","Cydalise. Was ist das für ein Betragen, Erast? Kommen sie, an meine Seite setzen sie sich. Recht unvermuthet. In Wahrheit. Nu warum setzen sie sich nicht?","<sp><speaker>Cydalise</speaker><p>Was ist das für ein Betragen, Erast? Kommen sie, an meine Seite setzen sie sich. Recht unvermuthet. In Wahrheit. Nu warum setzen sie sich nicht?</p></sp>"
"143",143,"Celimene. O setzen sie sich, Erast. Das ist sehr
unhöflich. Sehen sie denn Fräulein Cydalisen nicht?","Celimene. O setzen sie sich, Erast. Das ist sehr unhöflich. Sehen sie denn Fräulein Cydalisen nicht?","<sp><speaker>Celimene</speaker><p>O setzen sie sich, Erast. Das ist sehr unhöflich. Sehen sie denn Fräulein Cydalisen nicht?</p></sp>"
"144",144,"Erast. Gnädige Frau, (ich möchte des Henkers werden.)","Erast. Gnädige Frau, (ich möchte des Henkers werden.)","<sp><speaker>Erast</speaker><p>Gnädige Frau, (ich möchte des Henkers werden.)</p></sp>"
"145",145,"Celimene nimmt ihn, und führt ihn zu Cydalisen.
So setzen sie sich doch! man erwartet sie. Sie
haben ja sonst Lebensart gehabt.","Celimene nimmt ihn, und führt ihn zu Cydalisen. So setzen sie sich doch! man erwartet sie. Sie haben ja sonst Lebensart gehabt.","<sp><speaker>Celimene</speaker><p><stage>nimmt ihn, und führt ihn zu Cydalisen.</stage> So setzen sie sich doch! man erwartet sie. Sie haben ja sonst Lebensart gehabt.</p></sp>"
"146",146,"Erast in der größten Verwirrung, setzt sich. Fräulein
Cydalise – –","Erast in der größten Verwirrung, setzt sich. Fräulein Cydalise – –","<sp><speaker>Erast</speaker><p><stage>in der größten Verwirrung, setzt sich.</stage> Fräulein Cydalise – –</p></sp>"
"147",147,"Damis. Was Teufel, was ist dir denn, Erast?","Damis. Was Teufel, was ist dir denn, Erast?","<sp><speaker>Damis</speaker><p>Was Teufel, was ist dir denn, Erast?</p></sp>"
"148",148,"Erast. Das ist ein blutiger Streich, gnädige Frau.","Erast. Das ist ein blutiger Streich, gnädige Frau. [588] ","<sp><speaker>Erast</speaker><p>Das ist ein blutiger Streich, gnädige Frau. <pb no=""588""/> </p></sp>"
"149",149,"[588] Celimene. Warum? weil man ihr Vergnügen befördert?
Ich habe mir deswegen ein recht verbindliches
Compliment von ihnen versprochen. (Welcher Triumph
für dein gekränktes Herz, Celimene!)","Celimene. Warum? weil man ihr Vergnügen befördert? Ich habe mir deswegen ein recht verbindliches Compliment von ihnen versprochen. (Welcher Triumph für dein gekränktes Herz, Celimene!)","<sp><speaker>Celimene</speaker><p>Warum? weil man ihr Vergnügen befördert? Ich habe mir deswegen ein recht verbindliches Compliment von ihnen versprochen. (Welcher Triumph für dein gekränktes Herz, Celimene!)</p></sp>"
"150",150,"","",""
"151",151,"Sechster Auftritt.","Sechster Auftritt.","Sechster Auftritt."
"152",152,"Sechster Auftritt.","Sechster Auftritt.","<div type=""scene""><head>Sechster Auftritt.<head>"
"153",153,"Ein Bedienter und die vorigen.","Ein Bedienter und die vorigen.","Ein Bedienter und die vorigen."
"154",154,"Ein Bedienter und die vorigen.","Ein Bedienter und die vorigen.","<stage>Ein Bedienter und die vorigen.</stage>"
"155",155,"Bediente zu Celimenen. Ihr Gnaden, es ist der
Laquey von der Hofräthin da, und hat eine Post an
ihr Gnaden.","Bediente zu Celimenen. Ihr Gnaden, es ist der Laquey von der Hofräthin da, und hat eine Post an ihr Gnaden.","<sp><speaker>Bediente</speaker><p><stage>zu Celimenen.</stage> Ihr Gnaden, es ist der Laquey von der Hofräthin da, und hat eine Post an ihr Gnaden.</p></sp>"
"156",156,"Celimene. Ich bitte unterthänig, bleiben sie, meine
lieben Fräulein, ich werde gleich wieder aufwarten.","Celimene. Ich bitte unterthänig, bleiben sie, meine lieben Fräulein, ich werde gleich wieder aufwarten.","<sp><speaker>Celimene</speaker><p>Ich bitte unterthänig, bleiben sie, meine lieben Fräulein, ich werde gleich wieder aufwarten.</p></sp>"
"157",157,"","",""
"158",158,"Siebenter Auftritt.","Siebenter Auftritt.","Siebenter Auftritt."
"159",159,"Siebenter Auftritt.","Siebenter Auftritt.","<div type=""scene""><head>Siebenter Auftritt.<head>"
"160",160,"Cydalise, Damis, Chlorinde und Erast.","Cydalise, Damis, Chlorinde und Erast.","Cydalise, Damis, Chlorinde und Erast."
"161",161,"Cydalise, Damis, Chlorinde und Erast.","Cydalise, Damis, Chlorinde und Erast.","<stage>Cydalise, Damis, Chlorinde und Erast.</stage>"
"162",162,"Chlorinde. A propos, Herr Erast! Herr Damis
ist ein Bräutigam.","Chlorinde. A propos, Herr Erast! Herr Damis ist ein Bräutigam.","<sp><speaker>Chlorinde</speaker><p>A propos, Herr Erast! Herr Damis ist ein Bräutigam.</p></sp>"
"163",163,"Erast. So?","Erast. So?","<sp><speaker>Erast</speaker><p>So?</p></sp>"
"164",164,"Chlorinde. Ja, und zwar mit der Frau von Celimene.","Chlorinde. Ja, und zwar mit der Frau von Celimene.","<sp><speaker>Chlorinde</speaker><p>Ja, und zwar mit der Frau von Celimene.</p></sp>"
"165",165,"Erast. Was?","Erast. Was?","<sp><speaker>Erast</speaker><p>Was?</p></sp>"
"166",166,"Chlorinde. So kommen sie doch zu sich selber.","Chlorinde. So kommen sie doch zu sich selber.","<sp><speaker>Chlorinde</speaker><p>So kommen sie doch zu sich selber.</p></sp>"
"167",167,"Erast. Ja.","Erast. Ja.","<sp><speaker>Erast</speaker><p>Ja.</p></sp>"
"168",168,"Cydalise. Erast ist heute recht liebenswürdig, in
Wahrheit zum Küssen. Was träumen sie denn ewig,
hören sie doch Erast?","Cydalise. Erast ist heute recht liebenswürdig, in Wahrheit zum Küssen. Was träumen sie denn ewig, hören sie doch Erast? [589] ","<sp><speaker>Cydalise</speaker><p>Erast ist heute recht liebenswürdig, in Wahrheit zum Küssen. Was träumen sie denn ewig, hören sie doch Erast? <pb no=""589""/> </p></sp>"
"169",169,"[589] Erast. Ja doch, gnädige Frau.","Erast. Ja doch, gnädige Frau.","<sp><speaker>Erast</speaker><p>Ja doch, gnädige Frau.</p></sp>"
"170",170,"Cydalise. Recht allerliebst. Gnädige Frau! Wissen
sie auch, daß ich nach Hause gehe? Der Kopf thut mir
schon wieder so weh, so weh – – Erast sie begleiten
mich, kommen sie.","Cydalise. Recht allerliebst. Gnädige Frau! Wissen sie auch, daß ich nach Hause gehe? Der Kopf thut mir schon wieder so weh, so weh – – Erast sie begleiten mich, kommen sie.","<sp><speaker>Cydalise</speaker><p>Recht allerliebst. Gnädige Frau! Wissen sie auch, daß ich nach Hause gehe? Der Kopf thut mir schon wieder so weh, so weh – – Erast sie begleiten mich, kommen sie.</p></sp>"
"171",171,"Erast. Ist es wahr, Damis? Geh, du bist ein
Narr.","Erast. Ist es wahr, Damis? Geh, du bist ein Narr.","<sp><speaker>Erast</speaker><p>Ist es wahr, Damis? Geh, du bist ein Narr.</p></sp>"
"172",172,"Damis. Hat sich wohl. Als wenn ich nicht eben
so gut heyrathen könnte als du. Die ewige Liebe fällt
in den Brunnen.","Damis. Hat sich wohl. Als wenn ich nicht eben so gut heyrathen könnte als du. Die ewige Liebe fällt in den Brunnen.","<sp><speaker>Damis</speaker><p>Hat sich wohl. Als wenn ich nicht eben so gut heyrathen könnte als du. Die ewige Liebe fällt in den Brunnen.</p></sp>"
"173",173,"Cydalise. He, Erast! erwachen sie. So kommen
sie doch, ich bleibe keinen Augenblick länger.","Cydalise. He, Erast! erwachen sie. So kommen sie doch, ich bleibe keinen Augenblick länger.","<sp><speaker>Cydalise</speaker><p>He, Erast! erwachen sie. So kommen sie doch, ich bleibe keinen Augenblick länger.</p></sp>"
"174",174,"Chlorinde. Was das für eine Rolle ist, die man
hier spielt. Ich gehe mit ihnen, Cydalise. Damis, sie
lieben sehr vernünftig.","Chlorinde. Was das für eine Rolle ist, die man hier spielt. Ich gehe mit ihnen, Cydalise. Damis, sie lieben sehr vernünftig.","<sp><speaker>Chlorinde</speaker><p>Was das für eine Rolle ist, die man hier spielt. Ich gehe mit ihnen, Cydalise. Damis, sie lieben sehr vernünftig.</p></sp>"
"175",175,"Damis. Ich freue mich, wenn ich ihren Beyfall habe.","Damis. Ich freue mich, wenn ich ihren Beyfall habe.","<sp><speaker>Damis</speaker><p>Ich freue mich, wenn ich ihren Beyfall habe.</p></sp>"
"176",176,"","",""
"177",177,"Achter Auftritt.","Achter Auftritt.","Achter Auftritt."
"178",178,"Achter Auftritt.","Achter Auftritt.","<div type=""scene""><head>Achter Auftritt.<head>"
"179",179,"Celimene und die vorigen.","Celimene und die vorigen.","Celimene und die vorigen."
"180",180,"Celimene und die vorigen.","Celimene und die vorigen.","<stage>Celimene und die vorigen.</stage>"
"181",181,"Celimene. Ich bitte um Vergebung, meine Fräulein.
Nun so lassen sie uns denn miteinander plaudern.
Damis, sie sind ja sonst ein fruchtbarer Kopf. Erzählen
sie uns doch etwas.","Celimene. Ich bitte um Vergebung, meine Fräulein. Nun so lassen sie uns denn miteinander plaudern. Damis, sie sind ja sonst ein fruchtbarer Kopf. Erzählen sie uns doch etwas.","<sp><speaker>Celimene</speaker><p>Ich bitte um Vergebung, meine Fräulein. Nun so lassen sie uns denn miteinander plaudern. Damis, sie sind ja sonst ein fruchtbarer Kopf. Erzählen sie uns doch etwas.</p></sp>"
"182",182,"Cydalise. Ich bitte um Vergebung, ich muß nach
Hause, ich danke ihnen für die Ehre, die sie mir haben
erzeigen wollen. Die Ehre war recht groß, recht groß.
Kommen sie, Erast.","Cydalise. Ich bitte um Vergebung, ich muß nach Hause, ich danke ihnen für die Ehre, die sie mir haben erzeigen wollen. Die Ehre war recht groß, recht groß. Kommen sie, Erast.","<sp><speaker>Cydalise</speaker><p>Ich bitte um Vergebung, ich muß nach Hause, ich danke ihnen für die Ehre, die sie mir haben erzeigen wollen. Die Ehre war recht groß, recht groß. Kommen sie, Erast.</p></sp>"
"183",183,"Celimene. O so verweilen sie doch nur noch ein
wenig.","Celimene. O so verweilen sie doch nur noch ein wenig.","<sp><speaker>Celimene</speaker><p>O so verweilen sie doch nur noch ein wenig.</p></sp>"
"184",184,"Cydalise. Keinen Augenblick länger. Hören sie doch
Erast, so kommen sie. Sind sie denn unbeweglich auf
ihrem Sessel?","Cydalise. Keinen Augenblick länger. Hören sie doch Erast, so kommen sie. Sind sie denn unbeweglich auf ihrem Sessel? [590] ","<sp><speaker>Cydalise</speaker><p>Keinen Augenblick länger. Hören sie doch Erast, so kommen sie. Sind sie denn unbeweglich auf ihrem Sessel? <pb no=""590""/> </p></sp>"
"185",185,"[590] Erast. Ich bitte, gnädige Fräulein, nur noch – –
O ich bin außer mir.","Erast. Ich bitte, gnädige Fräulein, nur noch – – O ich bin außer mir.","<sp><speaker>Erast</speaker><p>Ich bitte, gnädige Fräulein, nur noch – – O ich bin außer mir.</p></sp>"
"186",186,"Celimene. Nun, da Fräulein Cydalise denn gar
nicht zu halten ist, warum bleiben sie denn sitzen,
Erast? Nach Hause sollen sie ihre Geliebte begleiten.","Celimene. Nun, da Fräulein Cydalise denn gar nicht zu halten ist, warum bleiben sie denn sitzen, Erast? Nach Hause sollen sie ihre Geliebte begleiten.","<sp><speaker>Celimene</speaker><p>Nun, da Fräulein Cydalise denn gar nicht zu halten ist, warum bleiben sie denn sitzen, Erast? Nach Hause sollen sie ihre Geliebte begleiten.</p></sp>"
"187",187,"Erast. Auf ein Wort, gnädige Frau.","Erast. Auf ein Wort, gnädige Frau.","<sp><speaker>Erast</speaker><p>Auf ein Wort, gnädige Frau.</p></sp>"
"188",188,"Celimene. Was können sie mir zu sagen haben?","Celimene. Was können sie mir zu sagen haben?","<sp><speaker>Celimene</speaker><p>Was können sie mir zu sagen haben?</p></sp>"
"189",189,"Cydalise. Ich frage sie Erast, ob sie gehen wollen
oder nicht? Der Kopf möchte mir zerspringen vor lauter
Kopfweh. Erast.","Cydalise. Ich frage sie Erast, ob sie gehen wollen oder nicht? Der Kopf möchte mir zerspringen vor lauter Kopfweh. Erast.","<sp><speaker>Cydalise</speaker><p>Ich frage sie Erast, ob sie gehen wollen oder nicht? Der Kopf möchte mir zerspringen vor lauter Kopfweh. Erast.</p></sp>"
"190",190,"Erast. Ja, gnädige Fräulein. (steht auf, und setzt sich wieder nieder.)","Erast. Ja, gnädige Fräulein. (steht auf, und setzt sich wieder nieder.)","<sp><speaker>Erast</speaker><p>Ja, gnädige Fräulein. (steht auf, und setzt sich wieder nieder.)</p></sp>"
"191",191,"Cydalise. Was pflanzen sie sich denn wieder hin?
Ob sie mit gehn?","Cydalise. Was pflanzen sie sich denn wieder hin? Ob sie mit gehn?","<sp><speaker>Cydalise</speaker><p>Was pflanzen sie sich denn wieder hin? Ob sie mit gehn?</p></sp>"
"192",192,"Erast nach einigem Nachdenken. Nein.","Erast nach einigem Nachdenken. Nein.","<sp><speaker>Erast</speaker><p><stage>nach einigem Nachdenken.</stage> Nein.</p></sp>"
"193",193,"Cydalise. Sie sind ein Dummkopf, ein Betrüger.
Kommen sie Chlorinde. (ab.)","Cydalise. Sie sind ein Dummkopf, ein Betrüger. Kommen sie Chlorinde. (ab.)","<sp><speaker>Cydalise</speaker><p>Sie sind ein Dummkopf, ein Betrüger. Kommen sie Chlorinde. (ab.)</p></sp>"
"194",194,"Chlorinde. Ich habe Ursache, mich für die Ehre zu
bedanken, die sie mir in ihrem Hause erwiesen haben,
Frau von Celimene. Es regnet doch nicht etwan? Ich
werde das Kapitel von den Coquetten zu Hause durchlesen. (ab.)","Chlorinde. Ich habe Ursache, mich für die Ehre zu bedanken, die sie mir in ihrem Hause erwiesen haben, Frau von Celimene. Es regnet doch nicht etwan? Ich werde das Kapitel von den Coquetten zu Hause durchlesen. (ab.)","<sp><speaker>Chlorinde</speaker><p>Ich habe Ursache, mich für die Ehre zu bedanken, die sie mir in ihrem Hause erwiesen haben, Frau von Celimene. Es regnet doch nicht etwan? Ich werde das Kapitel von den Coquetten zu Hause durchlesen. (ab.)</p></sp>"
"195",195,"Celimene. Auch das von den Prüden, wenn ich
bitten darf.","Celimene. Auch das von den Prüden, wenn ich bitten darf.","<sp><speaker>Celimene</speaker><p>Auch das von den Prüden, wenn ich bitten darf.</p></sp>"
"196",196,"","",""
"197",197,"Neunter Auftritt.","Neunter Auftritt.","Neunter Auftritt."
"198",198,"Neunter Auftritt.","Neunter Auftritt.","<div type=""scene""><head>Neunter Auftritt.<head>"
"199",199,"Cydalise [Korrektur: Celimene], Erast, Damis.","Cydalise [Korrektur: Celimene], Erast, Damis.","Cydalise [Korrektur: Celimene], Erast, Damis."
"200",200,"Cydalise [Korrektur: Celimene], Erast, Damis.","Cydalise [Korrektur: Celimene], Erast, Damis.","<stage>Cydalise [Korrektur: Celimene], Erast, Damis.</stage>"
"201",201,"Celimene. Wie gefiel ihnen dieser Auftritt, Herr
Damis?","Celimene. Wie gefiel ihnen dieser Auftritt, Herr Damis?","<sp><speaker>Celimene</speaker><p>Wie gefiel ihnen dieser Auftritt, Herr Damis?</p></sp>"
"202",202,"Damis. Unvergleichlich, ihr Gnaden. Erast, was
Henker! du siehst aus, als wenn du verrückt wärest?
Du wirst den Teufel kriegen, wenn du zu Cydalisen
kömmst. Schau doch, was wir für einen Wechsel getroffen
[591] haben; ich machte Anfangs meine Aufwartung
der Cydalise, und du der gnädigen Frau da. Itzt wird
die Fräulein Cydalise deine Gemahlin, und die gnädige
Frau meine. Ich bin mit dem Tausch zufrieden.","Damis. Unvergleichlich, ihr Gnaden. Erast, was Henker! du siehst aus, als wenn du verrückt wärest? Du wirst den Teufel kriegen, wenn du zu Cydalisen kömmst. Schau doch, was wir für einen Wechsel getroffen [591] haben; ich machte Anfangs meine Aufwartung der Cydalise, und du der gnädigen Frau da. Itzt wird die Fräulein Cydalise deine Gemahlin, und die gnädige Frau meine. Ich bin mit dem Tausch zufrieden.","<sp><speaker>Damis</speaker><p>Unvergleichlich, ihr Gnaden. Erast, was Henker! du siehst aus, als wenn du verrückt wärest? Du wirst den Teufel kriegen, wenn du zu Cydalisen kömmst. Schau doch, was wir für einen Wechsel getroffen <pb no=""591""/> haben; ich machte Anfangs meine Aufwartung der Cydalise, und du der gnädigen Frau da. Itzt wird die Fräulein Cydalise deine Gemahlin, und die gnädige Frau meine. Ich bin mit dem Tausch zufrieden.</p></sp>"
"203",203,"Erast. Reißen sie mich aus meiner Unruhe, gnädige
Frau! ist es wahr, daß sie – –","Erast. Reißen sie mich aus meiner Unruhe, gnädige Frau! ist es wahr, daß sie – –","<sp><speaker>Erast</speaker><p>Reißen sie mich aus meiner Unruhe, gnädige Frau! ist es wahr, daß sie – –</p></sp>"
"204",204,"Celimene. Warum nicht, mein Herr? Was zweifeln
sie?","Celimene. Warum nicht, mein Herr? Was zweifeln sie?","<sp><speaker>Celimene</speaker><p>Warum nicht, mein Herr? Was zweifeln sie?</p></sp>"
"205",205,"Erast. Dem Damis wollen sie ihre Hand geben?","Erast. Dem Damis wollen sie ihre Hand geben?","<sp><speaker>Erast</speaker><p>Dem Damis wollen sie ihre Hand geben?</p></sp>"
"206",206,"Celimene. Ja Erast, und ich hoffe glücklich mit
ihm zu seyn. Lassen sie uns unsere Vermählung mit einander
begehen, heyrathen sie ihre Cydalise.","Celimene. Ja Erast, und ich hoffe glücklich mit ihm zu seyn. Lassen sie uns unsere Vermählung mit einander begehen, heyrathen sie ihre Cydalise.","<sp><speaker>Celimene</speaker><p>Ja Erast, und ich hoffe glücklich mit ihm zu seyn. Lassen sie uns unsere Vermählung mit einander begehen, heyrathen sie ihre Cydalise.</p></sp>"
"207",207,"Erast. Die Decke fällt mir von den Augen, sie sind
meiner unwürdig. Itzt erkenne ich es, und das muß
mich trösten.","Erast. Die Decke fällt mir von den Augen, sie sind meiner unwürdig. Itzt erkenne ich es, und das muß mich trösten.","<sp><speaker>Erast</speaker><p>Die Decke fällt mir von den Augen, sie sind meiner unwürdig. Itzt erkenne ich es, und das muß mich trösten.</p></sp>"
"208",208,"Celimene. Das wußte ich ja, nur Cydalise ist ihrer
würdig.","Celimene. Das wußte ich ja, nur Cydalise ist ihrer würdig.","<sp><speaker>Celimene</speaker><p>Das wußte ich ja, nur Cydalise ist ihrer würdig.</p></sp>"
"209",209,"Erast. Ihr Spott ist Gift.","Erast. Ihr Spott ist Gift.","<sp><speaker>Erast</speaker><p>Ihr Spott ist Gift.</p></sp>"
"210",210,"Celimene. Nein, mein lieber Erast, was hätten
sie mit mir machen sollen? ich schätze die traurige Vernunft,
ich will in meinem Gemahle meinen besten Gesellschafter,
meinen besten Freund sehn. Meine Reizungen
fangen an zu verblühen. Sie sind ein Mann,
so wie sie alle sind, das heißt sinnlich. Sie wollen das
lieben, was in die Augen fällt; Cydalise hat würklich
ein schönes Gesicht. Geben sie Cydalisen ihre Hand.
Wir würden nur alle beyde unglücklich mit einander gewesen
seyn.","Celimene. Nein, mein lieber Erast, was hätten sie mit mir machen sollen? ich schätze die traurige Vernunft, ich will in meinem Gemahle meinen besten Gesellschafter, meinen besten Freund sehn. Meine Reizungen fangen an zu verblühen. Sie sind ein Mann, so wie sie alle sind, das heißt sinnlich. Sie wollen das lieben, was in die Augen fällt; Cydalise hat würklich ein schönes Gesicht. Geben sie Cydalisen ihre Hand. Wir würden nur alle beyde unglücklich mit einander gewesen seyn.","<sp><speaker>Celimene</speaker><p>Nein, mein lieber Erast, was hätten sie mit mir machen sollen? ich schätze die traurige Vernunft, ich will in meinem Gemahle meinen besten Gesellschafter, meinen besten Freund sehn. Meine Reizungen fangen an zu verblühen. Sie sind ein Mann, so wie sie alle sind, das heißt sinnlich. Sie wollen das lieben, was in die Augen fällt; Cydalise hat würklich ein schönes Gesicht. Geben sie Cydalisen ihre Hand. Wir würden nur alle beyde unglücklich mit einander gewesen seyn.</p></sp>"
"211",211,"Erast. Gnädige Frau, sehn sie mich zu ihren Füßen,
ich weiß es, daß sie mich einmal geliebt haben.
Sollte alle Zärtlichkeit gegen mich auf einmal aus ihrem
göttlichen Herzen verschwunden seyn? Vergeben
sie mir mein Verbrechen, es war eine Verirrung meiner
Vernunft. Mein Oheim, den ich schonen muß,
befahl mir bey dem Verluste seiner Gewogenheit, Cydalisen
einige Besuche zu machen. Ich wäre der unglückseligste
[592] Mann mit Cydalisen geworden. O gnädige
Frau – –","Erast. Gnädige Frau, sehn sie mich zu ihren Füßen, ich weiß es, daß sie mich einmal geliebt haben. Sollte alle Zärtlichkeit gegen mich auf einmal aus ihrem göttlichen Herzen verschwunden seyn? Vergeben sie mir mein Verbrechen, es war eine Verirrung meiner Vernunft. Mein Oheim, den ich schonen muß, befahl mir bey dem Verluste seiner Gewogenheit, Cydalisen einige Besuche zu machen. Ich wäre der unglückseligste [592] Mann mit Cydalisen geworden. O gnädige Frau – –","<sp><speaker>Erast</speaker><p>Gnädige Frau, sehn sie mich zu ihren Füßen, ich weiß es, daß sie mich einmal geliebt haben. Sollte alle Zärtlichkeit gegen mich auf einmal aus ihrem göttlichen Herzen verschwunden seyn? Vergeben sie mir mein Verbrechen, es war eine Verirrung meiner Vernunft. Mein Oheim, den ich schonen muß, befahl mir bey dem Verluste seiner Gewogenheit, Cydalisen einige Besuche zu machen. Ich wäre der unglückseligste <pb no=""592""/> Mann mit Cydalisen geworden. O gnädige Frau – –</p></sp>"
"212",212,"Celimene. Stehn sie auf Erast, ich mag sie nicht
in dieser Stellung sehn.","Celimene. Stehn sie auf Erast, ich mag sie nicht in dieser Stellung sehn.","<sp><speaker>Celimene</speaker><p>Stehn sie auf Erast, ich mag sie nicht in dieser Stellung sehn.</p></sp>"
"213",213,"Erast. Nicht eher, nicht eher gnädige Frau, als
bis ich Vergebung von ihnen erhalten habe, bis sie mir
versprechen, daß sie meine Gemahlin werden wollen.","Erast. Nicht eher, nicht eher gnädige Frau, als bis ich Vergebung von ihnen erhalten habe, bis sie mir versprechen, daß sie meine Gemahlin werden wollen.","<sp><speaker>Erast</speaker><p>Nicht eher, nicht eher gnädige Frau, als bis ich Vergebung von ihnen erhalten habe, bis sie mir versprechen, daß sie meine Gemahlin werden wollen.</p></sp>"
"214",214,"Celimene. Stehn sie auf Erast, ich fühle daß ich
sie noch liebe, und daß sie meiner Liebe nicht ganz unwürdig
sind. Sie sind sonst so ein edelmüthiger Mann,
kann denn keine einzige Mannsperson zu allen Zeiten edelmüthig
handeln? Hier haben sie meine Hand, und wenn
sie nicht glücklich mit mir sind, so ist es der Fehler
ihres Herzens.","Celimene. Stehn sie auf Erast, ich fühle daß ich sie noch liebe, und daß sie meiner Liebe nicht ganz unwürdig sind. Sie sind sonst so ein edelmüthiger Mann, kann denn keine einzige Mannsperson zu allen Zeiten edelmüthig handeln? Hier haben sie meine Hand, und wenn sie nicht glücklich mit mir sind, so ist es der Fehler ihres Herzens.","<sp><speaker>Celimene</speaker><p>Stehn sie auf Erast, ich fühle daß ich sie noch liebe, und daß sie meiner Liebe nicht ganz unwürdig sind. Sie sind sonst so ein edelmüthiger Mann, kann denn keine einzige Mannsperson zu allen Zeiten edelmüthig handeln? Hier haben sie meine Hand, und wenn sie nicht glücklich mit mir sind, so ist es der Fehler ihres Herzens.</p></sp>"
"215",215,"Erast. O gnädige Frau, wie sehr entzücken sie mich!
Gott, in was für einem Irthume war ich! Eine elende
affectirte Närrin! Cydalise. O ich sterbe vor
Scham.","Erast. O gnädige Frau, wie sehr entzücken sie mich! Gott, in was für einem Irthume war ich! Eine elende affectirte Närrin! Cydalise. O ich sterbe vor Scham.","<sp><speaker>Erast</speaker><p>O gnädige Frau, wie sehr entzücken sie mich! Gott, in was für einem Irthume war ich! Eine elende affectirte Närrin! Cydalise. O ich sterbe vor Scham.</p></sp>"
"216",216,"Damis. So tauschen wir schon wieder? Gnädige
Frau, ich sehe, man darf auf ihr Wort auch keinen
Staat machen.","Damis. So tauschen wir schon wieder? Gnädige Frau, ich sehe, man darf auf ihr Wort auch keinen Staat machen.","<sp><speaker>Damis</speaker><p>So tauschen wir schon wieder? Gnädige Frau, ich sehe, man darf auf ihr Wort auch keinen Staat machen.</p></sp>"
"217",217,"Celimene. So wie auf ihre Liebe. Lernen sie hier
mein Herr, was wahre Zärtlichkeit ist, die sie und so
viele Tausend nicht kennen. Ihre Gemüthsart, ihre
Grundsätze verdienen kein Frauenzimmer von Ehre.
Gehn sie nach Paris, und halten sie sich an Princeßinen
aus der Oper. Da werden sie mit ihren Grundsätzen
am besten fortkommen. Verstehn sie mich?","Celimene. So wie auf ihre Liebe. Lernen sie hier mein Herr, was wahre Zärtlichkeit ist, die sie und so viele Tausend nicht kennen. Ihre Gemüthsart, ihre Grundsätze verdienen kein Frauenzimmer von Ehre. Gehn sie nach Paris, und halten sie sich an Princeßinen aus der Oper. Da werden sie mit ihren Grundsätzen am besten fortkommen. Verstehn sie mich?","<sp><speaker>Celimene</speaker><p>So wie auf ihre Liebe. Lernen sie hier mein Herr, was wahre Zärtlichkeit ist, die sie und so viele Tausend nicht kennen. Ihre Gemüthsart, ihre Grundsätze verdienen kein Frauenzimmer von Ehre. Gehn sie nach Paris, und halten sie sich an Princeßinen aus der Oper. Da werden sie mit ihren Grundsätzen am besten fortkommen. Verstehn sie mich?</p></sp>"
"218",218,"Ende des Lustspiels.","Ende des Lustspiels.","Ende des Lustspiels."
"219",219,"Ende des Lustspiels.","Ende des Lustspiels.","Ende des Lustspiels."
"220",220,"K.     ","K.     ","K.     "
"221",221,"K.","K.","K."
"222",222," "," "," "
"223",223," "," "," "
"224",224," "," "," "
"225",225," "," "," "
"226",226," "," "," "
