",""token"",""tag"",""pos"",""category"",""funct"",""case"",""pers"",""num"",""gender"",""tense"",""mode""";;;;
"1,""Philotas"",""N.Name.Nom.Sg.*"",""N"",""Name"",NA,""Nom"",NA,""Sg"",NA,NA,NA";;;;
"2,""Johann"",""Wilhelm"",""Wilhelm"",NA,NA,NA,NA,NA,NA,NA,NA";;;;
"3,""Amsterdam,"",""1767"",""1767"",NA,NA,NA,NA,NA,NA,NA,NA";;;;
"4,""Exportiert"",""aus"",""aus"",NA,NA,NA,NA,NA,NA,NA,NA";;;;
"5,""[103]"",""Philotas."",""Philotas"",NA,NA,NA,NA,NA,NA,NA,NA";;;;
"6,""[104]"",""Personen."",""Personen"",NA,NA,NA,NA,NA,NA,NA,NA";;;;
"7,""Aridäus,"",""König."",""König"",NA,NA,NA,NA,NA,NA,NA,NA";;;;
"8,""Strato,"",""Feldherr"",""Feldherr"",NA,NA,NA,NA,NA,NA,NA,NA";;;;
"9,""Philotas,"",""gefangen."",""gefangen"",NA,NA,NA,NA,NA,NA,NA,NA";;;;
"10,""Parmenio,"",""Soldat."",""Soldat"",NA,NA,NA,NA,NA,NA,NA,NA";;;;
"11,""Die"",""Scene,"",""Scene,"",NA,NA,NA,NA,NA,NA,NA,NA";;;;
"12,""[105]"",""Philotas."",""Philotas"",NA,NA,NA,NA,NA,NA,NA,NA";;;;
"13,""Erster"",""Auftritt."",""Auftritt"",NA,NA,NA,NA,NA,NA,NA,NA";;;;
"14,""Philotas."",""N.Name.Nom.Sg.*"",""N"",""Name"",NA,""Nom"",NA,""Sg"",NA,NA,NA";;;;
"15,""Gefangen?"",""ich"",""ich"",NA,NA,NA,NA,NA,NA,NA,NA";;;;
"16,""Mein"",""Vater!"",""Vater!"",NA,NA,NA,NA,NA,NA,NA,NA";;;;
"17,""Ein"",""Kind,"",""Kind,"",NA,NA,NA,NA,NA,NA,NA,NA";;;;
"18,""O"",""träumt’"",""träumt’"",NA,NA,NA,NA,NA,NA,NA,NA";;;;
"19,""Und"",""das"",""das"",NA,NA,NA,NA,NA,NA,NA,NA";;;;
"20,""Allein"",""ich"",""ich"",NA,NA,NA,NA,NA,NA,NA,NA";;;;
"21,""Und"",""eine"",""eine"",NA,NA,NA,NA,NA,NA,NA,NA";;;;
"22,""Durch"",""die"",""die"",NA,NA,NA,NA,NA,NA,NA,NA";;;;
"23,""Schmerzt";",aber"",""aber"",NA,NA,NA,NA,NA,NA,NA,NA";;;
"24,""Nichtswürdiger,"",""sie"",""sie"",NA,NA,NA,NA,NA,NA,NA,NA";;;;
"25,""Grausam-barmherzig"",""war"",""war"",NA,NA,NA,NA,NA,NA,NA,NA";;;;
"26,""Befahl"",""mich"",""mich"",NA,NA,NA,NA,NA,NA,NA,NA";;;;
"27,""[106]"",""Er"",""Er"",NA,NA,NA,NA,NA,NA,NA,NA";;;;
"28,""Denn,"",""überwunden,"",""überwunden,"",NA,NA,NA,NA,NA,NA,NA,NA";;;;
"29,""Als:"",""Sterben."",""Sterben"",NA,NA,NA,NA,NA,NA,NA,NA";;;;
"30,""In"",""Feindes"",""Feindes"",NA,NA,NA,NA,NA,NA,NA,NA";;;;
"31,""Und"",""–"",""–"",NA,NA,NA,NA,NA,NA,NA,NA";;;;
"32,""Dem"",""alten"",""alten"",NA,NA,NA,NA,NA,NA,NA,NA";;;;
"33,""Den"",""leichten"",""leichten"",NA,NA,NA,NA,NA,NA,NA,NA";;;;
"34,""Kind,"",""sagt"",""sagt"",NA,NA,NA,NA,NA,NA,NA,NA";;;;
"35,""Mich"",""für"",""für"",NA,NA,NA,NA,NA,NA,NA,NA";;;;
"36,""Was"",""für"",""für"",NA,NA,NA,NA,NA,NA,NA,NA";;;;
"37,""Was"",""soll"",""soll"",NA,NA,NA,NA,NA,NA,NA,NA";;;;
"38,""Hohn"",""sprechende"",""sprechende"",NA,NA,NA,NA,NA,NA,NA,NA";;;;
"39,""Zweyter"",""Auftritt."",""Auftritt"",NA,NA,NA,NA,NA,NA,NA,NA";;;;
"40,""Philotas."",""Strato."",""Strato"",NA,NA,NA,NA,NA,NA,NA,NA";;;;
"41,""Strato."",""N.Name.Nom.Sg.*"",""N"",""Name"",NA,""Nom"",NA,""Sg"",NA,NA,NA";;;;
"42,""Prinz!"",""N.Name.Nom.Sg.Neut"",""N"",""Name"",NA,""Nom"",NA,""Sg"",""Neut"",NA,NA";;;;
"43,""Philotas."",""N.Name.Nom.Sg.*"",""N"",""Name"",NA,""Nom"",NA,""Sg"",NA,NA,NA";;;;
"44,""Laß,"",""o"",""o"",NA,NA,NA,NA,NA,NA,NA,NA";;;;
"45,""Strato."",""N.Name.Nom.Sg.*"",""N"",""Name"",NA,""Nom"",NA,""Sg"",NA,NA,NA";;;;
"46,""Der"",""König,"",""König,"",NA,NA,NA,NA,NA,NA,NA,NA";;;;
"47,""Philotas."",""N.Name.Nom.Sg.*"",""N"",""Name"",NA,""Nom"",NA,""Sg"",NA,NA,NA";;;;
"48,""Der"",""König"",""König"",NA,NA,NA,NA,NA,NA,NA,NA";;;;
"49,""[107]"",""Wie"",""Wie"",NA,NA,NA,NA,NA,NA,NA,NA";;;;
"50,""Ich"",""bin"",""bin"",NA,NA,NA,NA,NA,NA,NA,NA";;;;
"51,""Strato."",""N.Name.Nom.Sg.*"",""N"",""Name"",NA,""Nom"",NA,""Sg"",NA,NA,NA";;;;
"52,""Gleich"",""kömmt"",""kömmt"",NA,NA,NA,NA,NA,NA,NA,NA";;;;
"53,""Sag"",""es"",""es"",NA,NA,NA,NA,NA,NA,NA,NA";;;;
"54,""Philotas."",""N.Name.Nom.Sg.*"",""N"",""Name"",NA,""Nom"",NA,""Sg"",NA,NA,NA";;;;
"55,""Das"",""will"",""will"",NA,NA,NA,NA,NA,NA,NA,NA";;;;
"56,""Ihm"",""nur"",""nur"",NA,NA,NA,NA,NA,NA,NA,NA";;;;
"57,""Strato."",""N.Name.Nom.Sg.*"",""N"",""Name"",NA,""Nom"",NA,""Sg"",NA,NA,NA";;;;
"58,""Wie?"",""solch"",""solch"",NA,NA,NA,NA,NA,NA,NA,NA";;;;
"59,""Voll"",""Milch"",""Milch"",NA,NA,NA,NA,NA,NA,NA,NA";;;;
"60,""Das"",""noch"",""noch"",NA,NA,NA,NA,NA,NA,NA,NA";;;;
"61,""Und"",""so"",""so"",NA,NA,NA,NA,NA,NA,NA,NA";;;;
"62,""Philotas."",""N.Name.Nom.Sg.*"",""N"",""Name"",NA,""Nom"",NA,""Sg"",NA,NA,NA";;;;
"63,""Lästerer,"",""N.Name.Nom.Sg.Neut"",""N"",""Name"",NA,""Nom"",NA,""Sg"",""Neut"",NA,NA";;;;
"64,""Du"",""spottest!"",""spottest!"",NA,NA,NA,NA,NA,NA,NA,NA";;;;
"65,""Das,"",""von"",""von"",NA,NA,NA,NA,NA,NA,NA,NA";;;;
"66,""Entlassen"",""Polster"",""Polster"",NA,NA,NA,NA,NA,NA,NA,NA";;;;
"67,""Ein"",""Weichling,"",""Weichling,"",NA,NA,NA,NA,NA,NA,NA,NA";;;;
"68,""Dein"",""Angesicht"",""Angesicht"",NA,NA,NA,NA,NA,NA,NA,NA";;;;
"69,""Strato."",""N.Name.Nom.Sg.*"",""N"",""Name"",NA,""Nom"",NA,""Sg"",NA,NA,NA";;;;
"70,""Heroische"",""Gedanken"",""Gedanken"",NA,NA,NA,NA,NA,NA,NA,NA";;;;
"71,""In"",""wenig"",""wenig"",NA,NA,NA,NA,NA,NA,NA,NA";;;;
"72,""[108]"",""Aus"",""Aus"",NA,NA,NA,NA,NA,NA,NA,NA";;;;
"73,""Sie"",""reden"",""reden"",NA,NA,NA,NA,NA,NA,NA,NA";;;;
"74,""Man"",""muß"",""muß"",NA,NA,NA,NA,NA,NA,NA,NA";;;;
"75,""Philotas."",""N.Name.Nom.Sg.*"",""N"",""Name"",NA,""Nom"",NA,""Sg"",NA,NA,NA";;;;
"76,""Nur"",""fürchten"",""fürchten"",NA,NA,NA,NA,NA,NA,NA,NA";;;;
"77,""Strato."",""N.Name.Nom.Sg.*"",""N"",""Name"",NA,""Nom"",NA,""Sg"",NA,NA,NA";;;;
"78,""Sind"",""unter"",""unter"",NA,NA,NA,NA,NA,NA,NA,NA";;;;
"79,""Wie"",""du,"",""du,"",NA,NA,NA,NA,NA,NA,NA,NA";;;;
"80,""Die"",""Götter"",""Götter"",NA,NA,NA,NA,NA,NA,NA,NA";;;;
"81,""Wenn"",""die"",""die"",NA,NA,NA,NA,NA,NA,NA,NA";;;;
"82,""Philotas."",""N.Name.Nom.Sg.*"",""N"",""Name"",NA,""Nom"",NA,""Sg"",NA,NA,NA";;;;
"83,""Du"",""schmeichelst"",""schmeichelst"",NA,NA,NA,NA,NA,NA,NA,NA";;;;
"84,""Nicht"",""schmeicheln."",""schmeicheln"",NA,NA,NA,NA,NA,NA,NA,NA";;;;
"85,""Die"",""Götter"",""Götter"",NA,NA,NA,NA,NA,NA,NA,NA";;;;
"86,""Vorlängst"",""für"",""für"",NA,NA,NA,NA,NA,NA,NA,NA";;;;
"87,""Die"",""Krieger"",""Krieger"",NA,NA,NA,NA,NA,NA,NA,NA";;;;
"88,""Gesinnet,"",""wie"",""wie"",NA,NA,NA,NA,NA,NA,NA,NA";;;;
"89,""Bald"",""schrecklich"",""schrecklich"",NA,NA,NA,NA,NA,NA,NA,NA";;;;
"90,""Wenn"",""ich"",""ich"",NA,NA,NA,NA,NA,NA,NA,NA";;;;
"91,""Strato."",""N.Name.Nom.Sg.*"",""N"",""Name"",NA,""Nom"",NA,""Sg"",NA,NA,NA";;;;
"92,""Ich"",""heisse"",""heisse"",NA,NA,NA,NA,NA,NA,NA,NA";;;;
"93,""[109]"",""Philotas."",""Philotas"",NA,NA,NA,NA,NA,NA,NA,NA";;;;
"94,""Strato?"",""Wie?"",""Wie?"",NA,NA,NA,NA,NA,NA,NA,NA";;;;
"95,""Der"",""meinen"",""meinen"",NA,NA,NA,NA,NA,NA,NA,NA";;;;
"96,""Der"",""Held"",""Held"",NA,NA,NA,NA,NA,NA,NA,NA";;;;
"97,""Strato."",""N.Name.Nom.Sg.*"",""N"",""Name"",NA,""Nom"",NA,""Sg"",NA,NA,NA";;;;
"98,""Der"",""bin"",""bin"",NA,NA,NA,NA,NA,NA,NA,NA";;;;
"99,""Der"",""in"",""in"",NA,NA,NA,NA,NA,NA,NA,NA";;;;
"100,""Von"",""deinem"",""deinem"",NA,NA,NA,NA,NA,NA,NA,NA";;;;
"101,""Aufs"",""Haupt"",""Haupt"",NA,NA,NA,NA,NA,NA,NA,NA";;;;
"102,""Philotas."",""N.Name.Nom.Sg.*"",""N"",""Name"",NA,""Nom"",NA,""Sg"",NA,NA,NA";;;;
"103,""Dich"",""zu"",""zu"",NA,NA,NA,NA,NA,NA,NA,NA";;;;
"104,""Von"",""meines"",""meines"",NA,NA,NA,NA,NA,NA,NA,NA";;;;
"105,""Der"",""edelste"",""edelste"",NA,NA,NA,NA,NA,NA,NA,NA";;;;
"106,""(Es"",""ist"",""ist"",NA,NA,NA,NA,NA,NA,NA,NA";;;;
"107,""Denn"",""sieben"",""sieben"",NA,NA,NA,NA,NA,NA,NA,NA";;;;
"108,""Des"",""Jünglings)"",""Jünglings)"",NA,NA,NA,NA,NA,NA,NA,NA";;;;
"109,""Ein"",""Strato"",""Strato"",NA,NA,NA,NA,NA,NA,NA,NA";;;;
"110,""Als"",""er"",""er"",NA,NA,NA,NA,NA,NA,NA,NA";;;;
"111,""Erbabenen"",""Begriff."",""Begriff"",NA,NA,NA,NA,NA,NA,NA,NA";;;;
"112,""Lob"",""redete,"",""redete,"",NA,NA,NA,NA,NA,NA,NA,NA";;;;
"113,""Für"",""allzuhoch"",""allzuhoch"",NA,NA,NA,NA,NA,NA,NA,NA";;;;
"114,""Von"",""ihm"",""ihm"",NA,NA,NA,NA,NA,NA,NA,NA";;;;
"115,""[110]"",""Fuhr"",""Fuhr"",NA,NA,NA,NA,NA,NA,NA,NA";;;;
"116,""Von"",""Jugend"",""Jugend"",NA,NA,NA,NA,NA,NA,NA,NA";;;;
"117,""Und"",""welcher?"",""welcher?"",NA,NA,NA,NA,NA,NA,NA,NA";;;;
"118,""(Mit"",""etwas"",""etwas"",NA,NA,NA,NA,NA,NA,NA,NA";;;;
"119,""Als"",""der,"",""der,"",NA,NA,NA,NA,NA,NA,NA,NA";;;;
"120,""Soldat"",""zu"",""zu"",NA,NA,NA,NA,NA,NA,NA,NA";;;;
"121,""Soldat"",""seyn"",""seyn"",NA,NA,NA,NA,NA,NA,NA,NA";;;;
"122,""Mit"",""Waffen"",""Waffen"",NA,NA,NA,NA,NA,NA,NA,NA";;;;
"123,""Und"",""also"",""also"",NA,NA,NA,NA,NA,NA,NA,NA";;;;
"124,""Dir"",""meine"",""meine"",NA,NA,NA,NA,NA,NA,NA,NA";;;;
"125,""Dir"",""meines"",""meines"",NA,NA,NA,NA,NA,NA,NA,NA";;;;
"126,""O"",""welch"",""welch"",NA,NA,NA,NA,NA,NA,NA,NA";;;;
"127,""Bewegt"",""ich"",""ich"",NA,NA,NA,NA,NA,NA,NA,NA";;;;
"128,""Mit"",""seinen"",""seinen"",NA,NA,NA,NA,NA,NA,NA,NA";;;;
"129,""Aristodem,"",""der"",""der"",NA,NA,NA,NA,NA,NA,NA,NA";;;;
"130,""Der"",""Strato"",""Strato"",NA,NA,NA,NA,NA,NA,NA,NA";;;;
"131,""Bewegete,"",""den"",""den"",NA,NA,NA,NA,NA,NA,NA,NA";;;;
"132,""Zu"",""wagen."",""wagen"",NA,NA,NA,NA,NA,NA,NA,NA";;;;
"133,""Zum"",""König";,König;",NA,NA,NA,NA,NA,NA,NA,NA
134"",""Muß"",""ich"",""ich"",NA,NA,NA,NA,NA,NA,NA,NA";;
"135,""Verlohren,"",""König!"",""König!"",NA,NA,NA,NA,NA,NA,NA,NA";;;;
"136,""Und"",""alles"",""alles"",NA,NA,NA,NA,NA,NA,NA,NA";;;;
"137,""[111]"",""Nicht"",""Nicht"",NA,NA,NA,NA,NA,NA,NA,NA";;;;
"138,""Den"",""tapfern"",""tapfern"",NA,NA,NA,NA,NA,NA,NA,NA";;;;
"139,""Gern";",sagte"",""sagte"",NA,NA,NA,NA,NA,NA,NA,NA";;;
"140,""Könnt"",""ich"",""ich"",NA,NA,NA,NA,NA,NA,NA,NA";;;;
"141,""An"",""seinen"",""seinen"",NA,NA,NA,NA,NA,NA,NA,NA";;;;
"142,""Setzt’"",""er"",""er"",NA,NA,NA,NA,NA,NA,NA,NA";;;;
"143,""Er"",""lerne"",""lerne"",NA,NA,NA,NA,NA,NA,NA,NA";;;;
"144,""So"",""sagt’"",""sagt’"",NA,NA,NA,NA,NA,NA,NA,NA";;;;
"145,""Umarmte"",""mich."",""mich"",NA,NA,NA,NA,NA,NA,NA,NA";;;;
"146,""Floß"",""in"",""in"",NA,NA,NA,NA,NA,NA,NA,NA";;;;
"147,""War"",""es"",""es"",NA,NA,NA,NA,NA,NA,NA,NA";;;;
"148,""Im"",""Dienst"",""Dienst"",NA,NA,NA,NA,NA,NA,NA,NA";;;;
"149,""Was"",""ist"",""ist"",NA,NA,NA,NA,NA,NA,NA,NA";;;;
"150,""Die"",""ganze"",""ganze"",NA,NA,NA,NA,NA,NA,NA,NA";;;;
"151,""Die"",""Schwerdter"",""Schwerdter"",NA,NA,NA,NA,NA,NA,NA,NA";;;;
"152,""Das,"",""welchem"",""welchem"",NA,NA,NA,NA,NA,NA,NA,NA";;;;
"153,""An"",""meine"",""meine"",NA,NA,NA,NA,NA,NA,NA,NA";;;;
"154,""Und"",""träumte"",""träumte"",NA,NA,NA,NA,NA,NA,NA,NA";;;;
"155,""Sprang"",""ich"",""ich"",NA,NA,NA,NA,NA,NA,NA,NA";;;;
"156,""Warf"",""mich"",""mich"",NA,NA,NA,NA,NA,NA,NA,NA";;;;
"157,""Die"",""ungelockten"",""ungelockten"",NA,NA,NA,NA,NA,NA,NA,NA";;;;
"158,""Saß"",""früh"",""früh"",NA,NA,NA,NA,NA,NA,NA,NA";;;;
"159,""[112]"",""Der"",""Der"",NA,NA,NA,NA,NA,NA,NA,NA";;;;
"160,""Der"",""kriegrischen"",""kriegrischen"",NA,NA,NA,NA,NA,NA,NA,NA";;;;
"161,""Zu"",""siegen,"",""siegen,"",NA,NA,NA,NA,NA,NA,NA,NA";;;;
"162,""Und"",""nun,"",""nun,"",NA,NA,NA,NA,NA,NA,NA,NA";;;;
"163,""Sieh"",""mich!"",""mich!"",NA,NA,NA,NA,NA,NA,NA,NA";;;;
"164,""Ein"",""armer"",""armer"",NA,NA,NA,NA,NA,NA,NA,NA";;;;
"165,""Wie"",""hoch"",""hoch"",NA,NA,NA,NA,NA,NA,NA,NA";;;;
"166,""Betrachtete,"",""lebendig"",""lebendig"",NA,NA,NA,NA,NA,NA,NA,NA";;;;
"167,""Wie"",""tief"",""tief"",NA,NA,NA,NA,NA,NA,NA,NA";;;;
"168,""Dein"",""edles"",""edles"",NA,NA,NA,NA,NA,NA,NA,NA";;;;
"169,""Unedlem"",""Krieger,"",""Krieger,"",NA,NA,NA,NA,NA,NA,NA,NA";;;;
"170,""Ein"",""schändlich"",""schändlich"",NA,NA,NA,NA,NA,NA,NA,NA";;;;
"171,""Gefangen"",""gab!"",""gab!"",NA,NA,NA,NA,NA,NA,NA,NA";;;;
"172,""Genommen"",""ward."",""ward"",NA,NA,NA,NA,NA,NA,NA,NA";;;;
"173,""Zehn"",""Hufen"",""Hufen"",NA,NA,NA,NA,NA,NA,NA,NA";;;;
"174,""Da"",""sah"",""sah"",NA,NA,NA,NA,NA,NA,NA,NA";;;;
"175,""Ist"",""ein"",""ein"",NA,NA,NA,NA,NA,NA,NA,NA";;;;
"176,""Wo"",""er"",""er"",NA,NA,NA,NA,NA,NA,NA,NA";;;;
"177,""Sich"",""ausser"",""ausser"",NA,NA,NA,NA,NA,NA,NA,NA";;;;
"178,""Ein"",""Held?"",""Held?"",NA,NA,NA,NA,NA,NA,NA,NA";;;;
"179,""O"",""Vaterland!"",""Vaterland!"",NA,NA,NA,NA,NA,NA,NA,NA";;;;
"180,""Ein"",""so"",""so"",NA,NA,NA,NA,NA,NA,NA,NA";;;;
"181,""[113]"",""Von"",""Von"",NA,NA,NA,NA,NA,NA,NA,NA";;;;
"182,""Das"",""grosse"",""grosse"",NA,NA,NA,NA,NA,NA,NA,NA";;;;
"183,""Und"",""Trost,"",""Trost,"",NA,NA,NA,NA,NA,NA,NA,NA";;;;
"184,""Was"",""bin"",""bin"",NA,NA,NA,NA,NA,NA,NA,NA";;;;
"185,""Sein"",""Untergang,"",""Untergang,"",NA,NA,NA,NA,NA,NA,NA,NA";;;;
"186,""Darf"",""ich"",""ich"",NA,NA,NA,NA,NA,NA,NA,NA";;;;
"187,""Mich"",""sehn,"",""sehn,"",NA,NA,NA,NA,NA,NA,NA,NA";;;;
"188,""Verachte"",""mich!"",""mich!"",NA,NA,NA,NA,NA,NA,NA,NA";;;;
"189,""Dein"",""Auge"",""Auge"",NA,NA,NA,NA,NA,NA,NA,NA";;;;
"190,""Strato."",""N.Name.Nom.Sg.*"",""N"",""Name"",NA,""Nom"",NA,""Sg"",NA,NA,NA";;;;
"191,""Länger"",""kann"",""kann"",NA,NA,NA,NA,NA,NA,NA,NA";;;;
"192,""Nicht"",""ausstehn!"",""ausstehn!"",NA,NA,NA,NA,NA,NA,NA,NA";;;;
"193,""Philotas."",""N.Name.Nom.Sg.*"",""N"",""Name"",NA,""Nom"",NA,""Sg"",NA,NA,NA";;;;
"194,""Du"",""würdigst"",""würdigst"",NA,NA,NA,NA,NA,NA,NA,NA";;;;
"195,""Mit"",""ihm"",""ihm"",NA,NA,NA,NA,NA,NA,NA,NA";;;;
"196,""Sein"",""Unglück"",""Unglück"",NA,NA,NA,NA,NA,NA,NA,NA";;;;
"197,""Als"",""eine"",""eine"",NA,NA,NA,NA,NA,NA,NA,NA";;;;
"198,""Des"",""Schmerzens"",""Schmerzens"",NA,NA,NA,NA,NA,NA,NA,NA";;;;
"199,""Indem"",""er"",""er"",NA,NA,NA,NA,NA,NA,NA,NA";;;;
"200,""O"",""wüßtest"",""wüßtest"",NA,NA,NA,NA,NA,NA,NA,NA";;;;
"201,""Es"",""über"",""über"",NA,NA,NA,NA,NA,NA,NA,NA";;;;
"202,""Mein"",""Wunsch,"",""Wunsch,"",NA,NA,NA,NA,NA,NA,NA,NA";;;;
"203,""[114]"",""Die"",""Die"",NA,NA,NA,NA,NA,NA,NA,NA";;;;
"204,""Wird"",""sie"",""sie"",NA,NA,NA,NA,NA,NA,NA,NA";;;;
"205,""Strato."",""N.Name.Nom.Sg.*"",""N"",""Name"",NA,""Nom"",NA,""Sg"",NA,NA,NA";;;;
"206,""Die"",""Liebe"",""Liebe"",NA,NA,NA,NA,NA,NA,NA,NA";;;;
"207,""Philotas."",""N.Name.Nom.Sg.*"",""N"",""Name"",NA,""Nom"",NA,""Sg"",NA,NA,NA";;;;
"208,""Dir"",""allein"",""allein"",NA,NA,NA,NA,NA,NA,NA,NA";;;;
"209,""Vertrau"",""ich"",""ich"",NA,NA,NA,NA,NA,NA,NA,NA";;;;
"210,""Er"",""liebet,"",""liebet,"",NA,NA,NA,NA,NA,NA,NA,NA";;;;
"211,""Mehr"",""als"",""als"",NA,NA,NA,NA,NA,NA,NA,NA";;;;
"212,""Siehst"",""du"",""du"",NA,NA,NA,NA,NA,NA,NA,NA";;;;
"213,""Mit"",""schwerem"",""schwerem"",NA,NA,NA,NA,NA,NA,NA,NA";;;;
"214,""Für"",""grösser"",""grösser"",NA,NA,NA,NA,NA,NA,NA,NA";;;;
"215,""Des"",""Vaterlandes"",""Vaterlandes"",NA,NA,NA,NA,NA,NA,NA,NA";;;;
"216,""Hat"",""nicht"",""nicht"",NA,NA,NA,NA,NA,NA,NA,NA";;;;
"217,""Hoch"",""wird"",""wird"",NA,NA,NA,NA,NA,NA,NA,NA";;;;
"218,""Und"",""ach!"",""ach!"",NA,NA,NA,NA,NA,NA,NA,NA";;;;
"219,""Das"",""Vaterland"",""Vaterland"",NA,NA,NA,NA,NA,NA,NA,NA";;;;
"220,""Ihm"",""dißmal"",""dißmal"",NA,NA,NA,NA,NA,NA,NA,NA";;;;
"221,""Mich"",""aus"",""aus"",NA,NA,NA,NA,NA,NA,NA,NA";;;;
"222,""Zu"",""retten,"",""retten,"",NA,NA,NA,NA,NA,NA,NA,NA";;;;
"223,""Was"",""in"",""in"",NA,NA,NA,NA,NA,NA,NA,NA";;;;
"224,""Durch"",""vieler"",""vieler"",NA,NA,NA,NA,NA,NA,NA,NA";;;;
"225,""[115]"",""Gewonnen"",""Gewonnen"",NA,NA,NA,NA,NA,NA,NA,NA";;;;
"226,""Aufopfern,"",""Vater!"",""Vater!"",NA,NA,NA,NA,NA,NA,NA,NA";;;;
"227,""Für"",""deinen"",""deinen"",NA,NA,NA,NA,NA,NA,NA,NA";;;;
"228,""Hingeben!"",""Wer?"",""Wer?"",NA,NA,NA,NA,NA,NA,NA,NA";;;;
"229,""O"",""Vater!"",""Vater!"",NA,NA,NA,NA,NA,NA,NA,NA";;;;
"230,""Strato."",""N.Name.Nom.Sg.*"",""N"",""Name"",NA,""Nom"",NA,""Sg"",NA,NA,NA";;;;
"231,""Prinz,"",""fasse"",""fasse"",NA,NA,NA,NA,NA,NA,NA,NA";;;;
"232,""So"",""grausam"",""grausam"",NA,NA,NA,NA,NA,NA,NA,NA";;;;
"233,""Du"",""hörst"",""hörst"",NA,NA,NA,NA,NA,NA,NA,NA";;;;
"234,""Philotas."",""N.Name.Nom.Sg.*"",""N"",""Name"",NA,""Nom"",NA,""Sg"",NA,NA,NA";;;;
"235,""Was?"",""Trost?"",""Trost?"",NA,NA,NA,NA,NA,NA,NA,NA";;;;
"236,""Dritter"",""Auftritt."",""Auftritt"",NA,NA,NA,NA,NA,NA,NA,NA";;;;
"237,""Philotas."",""Strato."",""Strato"",NA,NA,NA,NA,NA,NA,NA,NA";;;;
"238,""Aridäus."",""N.Name.Nom.Sg.*"",""N"",""Name"",NA,""Nom"",NA,""Sg"",NA,NA,NA";;;;
"239,""Laß"",""dich"",""dich"",NA,NA,NA,NA,NA,NA,NA,NA";;;;
"240,""Ist"",""nicht"",""nicht"",NA,NA,NA,NA,NA,NA,NA,NA";;;;
"241,""Persönlich"",""wenigstens"",""wenigstens"",NA,NA,NA,NA,NA,NA,NA,NA";;;;
"242,""Und"",""ihre"",""ihre"",NA,NA,NA,NA,NA,NA,NA,NA";;;;
"243,""Dich"",""noch"",""noch"",NA,NA,NA,NA,NA,NA,NA,NA";;;;
"244,""Denn"",""du"",""du"",NA,NA,NA,NA,NA,NA,NA,NA";;;;
"245,""Und"",""ich"",""ich"",NA,NA,NA,NA,NA,NA,NA,NA";;;;
"246,""[116]"",""Ha!"",""Ha!"",NA,NA,NA,NA,NA,NA,NA,NA";;;;
"247,""Wie"",""deine"",""deine"",NA,NA,NA,NA,NA,NA,NA,NA";;;;
"248,""Die"",""seinige."",""seinige"",NA,NA,NA,NA,NA,NA,NA,NA";;;;
"249,""Erinnr’"",""ich"",""ich"",NA,NA,NA,NA,NA,NA,NA,NA";;;;
"250,""Mit"",""eurem"",""eurem"",NA,NA,NA,NA,NA,NA,NA,NA";;;;
"251,""Solch"",""offnes"",""offnes"",NA,NA,NA,NA,NA,NA,NA,NA";;;;
"252,""Wie"",""da"",""da"",NA,NA,NA,NA,NA,NA,NA,NA";;;;
"253,""Hatt’"",""er,"",""er,"",NA,NA,NA,NA,NA,NA,NA,NA";;;;
"254,""Hast"",""du"",""du"",NA,NA,NA,NA,NA,NA,NA,NA";;;;
"255,""Was"",""für"",""für"",NA,NA,NA,NA,NA,NA,NA,NA";;;;
"256,""In"",""deinem"",""deinem"",NA,NA,NA,NA,NA,NA,NA,NA";;;;
"257,""Erwähnt,"",""daß"",""daß"",NA,NA,NA,NA,NA,NA,NA,NA";;;;
"258,""Als"",""itzige?"",""itzige?"",NA,NA,NA,NA,NA,NA,NA,NA";;;;
"259,""Der"",""unsre"",""unsre"",NA,NA,NA,NA,NA,NA,NA,NA";;;;
"260,""Und"",""jedes"",""jedes"",NA,NA,NA,NA,NA,NA,NA,NA";;;;
"261,""Wir"",""wurden"",""wurden"",NA,NA,NA,NA,NA,NA,NA,NA";;;;
"262,""Geblieben,"",""was"",""was"",NA,NA,NA,NA,NA,NA,NA,NA";;;;
"263,""Wir"",""wären"",""wären"",NA,NA,NA,NA,NA,NA,NA,NA";;;;
"264,""Der"",""König"",""König"",NA,NA,NA,NA,NA,NA,NA,NA";;;;
"265,""Den"",""Freund"",""Freund"",NA,NA,NA,NA,NA,NA,NA,NA";;;;
"266,""Philotas."",""N.Name.Nom.Sg.*"",""N"",""Name"",NA,""Nom"",NA,""Sg"",NA,NA,NA";;;;
"267,""Erwarte"",""nicht"",""nicht"",NA,NA,NA,NA,NA,NA,NA,NA";;;;
"268,""[117]"",""Daß"",""Daß"",NA,NA,NA,NA,NA,NA,NA,NA";;;;
"269,""Erwiedern"",""soll."",""soll"",NA,NA,NA,NA,NA,NA,NA,NA";;;;
"270,""Nur"",""denken,"",""denken,"",NA,NA,NA,NA,NA,NA,NA,NA";;;;
"271,""Daß"",""er"",""er"",NA,NA,NA,NA,NA,NA,NA,NA";;;;
"272,""O"",""wärt"",""wärt"",NA,NA,NA,NA,NA,NA,NA,NA";;;;
"273,""Als"",""wenn"",""wenn"",NA,NA,NA,NA,NA,NA,NA,NA";;;;
"274,""Des"",""Staatsmanns"",""Staatsmanns"",NA,NA,NA,NA,NA,NA,NA,NA";;;;
"275,""Wie"",""Sieger,"",""Sieger,"",NA,NA,NA,NA,NA,NA,NA,NA";;;;
"276,""Aridäus."",""N.Name.Nom.Sg.*"",""N"",""Name"",NA,""Nom"",NA,""Sg"",NA,NA,NA";;;;
"277,""Philotas."",""N.Name.Nom.Sg.*"",""N"",""Name"",NA,""Nom"",NA,""Sg"",NA,NA,NA";;;;
"278,""Philotas."",""N.Name.Nom.Sg.*"",""N"",""Name"",NA,""Nom"",NA,""Sg"",NA,NA,NA";;;;
"279,""Sprich"",""VIMP.Full.2.Sg"",""VIMP"",""Full"",NA,NA,""2"",""Sg"",NA,NA,NA";;;;
"280,""Dein"",""strenges"",""strenges"",NA,NA,NA,NA,NA,NA,NA,NA";;;;
"281,""Das"",""weiß"",""weiß"",NA,NA,NA,NA,NA,NA,NA,NA";;;;
"282,""In"",""deiner"",""deiner"",NA,NA,NA,NA,NA,NA,NA,NA";;;;
"283,""Aridäus."",""N.Name.Nom.Sg.*"",""N"",""Name"",NA,""Nom"",NA,""Sg"",NA,NA,NA";;;;
"284,""Prinz!"",""N.Name.Nom.Sg.Neut"",""N"",""Name"",NA,""Nom"",NA,""Sg"",""Neut"",NA,NA";;;;
"285,""Umarmen"",""soll"",""soll"",NA,NA,NA,NA,NA,NA,NA,NA";;;;
"286,""Philotas."",""N.Name.Nom.Sg.*"",""N"",""Name"",NA,""Nom"",NA,""Sg"",NA,NA,NA";;;;
"287,""Was?"",""Sterben"",""Sterben"",NA,NA,NA,NA,NA,NA,NA,NA";;;;
"288,""Philotas,"",""meines"",""meines"",NA,NA,NA,NA,NA,NA,NA,NA";;;;
"289,""Gebeut,"",""o"",""o"",NA,NA,NA,NA,NA,NA,NA,NA";;;;
"290,""[118]"",""Aridäus."",""Aridäus"",NA,NA,NA,NA,NA,NA,NA,NA";;;;
"291,""So?"",""N.Name.Nom.Sg.Neut"",""N"",""Name"",NA,""Nom"",NA,""Sg"",""Neut"",NA,NA";;;;
"292,""Philotas."",""N.Name.Nom.Sg.*"",""N"",""Name"",NA,""Nom"",NA,""Sg"",NA,NA,NA";;;;
"293,""Ja!"",""N.Name.Nom.Sg.Neut"",""N"",""Name"",NA,""Nom"",NA,""Sg"",""Neut"",NA,NA";;;;
"294,""Strato."",""N.Name.Nom.Sg.*"",""N"",""Name"",NA,""Nom"",NA,""Sg"",NA,NA,NA";;;;
"295,""O"",""König,"",""König,"",NA,NA,NA,NA,NA,NA,NA,NA";;;;
"296,""Sein"",""gütig"",""gütig"",NA,NA,NA,NA,NA,NA,NA,NA";;;;
"297,""Philotas."",""N.Name.Nom.Sg.*"",""N"",""Name"",NA,""Nom"",NA,""Sg"",NA,NA,NA";;;;
"298,""Hart,"",""oder"",""oder"",NA,NA,NA,NA,NA,NA,NA,NA";;;;
"299,""Wie"",""viel"",""viel"",NA,NA,NA,NA,NA,NA,NA,NA";;;;
"300,""Abtreten,"",""König?"",""König?"",NA,NA,NA,NA,NA,NA,NA,NA";;;;
"301,""Wie"",""schwach"",""schwach"",NA,NA,NA,NA,NA,NA,NA,NA";;;;
"302,""Nie"",""wieder"",""wieder"",NA,NA,NA,NA,NA,NA,NA,NA";;;;
"303,""Verlangest"",""du"",""du"",NA,NA,NA,NA,NA,NA,NA,NA";;;;
"304,""Aridäus."",""N.Name.Nom.Sg.*"",""N"",""Name"",NA,""Nom"",NA,""Sg"",NA,NA,NA";;;;
"305,""Nicht"",""mehr,"",""mehr,"",NA,NA,NA,NA,NA,NA,NA,NA";;;;
"306,""Als"",""für"",""für"",NA,NA,NA,NA,NA,NA,NA,NA";;;;
"307,""Philotas."",""N.Name.Nom.Sg.*"",""N"",""Name"",NA,""Nom"",NA,""Sg"",NA,NA,NA";;;;
"308,""Wie?"",""N.Name.Nom.Sg.Neut"",""N"",""Name"",NA,""Nom"",NA,""Sg"",""Neut"",NA,NA";;;;
"309,""Als"",""für"",""für"",NA,NA,NA,NA,NA,NA,NA,NA";;;;
"310,""Aridäus."",""N.Name.Nom.Sg.*"",""N"",""Name"",NA,""Nom"",NA,""Sg"",NA,NA,NA";;;;
"311,""Ja!"",""N.Name.Nom.Sg.Neut"",""N"",""Name"",NA,""Nom"",NA,""Sg"",""Neut"",NA,NA";;;;
"312,""Denn"",""wisse,"",""wisse,"",NA,NA,NA,NA,NA,NA,NA,NA";;;;
"313,""[119]"",""Nicht"",""Nicht"",NA,NA,NA,NA,NA,NA,NA,NA";;;;
"314,""In"",""eure"",""eure"",NA,NA,NA,NA,NA,NA,NA,NA";;;;
"315,""Strato."",""N.Name.Nom.Sg.*"",""N"",""Name"",NA,""Nom"",NA,""Sg"",NA,NA,NA";;;;
"316,""Erlaube,"",""König,"",""König,"",NA,NA,NA,NA,NA,NA,NA,NA";;;;
"317,""Zu"",""sagen!"",""sagen!"",NA,NA,NA,NA,NA,NA,NA,NA";;;;
"318,""Aridäus."",""N.Name.Nom.Sg.*"",""N"",""Name"",NA,""Nom"",NA,""Sg"",NA,NA,NA";;;;
"319,""Sag’"",""es!"",""es!"",NA,NA,NA,NA,NA,NA,NA,NA";;;;
"320,""Philotas."",""N.Name.Nom.Sg.*"",""N"",""Name"",NA,""Nom"",NA,""Sg"",NA,NA,NA";;;;
"321,""Keine"",""Rätzel"",""Rätzel"",NA,NA,NA,NA,NA,NA,NA,NA";;;;
"322,""Strato."",""N.Name.Nom.Sg.*"",""N"",""Name"",NA,""Nom"",NA,""Sg"",NA,NA,NA";;;;
"323,""Der"",""Sohn"",""Sohn"",NA,NA,NA,NA,NA,NA,NA,NA";;;;
"324,""Des"",""glücklichen"",""glücklichen"",NA,NA,NA,NA,NA,NA,NA,NA";;;;
"325,""Gefangen"",""nahm."",""nahm"",NA,NA,NA,NA,NA,NA,NA,NA";;;;
"326,""Daß"",""du"",""du"",NA,NA,NA,NA,NA,NA,NA,NA";;;;
"327,""Ganz"",""Wuth";,Wuth;",NA,NA,NA,NA,NA,NA,NA,NA
328"",""Die"",""Glieder";,Glieder;",NA,NA,NA,NA,NA,NA,NA,NA
329"",""Auf"",""meines"",""meines"",NA,NA,NA,NA,NA,NA,NA,NA"
"330,""Daß"",""er"",""er"",NA,NA,NA,NA,NA,NA,NA,NA";;;;
"331,""Er"",""ward,"",""ward,"",NA,NA,NA,NA,NA,NA,NA,NA";;;;
"332,""Philotas."",""N.Name.Nom.Sg.*"",""N"",""Name"",NA,""Nom"",NA,""Sg"",NA,NA,NA";;;;
"333,""Polymet?"",""N.Name.Nom.Sg.Neut"",""N"",""Name"",NA,""Nom"",NA,""Sg"",""Neut"",NA,NA";;;;
"334,""[120]"",""Gefangen?"",""Gefangen?"",NA,NA,NA,NA,NA,NA,NA,NA";;;;
"335,""Mein"",""Vater,"",""Vater,"",NA,NA,NA,NA,NA,NA,NA,NA";;;;
"336,""Aridäus."",""N.Name.Nom.Sg.*"",""N"",""Name"",NA,""Nom"",NA,""Sg"",NA,NA,NA";;;;
"337,""Er"",""ist"",""ist"",NA,NA,NA,NA,NA,NA,NA,NA";;;;
"338,""Wir"",""wollen"",""wollen"",NA,NA,NA,NA,NA,NA,NA,NA";;;;
"339,""Beschleunigen."",""Dein"",""Dein"",NA,NA,NA,NA,NA,NA,NA,NA";;;;
"340,""Verlanget"",""wohl"",""wohl"",NA,NA,NA,NA,NA,NA,NA,NA";;;;
"341,""Und"",""ob"",""ob"",NA,NA,NA,NA,NA,NA,NA,NA";;;;
"342,""Send"",""einen"",""einen"",NA,NA,NA,NA,NA,NA,NA,NA";;;;
"343,""Daß"",""er"",""er"",NA,NA,NA,NA,NA,NA,NA,NA";;;;
"344,""Wer"",""soll"",""soll"",NA,NA,NA,NA,NA,NA,NA,NA";;;;
"345,""Philotas."",""N.Name.Nom.Sg.*"",""N"",""Name"",NA,""Nom"",NA,""Sg"",NA,NA,NA";;;;
"346,""Parmenio!"",""N.Name.Nom.Sg.Neut"",""N"",""Name"",NA,""Nom"",NA,""Sg"",""Neut"",NA,NA";;;;
"347,""Aridäus."",""N.Name.Nom.Sg.*"",""N"",""Name"",NA,""Nom"",NA,""Sg"",NA,NA,NA";;;;
"348,""Er"",""soll"",""soll"",NA,NA,NA,NA,NA,NA,NA,NA";;;;
"349,""Gleich"",""da"",""da"",NA,NA,NA,NA,NA,NA,NA,NA";;;;
"350,""Bald"",""wieder."",""wieder"",NA,NA,NA,NA,NA,NA,NA,NA";;;;
"351,""Vierter"",""Auftritt."",""Auftritt"",NA,NA,NA,NA,NA,NA,NA,NA";;;;
"352,""Philotas."",""N.Name.Nom.Sg.*"",""N"",""Name"",NA,""Nom"",NA,""Sg"",NA,NA,NA";;;;
"353,""Hab"",""ich"",""ich"",NA,NA,NA,NA,NA,NA,NA,NA";;;;
"354,""Daß"",""er"",""er"",NA,NA,NA,NA,NA,NA,NA,NA";;;;
"355,""[121]"",""Die"",""Die"",NA,NA,NA,NA,NA,NA,NA,NA";;;;
"356,""Gewinnt"",""er,"",""er,"",NA,NA,NA,NA,NA,NA,NA,NA";;;;
"357,""Gewinnt"",""er!"",""er!"",NA,NA,NA,NA,NA,NA,NA,NA";;;;
"358,""Sein"",""gütig"",""gütig"",NA,NA,NA,NA,NA,NA,NA,NA";;;;
"359,""Das"",""sagte"",""sagte"",NA,NA,NA,NA,NA,NA,NA,NA";;;;
"360,""Dawider"",""hab"",""hab"",NA,NA,NA,NA,NA,NA,NA,NA";;;;
"361,""Gefangen"",""ist,"",""ist,"",NA,NA,NA,NA,NA,NA,NA,NA";;;;
"362,""So"",""viel,"",""viel,"",NA,NA,NA,NA,NA,NA,NA,NA";;;;
"363,""Wie"",""aber?"",""aber?"",NA,NA,NA,NA,NA,NA,NA,NA";;;;
"364,""Philotas"",""nicht"",""nicht"",NA,NA,NA,NA,NA,NA,NA,NA";;;;
"365,""Wie?"",""oder"",""oder"",NA,NA,NA,NA,NA,NA,NA,NA";;;;
"366,""Der"",""junge"",""junge"",NA,NA,NA,NA,NA,NA,NA,NA";;;;
"367,""Das"",""eine"",""eine"",NA,NA,NA,NA,NA,NA,NA,NA";;;;
"368,""So,"",""wie"",""wie"",NA,NA,NA,NA,NA,NA,NA,NA";;;;
"369,""Allein,"",""das"",""das"",NA,NA,NA,NA,NA,NA,NA,NA";;;;
"370,""Mein"",""Leben"",""Leben"",NA,NA,NA,NA,NA,NA,NA,NA";;;;
"371,""Welch"",""eine"",""eine"",NA,NA,NA,NA,NA,NA,NA,NA";;;;
"372,""Für"",""dich,"",""dich,"",NA,NA,NA,NA,NA,NA,NA,NA";;;;
"373,""Mein"",""Vater"",""Vater"",NA,NA,NA,NA,NA,NA,NA,NA";;;;
"374,""Der"",""höhre"",""höhre"",NA,NA,NA,NA,NA,NA,NA,NA";;;;
"375,""Ein"",""solcher"",""solcher"",NA,NA,NA,NA,NA,NA,NA,NA";;;;
"376,""Ihr"",""Götter!"",""Götter!"",NA,NA,NA,NA,NA,NA,NA,NA";;;;
"377,""[122]"",""Diß"",""Diß"",NA,NA,NA,NA,NA,NA,NA,NA";;;;
"378,""Ein"",""Sterblicher,"",""Sterblicher,"",NA,NA,NA,NA,NA,NA,NA,NA";;;;
"379,""Ein"",""Schwerdt"",""Schwerdt"",NA,NA,NA,NA,NA,NA,NA,NA";;;;
"380,""Ich"",""will"",""will"",NA,NA,NA,NA,NA,NA,NA,NA";;;;
"381,""Ich"",""will"",""will"",NA,NA,NA,NA,NA,NA,NA,NA";;;;
"382,""Der"",""Welt"",""Welt"",NA,NA,NA,NA,NA,NA,NA,NA";;;;
"383,""Ihr"",""Götter,"",""Götter,"",NA,NA,NA,NA,NA,NA,NA,NA";;;;
"384,""Der"",""König"",""König"",NA,NA,NA,NA,NA,NA,NA,NA";;;;
"385,""Wenn"",""ich"",""ich"",NA,NA,NA,NA,NA,NA,NA,NA";;;;
"386,""Ihr"",""Götter,"",""Götter,"",NA,NA,NA,NA,NA,NA,NA,NA";;;;
"387,""Sey"",""euer"",""euer"",NA,NA,NA,NA,NA,NA,NA,NA";;;;
"388,""Wenn"",""es"",""es"",NA,NA,NA,NA,NA,NA,NA,NA";;;;
"389,""Gewesen"",""ist."",""ist"",NA,NA,NA,NA,NA,NA,NA,NA";;;;
"390,""Was"",""ist"",""ist"",NA,NA,NA,NA,NA,NA,NA,NA";;;;
"391,""Die"",""Folgen"",""Folgen"",NA,NA,NA,NA,NA,NA,NA,NA";;;;
"392,""Fünfter"",""Auftritt."",""Auftritt"",NA,NA,NA,NA,NA,NA,NA,NA";;;;
"393,""Philotas."",""Parmenio."",""Parmenio"",NA,NA,NA,NA,NA,NA,NA,NA";;;;
"394,""Philotas."",""N.Name.Nom.Sg.*"",""N"",""Name"",NA,""Nom"",NA,""Sg"",NA,NA,NA";;;;
"395,""Bist"",""du"",""du"",NA,NA,NA,NA,NA,NA,NA,NA";;;;
"396,""Was"",""sag"",""sag"",NA,NA,NA,NA,NA,NA,NA,NA";;;;
"397,""Und"",""wessen?"",""wessen?"",NA,NA,NA,NA,NA,NA,NA,NA";;;;
"398,""[123]"",""Parmenio."",""Parmenio"",NA,NA,NA,NA,NA,NA,NA,NA";;;;
"399,""Ach!"",""N.Name.Nom.Sg.Neut"",""N"",""Name"",NA,""Nom"",NA,""Sg"",""Neut"",NA,NA";;;;
"400,""Prinz,"",""Beider!"",""Beider!"",NA,NA,NA,NA,NA,NA,NA,NA";;;;
"401,""Philotas."",""N.Name.Nom.Sg.*"",""N"",""Name"",NA,""Nom"",NA,""Sg"",NA,NA,NA";;;;
"402,""Focht"",""ich"",""ich"",NA,NA,NA,NA,NA,NA,NA,NA";;;;
"403,""Parmenio."",""N.Name.Nom.Sg.*"",""N"",""Name"",NA,""Nom"",NA,""Sg"",NA,NA,NA";;;;
"404,""Den"",""Königlichen"",""Königlichen"",NA,NA,NA,NA,NA,NA,NA,NA";;;;
"405,""So"",""munter"",""munter"",NA,NA,NA,NA,NA,NA,NA,NA";;;;
"406,""Er"",""wagte"",""wagte"",NA,NA,NA,NA,NA,NA,NA,NA";;;;
"407,""Verlohren,"",""wenn"",""wenn"",NA,NA,NA,NA,NA,NA,NA,NA";;;;
"408,""Beschützet"",""hätten."",""hätten"",NA,NA,NA,NA,NA,NA,NA,NA";;;;
"409,""Stürmt’"",""er"",""er"",NA,NA,NA,NA,NA,NA,NA,NA";;;;
"410,""War"",""er"",""er"",NA,NA,NA,NA,NA,NA,NA,NA";;;;
"411,""Wenn"",""ich"",""ich"",NA,NA,NA,NA,NA,NA,NA,NA";;;;
"412,""Aufopfern"",""wollt’,"",""wollt’,"",NA,NA,NA,NA,NA,NA,NA,NA";;;;
"413,""Wo"",""er"",""er"",NA,NA,NA,NA,NA,NA,NA,NA";;;;
"414,""Philotas."",""N.Name.Nom.Sg.*"",""N"",""Name"",NA,""Nom"",NA,""Sg"",NA,NA,NA";;;;
"415,""Du"",""bist"",""bist"",NA,NA,NA,NA,NA,NA,NA,NA";;;;
"416,""Verwundet,"",""ich"",""ich"",NA,NA,NA,NA,NA,NA,NA,NA";;;;
"417,""Parmenio."",""N.Name.Nom.Sg.*"",""N"",""Name"",NA,""Nom"",NA,""Sg"",NA,NA,NA";;;;
"418,""Nein"",""Prinz!"",""Prinz!"",NA,NA,NA,NA,NA,NA,NA,NA";;;;
"419,""Schon"",""dreymal"",""dreymal"",NA,NA,NA,NA,NA,NA,NA,NA";;;;
"420,""[124]"",""Für"",""Für"",NA,NA,NA,NA,NA,NA,NA,NA";;;;
"421,""Mich"",""zittern"",""zittern"",NA,NA,NA,NA,NA,NA,NA,NA";;;;
"422,""Philotas."",""N.Name.Nom.Sg.*"",""N"",""Name"",NA,""Nom"",NA,""Sg"",NA,NA,NA";;;;
"423,""Und"",""weißt"",""weißt"",NA,NA,NA,NA,NA,NA,NA,NA";;;;
"424,""Verwundet"",""bin?"",""bin?"",NA,NA,NA,NA,NA,NA,NA,NA";;;;
"425,""Parmenio."",""N.Name.Nom.Sg.*"",""N"",""Name"",NA,""Nom"",NA,""Sg"",NA,NA,NA";;;;
"426,""Ach!"",""ich"",""ich"",NA,NA,NA,NA,NA,NA,NA,NA";;;;
"427,""Daß"",""Polymet"",""Polymet"",NA,NA,NA,NA,NA,NA,NA,NA";;;;
"428,""Daß"",""du"",""du"",NA,NA,NA,NA,NA,NA,NA,NA";;;;
"429,""Absenden"",""willst,"",""willst,"",NA,NA,NA,NA,NA,NA,NA,NA";;;;
"430,""Die"",""Absicht,"",""Absicht,"",NA,NA,NA,NA,NA,NA,NA,NA";;;;
"431,""Philotas."",""N.Name.Nom.Sg.*"",""N"",""Name"",NA,""Nom"",NA,""Sg"",NA,NA,NA";;;;
"432,""So"",""bald"",""bald"",NA,NA,NA,NA,NA,NA,NA,NA";;;;
"433,""Das"",""bitt’"",""bitt’"",NA,NA,NA,NA,NA,NA,NA,NA";;;;
"434,""Parmenio."",""N.Name.Nom.Sg.*"",""N"",""Name"",NA,""Nom"",NA,""Sg"",NA,NA,NA";;;;
"435,""Wie?"",""Warum?"",""Warum?"",NA,NA,NA,NA,NA,NA,NA,NA";;;;
"436,""Philotas."",""N.Name.Nom.Sg.*"",""N"",""Name"",NA,""Nom"",NA,""Sg"",NA,NA,NA";;;;
"437,""Die"",""Ursach"",""Ursach"",NA,NA,NA,NA,NA,NA,NA,NA";;;;
"438,""Mir"",""und"",""und"",NA,NA,NA,NA,NA,NA,NA,NA";;;;
"439,""Parmenio."",""N.Name.Nom.Sg.*"",""N"",""Name"",NA,""Nom"",NA,""Sg"",NA,NA,NA";;;;
"440,""Wenn"",""aber"",""aber"",NA,NA,NA,NA,NA,NA,NA,NA";;;;
"441,""Sie"",""wissen"",""wissen"",NA,NA,NA,NA,NA,NA,NA,NA";;;;
"442,""[125]"",""Philotas."",""Philotas"",NA,NA,NA,NA,NA,NA,NA,NA";;;;
"443,""Dann"",""sage"",""sage"",NA,NA,NA,NA,NA,NA,NA,NA";;;;
"444,""Was"",""Wichtigs"",""Wichtigs"",NA,NA,NA,NA,NA,NA,NA,NA";;;;
"445,""Nur"",""nöthig"",""nöthig"",NA,NA,NA,NA,NA,NA,NA,NA";;;;
"446,""Parmenio."",""N.Name.Nom.Sg.*"",""N"",""Name"",NA,""Nom"",NA,""Sg"",NA,NA,NA";;;;
"447,""Dem"",""Vater"",""Vater"",NA,NA,NA,NA,NA,NA,NA,NA";;;;
"448,""Wird"",""er"",""er"",NA,NA,NA,NA,NA,NA,NA,NA";;;;
"449,""Philotas."",""N.Name.Nom.Sg.*"",""N"",""Name"",NA,""Nom"",NA,""Sg"",NA,NA,NA";;;;
"450,""Drum"",""eben!"",""eben!"",NA,NA,NA,NA,NA,NA,NA,NA";;;;
"451,""Was"",""du"",""du"",NA,NA,NA,NA,NA,NA,NA,NA";;;;
"452,""Dich,"",""keinen"",""keinen"",NA,NA,NA,NA,NA,NA,NA,NA";;;;
"453,""Kannst"",""ihm"",""ihm"",NA,NA,NA,NA,NA,NA,NA,NA";;;;
"454,""Parmenio."",""N.Name.Nom.Sg.*"",""N"",""Name"",NA,""Nom"",NA,""Sg"",NA,NA,NA";;;;
"455,""Nur"",""ich?"",""ich?"",NA,NA,NA,NA,NA,NA,NA,NA";;;;
"456,""Entziehen"",""nur"",""nur"",NA,NA,NA,NA,NA,NA,NA,NA";;;;
"457,""Philotas."",""N.Name.Nom.Sg.*"",""N"",""Name"",NA,""Nom"",NA,""Sg"",NA,NA,NA";;;;
"458,""Will"",""aber"",""aber"",NA,NA,NA,NA,NA,NA,NA,NA";;;;
"459,""Kann"",""dieser"",""dieser"",NA,NA,NA,NA,NA,NA,NA,NA";;;;
"460,""Zu"",""Ende"",""Ende"",NA,NA,NA,NA,NA,NA,NA,NA";;;;
"461,""So"",""wirst"",""wirst"",NA,NA,NA,NA,NA,NA,NA,NA";;;;
"462,""Parmenio."",""N.Name.Nom.Sg.*"",""N"",""Name"",NA,""Nom"",NA,""Sg"",NA,NA,NA";;;;
"463,""Ernst,"",""grossen"",""grossen"",NA,NA,NA,NA,NA,NA,NA,NA";;;;
"464,""[126]"",""Zu"",""Zu"",""Zu"",NA,NA,NA,NA,NA,NA,NA";;;;
"465,""Kurz,"",""grosse"",""grosse"",NA,NA,NA,NA,NA,NA,NA,NA";;;;
"466,""Von"",""Milch"",""Milch"",NA,NA,NA,NA,NA,NA,NA,NA";;;;
"467,""Philotas."",""N.Name.Nom.Sg.*"",""N"",""Name"",NA,""Nom"",NA,""Sg"",NA,NA,NA";;;;
"468,""So"",""geh!"",""geh!"",NA,NA,NA,NA,NA,NA,NA,NA";;;;
"469,""Und"",""schaffe"",""schaffe"",NA,NA,NA,NA,NA,NA,NA,NA";;;;
"470,""Daß"",""er"",""er"",NA,NA,NA,NA,NA,NA,NA,NA";;;;
"471,""Und"",""allen"",""allen"",NA,NA,NA,NA,NA,NA,NA,NA";;;;
"472,""Entschuldige"",""mich"",""mich"",NA,NA,NA,NA,NA,NA,NA,NA";;;;
"473,""Daß"",""ich"",""ich"",NA,NA,NA,NA,NA,NA,NA,NA";;;;
"474,""Parmenio."",""N.Name.Nom.Sg.*"",""N"",""Name"",NA,""Nom"",NA,""Sg"",NA,NA,NA";;;;
"475,""Und"",""was"",""was"",NA,NA,NA,NA,NA,NA,NA,NA";;;;
"476,""Dem"",""König"",""König"",NA,NA,NA,NA,NA,NA,NA,NA";;;;
"477,""Philotas."",""N.Name.Nom.Sg.*"",""N"",""Name"",NA,""Nom"",NA,""Sg"",NA,NA,NA";;;;
"478,""Sage"",""–"",""–"",NA,NA,NA,NA,NA,NA,NA,NA";;;;
"479,""Den"",""Vater"",""Vater"",NA,NA,NA,NA,NA,NA,NA,NA";;;;
"480,""Legt"",""der"",""der"",NA,NA,NA,NA,NA,NA,NA,NA";;;;
"481,""Wir"",""sehn"",""sehn"",NA,NA,NA,NA,NA,NA,NA,NA";;;;
"482,""Sechster"",""Auftritt."",""Auftritt"",NA,NA,NA,NA,NA,NA,NA,NA";;;;
"483,""Philotas."",""N.Name.Nom.Sg.*"",""N"",""Name"",NA,""Nom"",NA,""Sg"",NA,NA,NA";;;;
"484,""Bringt"",""ihr"",""ihr"",NA,NA,NA,NA,NA,NA,NA,NA";;;;
"485,""Mich"",""Opferer"",""Opferer"",NA,NA,NA,NA,NA,NA,NA,NA";;;;
"486,""[127]"",""Ihr"",""Ihr"",NA,NA,NA,NA,NA,NA,NA,NA";;;;
"487,""Ein"",""heilig"",""heilig"",NA,NA,NA,NA,NA,NA,NA,NA";;;;
"488,""O"",""fühlt’"",""fühlt’"",NA,NA,NA,NA,NA,NA,NA,NA";;;;
"489,""Der"",""blasse"",""blasse"",NA,NA,NA,NA,NA,NA,NA,NA";;;;
"490,""Welch"",""grosser"",""grosser"",NA,NA,NA,NA,NA,NA,NA,NA";;;;
"491,""Die"",""um"",""um"",NA,NA,NA,NA,NA,NA,NA,NA";;;;
"492,""Der"",""Menschenfreund,"",""Menschenfreund,"",NA,NA,NA,NA,NA,NA,NA,NA";;;;
"493,""Bey"",""allen"",""allen"",NA,NA,NA,NA,NA,NA,NA,NA";;;;
"494,""Beneidenswürdig,"",""er"",""er"",NA,NA,NA,NA,NA,NA,NA,NA";;;;
"495,""Dem"",""allgemeinen"",""allgemeinen"",NA,NA,NA,NA,NA,NA,NA,NA";;;;
"496,""Ist"",""für"",""für"",NA,NA,NA,NA,NA,NA,NA,NA";;;;
"497,""Der"",""Sterblichen"",""Sterblichen"",NA,NA,NA,NA,NA,NA,NA,NA";;;;
"498,""Auf"",""unsrer"",""unsrer"",NA,NA,NA,NA,NA,NA,NA,NA";;;;
"499,""Das"",""Leben"",""Leben"",NA,NA,NA,NA,NA,NA,NA,NA";;;;
"500,""Der"",""Fürsten"",""Fürsten"",NA,NA,NA,NA,NA,NA,NA,NA";;;;
"501,""Ihr"",""Götter,"",""Götter,"",NA,NA,NA,NA,NA,NA,NA,NA";;;;
"502,""An"",""einen"",""einen"",NA,NA,NA,NA,NA,NA,NA,NA";;;;
"503,""Aus"",""bodenlosem"",""bodenlosem"",NA,NA,NA,NA,NA,NA,NA,NA";;;;
"504,""Auf"",""seinen"",""seinen"",NA,NA,NA,NA,NA,NA,NA,NA";;;;
"505,""Hinaufzuheben,"",""o"",""o"",NA,NA,NA,NA,NA,NA,NA,NA";;;;
"506,""Beruhet"",""oft"",""oft"",NA,NA,NA,NA,NA,NA,NA,NA";;;;
"507,""Du"",""Blut"",""Blut"",NA,NA,NA,NA,NA,NA,NA,NA";;;;
"508,""[128]"",""Und"",""Und"",NA,NA,NA,NA,NA,NA,NA,NA";;;;
"509,""Und"",""langer"",""langer"",NA,NA,NA,NA,NA,NA,NA,NA";;;;
"510,""Erst"",""zwar"",""zwar"",NA,NA,NA,NA,NA,NA,NA,NA";;;;
"511,""Dann"",""auf"",""auf"",NA,NA,NA,NA,NA,NA,NA,NA";;;;
"512,""Dann"",""wurden"",""wurden"",NA,NA,NA,NA,NA,NA,NA,NA";;;;
"513,""Wohl"",""mir,"",""mir,"",NA,NA,NA,NA,NA,NA,NA,NA";;;;
"514,""Siebender"",""Auftritt."",""Auftritt"",NA,NA,NA,NA,NA,NA,NA,NA";;;;
"515,""Philotas."",""Aridäus."",""Aridäus"",NA,NA,NA,NA,NA,NA,NA,NA";;;;
"516,""Aridäus."",""N.Name.Nom.Sg.*"",""N"",""Name"",NA,""Nom"",NA,""Sg"",NA,NA,NA";;;;
"517,""Nun"",""sind"",""sind"",NA,NA,NA,NA,NA,NA,NA,NA";;;;
"518,""In"",""wenig"",""wenig"",NA,NA,NA,NA,NA,NA,NA,NA";;;;
"519,""Zurück"",""erwarten."",""erwarten"",NA,NA,NA,NA,NA,NA,NA,NA";;;;
"520,""Nach"",""meinem"",""meinem"",NA,NA,NA,NA,NA,NA,NA,NA";;;;
"521,""Die"",""Tapfersten"",""Tapfersten"",NA,NA,NA,NA,NA,NA,NA,NA";;;;
"522,""Und"",""brennen,"",""brennen,"",NA,NA,NA,NA,NA,NA,NA,NA";;;;
"523,""Denn,"",""Prinz,"",""Prinz,"",NA,NA,NA,NA,NA,NA,NA,NA";;;;
"524,""Philotas."",""N.Name.Nom.Sg.*"",""N"",""Name"",NA,""Nom"",NA,""Sg"",NA,NA,NA";;;;
"525,""Ein"",""schöner"",""schöner"",NA,NA,NA,NA,NA,NA,NA,NA";;;;
"526,""Der"",""seine"",""seine"",NA,NA,NA,NA,NA,NA,NA,NA";;;;
"527,""In"",""was"",""was"",NA,NA,NA,NA,NA,NA,NA,NA";;;;
"528,""[129]"",""Wird"",""Wird"",NA,NA,NA,NA,NA,NA,NA,NA";;;;
"529,""Und"",""dann,"",""dann,"",NA,NA,NA,NA,NA,NA,NA,NA";;;;
"530,""Aridäus."",""N.Name.Nom.Sg.*"",""N"",""Name"",NA,""Nom"",NA,""Sg"",NA,NA,NA";;;;
"531,""Ich"",""habe"",""habe"",NA,NA,NA,NA,NA,NA,NA,NA";;;;
"532,""Befehl"",""deshalb"",""deshalb"",NA,NA,NA,NA,NA,NA,NA,NA";;;;
"533,""Dein"",""eigenes"",""eigenes"",NA,NA,NA,NA,NA,NA,NA,NA";;;;
"534,""Und"",""sucht"",""sucht"",NA,NA,NA,NA,NA,NA,NA,NA";;;;
"535,""Der"",""dir"",""dir"",NA,NA,NA,NA,NA,NA,NA,NA";;;;
"536,""Nicht"",""mehr"",""mehr"",NA,NA,NA,NA,NA,NA,NA,NA";;;;
"537,""Philotas."",""N.Name.Nom.Sg.*"",""N"",""Name"",NA,""Nom"",NA,""Sg"",NA,NA,NA";;;;
"538,""Wie"",""verstehst"",""verstehst"",NA,NA,NA,NA,NA,NA,NA,NA";;;;
"539,""Aridäus."",""N.Name.Nom.Sg.*"",""N"",""Name"",NA,""Nom"",NA,""Sg"",NA,NA,NA";;;;
"540,""Weil"",""du"",""du"",NA,NA,NA,NA,NA,NA,NA,NA";;;;
"541,""So,"",""dünkt"",""dünkt"",NA,NA,NA,NA,NA,NA,NA,NA";;;;
"542,""Philotas."",""N.Name.Nom.Sg.*"",""N"",""Name"",NA,""Nom"",NA,""Sg"",NA,NA,NA";;;;
"543,""Mein"",""Vater"",""Vater"",NA,NA,NA,NA,NA,NA,NA,NA";;;;
"544,""Aridäus."",""N.Name.Nom.Sg.*"",""N"",""Name"",NA,""Nom"",NA,""Sg"",NA,NA,NA";;;;
"545,""Wer"",""hat"",""hat"",NA,NA,NA,NA,NA,NA,NA,NA";;;;
"546,""Das"",""Schwerdt"",""Schwerdt"",NA,NA,NA,NA,NA,NA,NA,NA";;;;
"547,""Philotas."",""N.Name.Nom.Sg.*"",""N"",""Name"",NA,""Nom"",NA,""Sg"",NA,NA,NA";;;;
"548,""Wer"",""hat"",""hat"",NA,NA,NA,NA,NA,NA,NA,NA";;;;
"549,""Den"",""Freund"",""Freund"",NA,NA,NA,NA,NA,NA,NA,NA";;;;
"550,""[130]"",""Der"",""Der"",NA,NA,NA,NA,NA,NA,NA,NA";;;;
"551,""Davon"",""zu"",""zu"",NA,NA,NA,NA,NA,NA,NA,NA";;;;
"552,""Ich"",""muß"",""muß"",NA,NA,NA,NA,NA,NA,NA,NA";;;;
"553,""Der"",""Erden"",""Erden"",NA,NA,NA,NA,NA,NA,NA,NA";;;;
"554,""Das"",""Schwerdt"",""Schwerdt"",NA,NA,NA,NA,NA,NA,NA,NA";;;;
"555,""Ihr"",""Urtheil"",""Urtheil"",NA,NA,NA,NA,NA,NA,NA,NA";;;;
"556,""Aridäus."",""N.Name.Nom.Sg.*"",""N"",""Name"",NA,""Nom"",NA,""Sg"",NA,NA,NA";;;;
"557,""O"",""Prinz,"",""Prinz,"",NA,NA,NA,NA,NA,NA,NA,NA";;;;
"558,""Wer"",""deine"",""deine"",NA,NA,NA,NA,NA,NA,NA,NA";;;;
"559,""Wenn"",""du"",""du"",NA,NA,NA,NA,NA,NA,NA,NA";;;;
"560,""Zur"",""Krone"",""Krone"",NA,NA,NA,NA,NA,NA,NA,NA";;;;
"561,""Ein"",""edles"",""edles"",NA,NA,NA,NA,NA,NA,NA,NA";;;;
"562,""Glückseeligkeit";",allein,"",""allein,"",NA,NA,NA,NA,NA,NA,NA,NA";;;
"563,""Zu"",""denken,"",""denken,"",NA,NA,NA,NA,NA,NA,NA,NA";;;;
"564,""Mit"",""Lorbeern"",""Lorbeern"",NA,NA,NA,NA,NA,NA,NA,NA";;;;
"565,""Zu"",""Grunde"",""Grunde"",NA,NA,NA,NA,NA,NA,NA,NA";;;;
"566,""Weissag’"",""ich"",""ich"",NA,NA,NA,NA,NA,NA,NA,NA";;;;
"567,""Erleben";",Siegesfeste"",""Siegesfeste"",NA,NA,NA,NA,NA,NA,NA,NA";;;
"568,""Dem"",""Helden"",""Helden"",NA,NA,NA,NA,NA,NA,NA,NA";;;;
"569,""Könnt"",""es"",""es"",NA,NA,NA,NA,NA,NA,NA,NA";;;;
"570,""Den"",""Göttern"",""Göttern"",NA,NA,NA,NA,NA,NA,NA,NA";;;;
"571,""[131]"",""Philotas."",""Philotas"",NA,NA,NA,NA,NA,NA,NA,NA";;;;
"572,""König,"",""sorge"",""sorge"",NA,NA,NA,NA,NA,NA,NA,NA";;;;
"573,""Aridäus."",""N.Name.Nom.Sg.*"",""N"",""Name"",NA,""Nom"",NA,""Sg"",NA,NA,NA";;;;
"574,""Ja,"",""Prinz,"",""Prinz,"",NA,NA,NA,NA,NA,NA,NA,NA";;;;
"575,""Sanftmüthiger"",""als"",""als"",NA,NA,NA,NA,NA,NA,NA,NA";;;;
"576,""Strebt"",""er"",""er"",NA,NA,NA,NA,NA,NA,NA,NA";;;;
"577,""Sein"",""Ruhm"",""Ruhm"",NA,NA,NA,NA,NA,NA,NA,NA";;;;
"578,""Ist,"",""glücklich"",""glücklich"",NA,NA,NA,NA,NA,NA,NA,NA";;;;
"579,""Wie"",""könnten"",""könnten"",NA,NA,NA,NA,NA,NA,NA,NA";;;;
"580,""Zu"",""gegenseitiger"",""gegenseitiger"",NA,NA,NA,NA,NA,NA,NA,NA";;;;
"581,""Die"",""Völker"",""Völker"",NA,NA,NA,NA,NA,NA,NA,NA";;;;
"582,""Du"",""aber"",""aber"",NA,NA,NA,NA,NA,NA,NA,NA";;;;
"583,""Ihn"",""nöthigen,"",""nöthigen,"",NA,NA,NA,NA,NA,NA,NA,NA";;;;
"584,""Für"",""Friedenslorbeern,"",""Friedenslorbeern,"",NA,NA,NA,NA,NA,NA,NA,NA";;;;
"585,""Erwählen"",""muß,"",""muß,"",NA,NA,NA,NA,NA,NA,NA,NA";;;;
"586,""Philotas."",""N.Name.Nom.Sg.*"",""N"",""Name"",NA,""Nom"",NA,""Sg"",NA,NA,NA";;;;
"587,""Beruhige"",""VFIN.Full.3.Sg.Pres.Subj"",""VFIN"",""Full"",NA,NA,""3"",""Sg"",NA,""Pres"",""Subj""";;;;
"588,""Den"",""Vater,"",""Vater,"",NA,NA,NA,NA,NA,NA,NA,NA";;;;
"589,""Und"",""Ehr’,"",""Ehr’,"",NA,NA,NA,NA,NA,NA,NA,NA";;;;
"590,""Das"",""Blut"",""Blut"",NA,NA,NA,NA,NA,NA,NA,NA";;;;
"591,""Erhalter,"",""nicht"",""nicht"",NA,NA,NA,NA,NA,NA,NA,NA";;;;
"592,""Die"",""Götter"",""Götter"",NA,NA,NA,NA,NA,NA,NA,NA";;;;
"593,""[132]"",""Aridäus."",""Aridäus"",NA,NA,NA,NA,NA,NA,NA,NA";;;;
"594,""Glückseeliger,"",""wem"",""wem"",NA,NA,NA,NA,NA,NA,NA,NA";;;;
"595,""Achter"",""Auftritt."",""Auftritt"",NA,NA,NA,NA,NA,NA,NA,NA";;;;
"596,""Philotas."",""Aridäus."",""Aridäus"",NA,NA,NA,NA,NA,NA,NA,NA";;;;
"597,""Strato."",""N.Name.Nom.Sg.*"",""N"",""Name"",NA,""Nom"",NA,""Sg"",NA,NA,NA";;;;
"598,""Den"",""Krieger,"",""Krieger,"",NA,NA,NA,NA,NA,NA,NA,NA";;;;
"599,""Genommen"",""hat,"",""hat,"",NA,NA,NA,NA,NA,NA,NA,NA";;;;
"600,""In"",""deinem"",""deinem"",NA,NA,NA,NA,NA,NA,NA,NA";;;;
"601,""Zurückgefordert,"",""König,"",""König,"",NA,NA,NA,NA,NA,NA,NA,NA";;;;
"602,""Von"",""ihm"",""ihm"",NA,NA,NA,NA,NA,NA,NA,NA";;;;
"603,""Will"",""er"",""er"",NA,NA,NA,NA,NA,NA,NA,NA";;;;
"604,""Ein"",""andres."",""andres"",NA,NA,NA,NA,NA,NA,NA,NA";;;;
"605,""Aridäus."",""N.Name.Nom.Sg.*"",""N"",""Name"",NA,""Nom"",NA,""Sg"",NA,NA,NA";;;;
"606,""Wie?"",""Mein"",""Mein"",NA,NA,NA,NA,NA,NA,NA,NA";;;;
"607,""Mit"",""welchem"",""welchem"",NA,NA,NA,NA,NA,NA,NA,NA";;;;
"608,""Zu"",""geben"",""geben"",NA,NA,NA,NA,NA,NA,NA,NA";;;;
"609,""Nimm"",""es,"",""es,"",NA,NA,NA,NA,NA,NA,NA,NA";;;;
"610,""Und"",""schone"",""schone"",NA,NA,NA,NA,NA,NA,NA,NA";;;;
"611,""Und"",""laß"",""laß"",NA,NA,NA,NA,NA,NA,NA,NA";;;;
"612,""[133]"",""Weil"",""Weil"",NA,NA,NA,NA,NA,NA,NA,NA";;;;
"613,""Das"",""deinige."",""deinige"",NA,NA,NA,NA,NA,NA,NA,NA";;;;
"614,""Strato."",""N.Name.Nom.Sg.*"",""N"",""Name"",NA,""Nom"",NA,""Sg"",NA,NA,NA";;;;
"615,""Das"",""hat"",""hat"",NA,NA,NA,NA,NA,NA,NA,NA";;;;
"616,""Er"",""sprach:"",""sprach:"",NA,NA,NA,NA,NA,NA,NA,NA";;;;
"617,""Zu"",""seinem"",""seinem"",NA,NA,NA,NA,NA,NA,NA,NA";;;;
"618,""Für"",""ihn"",""ihn"",NA,NA,NA,NA,NA,NA,NA,NA";;;;
"619,""Zum"",""Angedenken"",""Angedenken"",NA,NA,NA,NA,NA,NA,NA,NA";;;;
"620,""Die"",""Kleinste"",""Kleinste"",NA,NA,NA,NA,NA,NA,NA,NA";;;;
"621,""Er"",""fochte"",""fochte"",NA,NA,NA,NA,NA,NA,NA,NA";;;;
"622,""Er"",""war"",""war"",NA,NA,NA,NA,NA,NA,NA,NA";;;;
"623,""Nicht"",""ohne"",""ohne"",NA,NA,NA,NA,NA,NA,NA,NA";;;;
"624,""Das"",""sagte"",""sagte"",NA,NA,NA,NA,NA,NA,NA,NA";;;;
"625,""Nur"",""sehen"",""sehen"",NA,NA,NA,NA,NA,NA,NA,NA";;;;
"626,""Bracht"",""es";,es;",NA,NA,NA,NA,NA,NA,NA,NA
627"",""Daß"",""es"",""es"",NA,NA,NA,NA,NA,NA,NA,NA";;
"628,""Zu"",""thun"",""thun"",NA,NA,NA,NA,NA,NA,NA,NA";;;;
"629,""Erzürnt"",""mit"",""mit"",NA,NA,NA,NA,NA,NA,NA,NA";;;;
"630,""Verächtlich"",""von"",""von"",NA,NA,NA,NA,NA,NA,NA,NA";;;;
"631,""Was"",""kümmert"",""kümmert"",NA,NA,NA,NA,NA,NA,NA,NA";;;;
"632,""[134]"",""Philotas."",""Philotas"",NA,NA,NA,NA,NA,NA,NA,NA";;;;
"633,""Es"",""ist"",""ist"",NA,NA,NA,NA,NA,NA,NA,NA";;;;
"634,""In"",""guten"",""guten"",NA,NA,NA,NA,NA,NA,NA,NA";;;;
"635,""Dank"",""ich"",""ich"",NA,NA,NA,NA,NA,NA,NA,NA";;;;
"636,""Ihr"",""Götter,"",""Götter,"",NA,NA,NA,NA,NA,NA,NA,NA";;;;
"637,""O"",""ihr"",""ihr"",NA,NA,NA,NA,NA,NA,NA,NA";;;;
"638,""Aridäus."",""N.Name.Nom.Sg.*"",""N"",""Name"",NA,""Nom"",NA,""Sg"",NA,NA,NA";;;;
"639,""Du"",""zitterst,"",""zitterst,"",NA,NA,NA,NA,NA,NA,NA,NA";;;;
"640,""Philotas."",""N.Name.Nom.Sg.*"",""N"",""Name"",NA,""Nom"",NA,""Sg"",NA,NA,NA";;;;
"641,""Wo"",""vor?"",""vor?"",NA,NA,NA,NA,NA,NA,NA,NA";;;;
"642,""Sieh"",""her,"",""her,"",NA,NA,NA,NA,NA,NA,NA,NA";;;;
"643,""(Er"",""tritt"",""tritt"",NA,NA,NA,NA,NA,NA,NA,NA";;;;
"644,""Aridäus."",""N.Name.Nom.Sg.*"",""N"",""Name"",NA,""Nom"",NA,""Sg"",NA,NA,NA";;;;
"645,""Prinz!"",""N.Name.Nom.Sg.Neut"",""N"",""Name"",NA,""Nom"",NA,""Sg"",""Neut"",NA,NA";;;;
"646,""Strato."",""N.Name.Nom.Sg.*"",""N"",""Name"",NA,""Nom"",NA,""Sg"",NA,NA,NA";;;;
"647,""Ihr"",""Götter!"",""Götter!"",NA,NA,NA,NA,NA,NA,NA,NA";;;;
"648,""Aridäus."",""N.Name.Nom.Sg.*"",""N"",""Name"",NA,""Nom"",NA,""Sg"",NA,NA,NA";;;;
"649,""Hülfe,"",""Strato!"",""Strato!"",NA,NA,NA,NA,NA,NA,NA,NA";;;;
"650,""[135]"",""Strato."",""Strato"",NA,NA,NA,NA,NA,NA,NA,NA";;;;
"651,""Prinz!"",""N.Name.Nom.Sg.Neut"",""N"",""Name"",NA,""Nom"",NA,""Sg"",""Neut"",NA,NA";;;;
"652,""Philotas."",""N.Name.Nom.Sg.*"",""N"",""Name"",NA,""Nom"",NA,""Sg"",NA,NA,NA";;;;
"653,""Für"",""Tausende"",""Tausende"",NA,NA,NA,NA,NA,NA,NA,NA";;;;
"654,""Ich"",""einer"",""einer"",NA,NA,NA,NA,NA,NA,NA,NA";;;;
"655,""Sey"",""Friede,"",""Friede,"",NA,NA,NA,NA,NA,NA,NA,NA";;;;
"656,""Des"",""Vaters"",""Vaters"",NA,NA,NA,NA,NA,NA,NA,NA";;;;
"657,""Die"",""Götter"",""Götter"",NA,NA,NA,NA,NA,NA,NA,NA";;;;
"658,""So"",""wollt"",""wollt"",NA,NA,NA,NA,NA,NA,NA,NA";;;;
"659,""Gefangen,"",""meines"",""meines"",NA,NA,NA,NA,NA,NA,NA,NA";;;;
"660,""Ihr"",""Götter,"",""Götter,"",NA,NA,NA,NA,NA,NA,NA,NA";;;;
"661,""Von"",""seinem"",""seinem"",NA,NA,NA,NA,NA,NA,NA,NA";;;;
"662,""Und"",""du,"",""du,"",NA,NA,NA,NA,NA,NA,NA,NA";;;;
"663,""So"",""sehn"",""sehn"",NA,NA,NA,NA,NA,NA,NA,NA";;;;
"664,""Aridäus."",""N.Name.Nom.Sg.*"",""N"",""Name"",NA,""Nom"",NA,""Sg"",NA,NA,NA";;;;
"665,""Was,"",""o"",""o"",NA,NA,NA,NA,NA,NA,NA,NA";;;;
"666,""Stirbt"",""er!"",""er!"",NA,NA,NA,NA,NA,NA,NA,NA";;;;
"667,""Strato."",""N.Name.Nom.Sg.*"",""N"",""Name"",NA,""Nom"",NA,""Sg"",NA,NA,NA";;;;
"668,""O"",""Held!"",""Held!"",NA,NA,NA,NA,NA,NA,NA,NA";;;;
"669,""[135]"",""Aridäus."",""Aridäus"",NA,NA,NA,NA,NA,NA,NA,NA";;;;
"670,""O"",""Patriot!"",""Patriot!"",NA,NA,NA,NA,NA,NA,NA,NA";;;;
"671,""Philotas."",""N.Name.Nom.Sg.*"",""N"",""Name"",NA,""Nom"",NA,""Sg"",NA,NA,NA";;;;
"672,""O"",""Vaterland!"",""Vaterland!"",NA,NA,NA,NA,NA,NA,NA,NA";;;;
"673,""Strato."",""N.Name.Nom.Sg.*"",""N"",""Name"",NA,""Nom"",NA,""Sg"",NA,NA,NA";;;;
"674,""Er"",""stirbt!"",""stirbt!"",NA,NA,NA,NA,NA,NA,NA,NA";;;;
"675,""Über"",""diese"",""diese"",NA,NA,NA,NA,NA,NA,NA,NA";;;;
"676,""Dieses"",""E-Book"",""E-Book"",NA,NA,NA,NA,NA,NA,NA,NA";;;;
"677,""Alle"",""Werke"",""Werke"",NA,NA,NA,NA,NA,NA,NA,NA";;;;
"678,""Wikisource"",""ist"",""ist"",NA,NA,NA,NA,NA,NA,NA,NA";;;;
"679,""Bei"",""der"",""der"",NA,NA,NA,NA,NA,NA,NA,NA";;;;