,WORD,WORD.left,FREQ,cor.tok
1, , ,11782,
1198, ּ, ּ,1,
301,  ,  ,6,
1199,   ,   ,1,
1200,     ,     ,1,
85,-,-,31,
24,—,—,105,
107,⸗,⸗,20,
2,",",",",764,
151,;,;,15,
3,:,:,636,
6,!,!,376,
7,?,?,294,
4,.,.,636,
717,‘,‘,2,
1201,“,“,1,
8,(,(,233,
9,),),232,
1202,0,0,1,
1203,33,33,1,
1204,1000,1000,1,
718,12,12,2,
302,13,13,6,
1205,14,14,1,
1206,15,15,1,
522,16,16,3,
1207,17,17,1,
1208,1908,1908,1,
523,2,2,3,
524,22,22,3,
719,23,23,2,
1209,25,25,1,
1210,27,27,1,
720,28,28,2,
721,3,3,2,
722,33,33,2,
723,34,34,2,
1211,35,35,1,
1212,37,37,1,
1213,38,38,1,
525,4,4,3,
526,43,43,3,
1214,44,44,1,
1215,45,45,1,
1216,5,5,1,
724,50,50,2,
354,5000,5000,5,
725,53,53,2,
1217,55,55,1,
1218,59,59,1,
1219,60,60,1,
1220,7,7,1,
1221,8,8,1,
1222,9,9,1,
129,א,א,17,
11,אַ,אַ,230,
121,אָ,אָ,18,
1223,א.ז,א.ז,1,
1224,אאָ,אאָ,1,
1225,אאָקֶען,אאָקֶען,1,
192,אב,אב,11,
240,אַב,אַב,8,
193,אָב,אָב,11,
208,אָבּ,אָבּ,10,
727,אָבּוואהל,אָבּוואהל,2,
1227,אַבּי,אַבּי,1,
1228,אַבֵּי,אַבֵּי,1,
1229,אָבֶּןאנֶען,אָבֶּןאנֶען,1,
303,אָבֶּער,אָבֶּער,6,אָבֶּער
1230,אַבֶּערגְלויבֶּען,אַבֶּערגְלויבֶּען,1,אַבֶּערְגְלויבֶּען
1231,אָבּצוּקויפֶען,אָבּצוּקויפֶען,1,אָבּצוּקויפֶען
1232,אָבּקויפֶען,אָבּקויפֶען,1,
1233,אַבְּשִיער,אַבְּשִיער,1,
1234,אָדֶער,אָדֶער,1,
1235,אַדרבּה,אַדרבּה,1,
1236,אַה,אַה,1,
130,אָה,אָה,17,
528,אַהֵיים,אַהֵיים,3,
425,אַהין,אַהין,4,
1237,אַהינגֶעהן,אַהינגֶעהן,1,
142,אָהן,אָהן,16,
728,אָהנֶע,אָהנֶע,2,
1238,אַהעָר,אַהעָר,1,
268,אַהֶער,אַהֶער,7,
1239,אָהרֶען,אָהרֶען,1,
1240,אואונטֶע,אואונטֶע,1,
1241,אוָואס,אוָואס,1,
1242,אוֵוייסְ,אוֵוייסְ,1,
529,אוֶועק,אוֶועק,3,
729,אַוֶועק,אַוֶועק,2,
1243,אוופטריט,אוופטריט,1,
74,אוי,אוי,38,
730,אוֹי,אוֹי,2,
426,אויבּ,אויבּ,4,
1244,אויבֶּען,אויבֶּען,1,
1245,אויג,אויג,1,
530,אויגֶענבּליק,אויגֶענבּליק,3,
1246,אויגֶענליכט,אויגֶענליכט,1,
1247,אויגֶענקראנקהייט,אויגֶענקראנקהייט,1,
355,אויךְ,אויךְ,5,
731,אוים,אוים,2,
732,אוינ,אוינ,2,
1248,אוינֶען,אוינֶען,1,
531,אוינֶענבּליק,אוינֶענבּליק,3,
1249,אוינֶענקראנקהייט,אוינֶענקראנקהייט,1,
122,אויס,אויס,18,
1250,אויסאגֶען,אויסאגֶען,1,
1251,אויסְבְּלֵייבֶּען,אויסְבְּלֵייבֶּען,1,
532,אויסגֶעהאפּט,אויסגֶעהאפּט,3,
1252,אויסְגֶעוֶועהלְט,אויסְגֶעוֶועהלְט,1,
733,אויסְגֶעזֶעהן,אויסְגֶעזֶעהן,2,
1253,אויסגֶעלאט,אויסגֶעלאט,1,
1254,אויסגֶעלאָןט,אויסגֶעלאָןט,1,
1255,אויסְגֶעלאסֶענֶע,אויסְגֶעלאסֶענֶע,1,
1258,אויסגֶעלייוט,אויסגֶעלייוט,1,
1259,אויסגֶעפוצט,אויסגֶעפוצט,1,
1260,אויסגֶעקראצט,אויסגֶעקראצט,1,
1261,אויסְגֶעשְטְרֶעְקְט,אויסְגֶעשְטְרֶעְקְט,1,
1262,אויסְגֶעשְרִיען,אויסְגֶעשְרִיען,1,
533,אויסחאפּען,אויסחאפּען,3,
1263,אויסחאפּעניש,אויסחאפּעניש,1,
1264,אויסלָאזֶען,אויסלָאזֶען,1,
1265,אויסְמָאהלֶען,אויסְמָאהלֶען,1,
1266,אויסניצֶען,אויסניצֶען,1,
1267,אויסס,אויסס,1,
734,אויסער,אויסער,2,
1268,אויסֶערְוֶועהלְט,אויסֶערְוֶועהלְט,1,
1269,אויסרייסען,אויסרייסען,1,
1270,אויסרֶעדֶען,אויסרֶעדֶען,1,
1271,אויפ,אויפ,1,
38,אויף,אויף,81,
1272,אויפגֶעכאפּט,אויפגֶעכאפּט,1,
1273,אויפגֶערֶענט,אויפגֶערֶענט,1,
1274,אויפגֶעשטאנֶען,אויפגֶעשטאנֶען,1,
1275,אויפהֶערֶען,אויפהֶערֶען,1,
123,אויפטריט,אויפטריט,18,
736,אויפֿטריט,אויפֿטריט,2,
1276,אויפטרֶעטֶען,אויפטרֶעטֶען,1,
1278,אויקרוּפֶען,אויקרוּפֶען,1,
209,אוּם,אוּם,10,
1279,אומארמונג,אומארמונג,1,
534,אומארמט,אומארמט,3,
738,אוּמאַרמֶען,אוּמאַרמֶען,2,
1280,אוּמגליק,אוּמגליק,1,
1281,אוּמגֶעוֶוערפֶען,אוּמגֶעוֶוערפֶען,1,
739,אונ,אונ,2,
143,און,און,16,
1282,אוּנְאַנְגֶענֶעהם,אוּנְאַנְגֶענֶעהם,1,
535,אוּנְגְלִיקליך,אוּנְגְלִיקליך,3,
1284,אוּנְגְלִיקליךְ,אוּנְגְלִיקליךְ,1,
1286,אוּנְגְלִיקליכען,אוּנְגְלִיקליכען,1,
1288,אוּנְגְלִיקליכעס,אוּנְגְלִיקליכעס,1,
1289,אוּנְגלִיקְלִיכֶער,אוּנְגלִיקְלִיכֶער,1,
427,אוּנְגְלִיקליכער,אוּנְגְלִיקליכער,4,
1291,אונְז,אונְז,1,
132,אוּנְזער,אוּנְזער,17,
1293,אוּנְזֶער,אוּנְזֶער,1,
1295,אוּנְזערֶע,אוּנְזערֶע,1,
269,אונטֶער,אונטֶער,7,
1296,אונטֶערברֶעכענד,אונטֶערברֶעכענד,1,
1297,אוּנטֶערזוּכוּנג,אוּנטֶערזוּכוּנג,1,
1298,אונטֶערשרייבט,אונטֶערשרייבט,1,
1299,אוּנטֶערשרייבֶּען,אוּנטֶערשרייבֶּען,1,
1300,אונטֶערשריעבֶּען,אונטֶערשריעבֶּען,1,
1301,אוּנטֶערשריעבֶּען,אוּנטֶערשריעבֶּען,1,
1302,אונטֶערשריפט,אונטֶערשריפט,1,
1303,אוּנכאפּען,אוּנכאפּען,1,
1304,אונמאכט,אונמאכט,1,
1305,אוּנמֶעכטיג,אוּנמֶעכטיג,1,
1306,אונמֶענליך,אונמֶענליך,1,
1307,אוּנס,אוּנס,1,
1308,אוּנֶערפארֶענֶעס,אוּנֶערפארֶענֶעס,1,
1309,אונצופריעדֶענֶער,אונצופריעדֶענֶער,1,
428,אוּנרֶעכט,אוּנרֶעכט,4,
742,אונשוּלד,אונשוּלד,2,
1310,אוּנשוּלד,אוּנשוּלד,1,
1311,אונשוּלדִיג,אונשוּלדִיג,1,
1312,אונשוּלדִיגֶען,אונשוּלדִיגֶען,1,
1313,אונשוּלדִיגֶעס,אונשוּלדִיגֶעס,1,
1314,אוּרזָאכע,אוּרזָאכע,1,
59,אַז,אַז,51,
1315,אַזַאַ,אַזַאַ,1,
1316,אָזָאַ,אָזָאַ,1,
34,אַזוי,אַזוי,89,
1317,אַזויפְיעל,אַזויפְיעל,1,
536,אָט,אָט,3,
1318,אַטֶען,אַטֶען,1,
1319,אַיָא,אַיָא,1,
1320,אִיבֶּערגֶעזִינגֶען,אִיבֶּערגֶעזִינגֶען,1,
1321,אִיבֶּערדָאשט,אִיבֶּערדָאשט,1,
745,אִיבֶּערלָאזֶען,אִיבֶּערלָאזֶען,2,
1325,אִיבֶּערנאַנג,אִיבֶּערנאַנג,1,
1326,אִיבֶּערצוּקוּמֶען,אִיבֶּערצוּקוּמֶען,1,
1327,אִיבערציהֶער,אִיבערציהֶער,1,
747,אִיבֶּערציינט,אִיבֶּערציינט,2,
1328,אִיבֶּערציינֶע,אִיבֶּערציינֶע,1,
1329,אִיבֶּערקוּמֶען,אִיבֶּערקוּמֶען,1,
1330,אִיבֶּערקֶעהרט,אִיבֶּערקֶעהרט,1,
1331,אִיבֶּערקֶעהרֶען,אִיבֶּערקֶעהרֶען,1,
1332,אִיבֶּערראשט,אִיבֶּערראשט,1,
1333,אִיבּרינֶענס,אִיבּרינֶענס,1,
1334,אִיה,אִיה,1,
1335,אִיה'ש,אִיה'ש,1,
1336,איהם,איהם,1,
537,איהר,איהר,3,
1337,איהרֶע,איהרֶע,1,
194,אִיהרֶע,אִיהרֶע,11,
748,אִיהרֶען,אִיהרֶען,2,
1338,אִייבּיג,אִייבּיג,1,
1339,אִייבֶּערשטֶער,אִייבֶּערשטֶער,1,
1340,אִייגאַ,אִייגאַ,1,
1341,אֵייגֶענֶען,אֵייגֶענֶען,1,
1342,אֵיידֶעם,אֵיידֶעם,1,
751,אִיידֶער,אִיידֶער,2,
1343,אֵיידֶער,אֵיידֶער,1,
1344,אַייזען,אַייזען,1,
1345,אִייזער,אִייזער,1,
1346,איין,איין,1,
357,אֵיין,אֵיין,5,
1347,אַיינבּיינֶען,אַיינבּיינֶען,1,
1348,אִיינגֶעוִויקֶעלטֶען,אִיינגֶעוִויקֶעלטֶען,1,
1349,אַיינגֶערֶעדְט,אַיינגֶערֶעדְט,1,
1350,אַיינדרוּק,אַיינדרוּק,1,
1351,אִיינהַאלְטֶען,אִיינהַאלְטֶען,1,
1352,אַיינווענדֶען,אַיינווענדֶען,1,
1353,אִיינזֶעהן,אִיינזֶעהן,1,
1354,אִיינסיי,אִיינסיי,1,
753,אַיינֶעם,אַיינֶעם,2,
538,אַיינֶען,אַיינֶען,3,
1355,אַיינֶענטהימֶער,אַיינֶענטהימֶער,1,
754,אַיינֶענֶע,אַיינֶענֶע,2,
1356,אַיינֶענֶער,אַיינֶענֶער,1,
1357,אַיינְפַאכֶע,אַיינְפַאכֶע,1,
1358,אִיינציג,אִיינציג,1,
1359,אַיינציג,אַיינציג,1,
1360,אִיינצינֶע,אִיינצינֶע,1,
1361,אִיינצינֶער,אִיינצינֶער,1,
539,אַייעֶר,אַייעֶר,3,
540,אֵייעֶרֶע,אֵייעֶרֶע,3,
1362,אֵייעֶרֶע,אֵייעֶרֶע,1,
1363,אַייעֶרֶע,אַייעֶרֶע,1,
541,אִיךְ,אִיךְ,3,
1365,אִימה,אִימה,1,
429,אִימֶער,אִימֶער,4,
756,אין,אין,2,
28,אִין,אִין,101,
430,אֵין,אֵין,4,
1366,אִינהיילכּאר,אִינהיילכּאר,1,
1367,אִינטאָשע,אִינטאָשע,1,
1368,אִינטֶערֶעסע,אִינטֶערֶעסע,1,
1369,אִינקוִויזִיציָאָנֶען,אִינקוִויזִיציָאָנֶען,1,
1370,אִינשע,אִינשע,1,
304,איסר,איסר,6,
54,אִיסר,אִיסר,55,
1371,אִיסָר,אִיסָר,1,
757,אִיצט,אִיצט,2,
1372,אִירגֶענד,אִירגֶענד,1,
154,אַך,אַך,15,
1373,אָך,אָך,1,
1374,אַכְטוּנְג,אַכְטוּנְג,1,
1375,אַכטֶען,אַכטֶען,1,
1376,אָכנֶע,אָכנֶע,1,
758,אל,אל,2,
1377,אַל,אַל,1,
1378,אָל,אָל,1,
759,אַלא,אַלא,2,
1379,אַלאז,אַלאז,1,
1380,אַלְזָא,אַלְזָא,1,
1381,אָלחנן,אָלחנן,1,
1382,אַלט,אַלט,1,
1383,אַלטאר,אַלטאר,1,
1384,אָלטֶער,אָלטֶער,1,
75,אלטֶעריל,אלטֶעריל,38,
62,אַלטֶעריל,אַלטֶעריל,47,
760,אַלְטֶערִיל,אַלְטֶערִיל,2,
1385,אַלטֶעריל'ס,אַלטֶעריל'ס,1,
1386,אַלטֶערל'ן,אַלטֶערל'ן,1,
1387,אַלטֶערל'ס,אַלטֶערל'ס,1,
1388,אַלטרלען,אַלטרלען,1,
1389,אַליָא,אַליָא,1,
1390,אֵלִיהוּ,אֵלִיהוּ,1,
358,אֵלִיָהוּ,אֵלִיָהוּ,5,
1391,אֶליהוּ,אֶליהוּ,1,
761,אַלִיָהוּ,אַלִיָהוּ,2,
762,אָליהוּ,אָליהוּ,2,
1392,אַלמֶעכטינֶער,אַלמֶעכטינֶער,1,
1393,אַלע,אַלע,1,
1394,אַלֶעא,אַלֶעא,1,
1395,אַלֶעזִיסֶע,אַלֶעזִיסֶע,1,
1396,אַלֶעמֶען,אַלֶעמֶען,1,
1397,אַלֶען,אַלֶען,1,
103,אַלֶעס,אַלֶעס,22,
1399,אֶלקִים,אֶלקִים,1,
1400,אַמאַל,אַמאַל,1,
1401,אַמאָל,אַמאָל,1,
543,אָמֵן,אָמֵן,3,
1402,אַמֶעריקא,אַמֶעריקא,1,
1403,אמקרויט,אמקרויט,1,
1404,אמשטאַמשטֶע,אמשטאַמשטֶע,1,
305,אמת,אמת,6,
1405,אַנא,אַנא,1,
1406,אַנבּיטֶען,אַנבּיטֶען,1,
1407,אַנבּיעטֶען,אַנבּיעטֶען,1,
764,אָנגֶעהויבֶּען,אָנגֶעהויבֶּען,2,
1408,אָנגֶעוָוארֶען,אָנגֶעוָוארֶען,1,
1409,אָנגֶעוִוינשען,אָנגֶעוִוינשען,1,
1410,אַנגֶעכאטֶען,אַנגֶעכאטֶען,1,
1411,אנדֶערבּארֶע,אנדֶערבּארֶע,1,
306,אַנדֶערֶע,אַנדֶערֶע,6,
1412,אַנדֶערֶען,אַנדֶערֶען,1,
766,אַנדֶערֶער,אַנדֶערֶער,2,
1413,אַנדֶערעֵר,אַנדֶערעֵר,1,
767,אַנדֶערש,אַנדֶערש,2,
1414,אָנְהֶענְגֶען,אָנְהֶענְגֶען,1,
1415,אנט,אנט,1,
1416,אַנטלאפֶען,אַנטלאפֶען,1,
1417,אַנטלויפט,אַנטלויפט,1,
768,אַנידֶער,אַנידֶער,2,
1418,אַננֶעהמֶען,אַננֶעהמֶען,1,
1419,אָנפֶערטרויט,אָנפֶערטרויט,1,
1420,אַנצוּבעטֶען,אַנצוּבעטֶען,1,
134,אָנקֶעל,אָנקֶעל,17,
1421,אָנשיִקֶעניש,אָנשיִקֶעניש,1,
1422,אַפאוט,אַפאוט,1,
1423,אַפאטש,אַפאטש,1,
1424,אַפּאר,אַפּאר,1,
307,אפארט,אפארט,6,
770,אַפאַרט,אַפאַרט,2,
1425,אָפּגֶענוּמֶען,אָפּגֶענוּמֶען,1,
771,אָפט,אָפט,2,
772,אַפילוּ,אַפילוּ,2,
1426,אפיער,אפיער,1,
773,אפיקומן,אפיקומן,2,
1427,אַפיקומן,אַפיקומן,1,
1428,אָפֶען,אָפֶען,1,
1429,אָפֶער,אָפֶער,1,
1430,אפּעראציָאָן,אפּעראציָאָן,1,
1431,אפפֶער,אפפֶער,1,
545,אָפּפֶער,אָפּפֶער,3,
1432,אָפפֶערן,אָפפֶערן,1,
1433,אָפְּפֶערְן,אָפְּפֶערְן,1,
1434,אַצונד,אַצונד,1,
155,אַצוּנד,אַצוּנד,15,
1435,אַצוּנְד,אַצוּנְד,1,
124,אַצינד,אַצינד,18,
1436,אַצִינְד,אַצִינְד,1,
1437,אַקְט,אַקְט,1,
1438,אַקטֶען,אַקטֶען,1,
1439,אראָבּ,אראָבּ,1,
774,אַראבּ,אַראבּ,2,
1440,אַראנזִירט,אַראנזִירט,1,
1441,אראפ,אראפ,1,
546,ארויס,ארויס,3,
309,אַרויס,אַרויס,6,
1442,אַרויסצוּלָאזֶען,אַרויסצוּלָאזֶען,1,
1443,אַרויסרייסען,אַרויסרייסען,1,
431,אַרויף,אַרויף,4,
1444,ארום,ארום,1,
1445,ארוּם,ארוּם,1,
1446,אַרוּם,אַרוּם,1,
1447,אָרוּם,אָרוּם,1,
432,אָרוּמֶע,אָרוּמֶע,4,
1448,אַרוּמצוּנֶעהן,אַרוּמצוּנֶעהן,1,
775,אַרונטֶער,אַרונטֶער,2,
1449,אַריבֶּער,אַריבֶּער,1,
547,אריין,אריין,3,
1450,אריינגֶעקומֶען,אריינגֶעקומֶען,1,
1451,אריינקוּמֶענד,אריינקוּמֶענד,1,
1452,אָרים,אָרים,1,
1453,אָרימאָן,אָרימאָן,1,
1454,אַרְם,אַרְם,1,
1455,אָרמֶע,אָרמֶע,1,
1456,ארמֶעס,ארמֶעס,1,
1457,אַרצט,אַרצט,1,
1458,אָשא,אָשא,1,
1459,אִשְתִּי,אִשְתִּי,1,
777,אֶת,אֶת,2,
1461,אַתה,אַתה,1,
1462,בַּאבֶּען,בַּאבֶּען,1,
1463,באלקאָן,באלקאָן,1,
1464,בּאמבֶּע,בּאמבֶּע,1,
1465,בּאנקיער,בּאנקיער,1,
1466,באס,באס,1,
1467,בָּאק,בָּאק,1,
1468,בַּאקְט,בַּאקְט,1,
1469,בּארג,בּארג,1,
1470,בָּארְד,בָּארְד,1,
1471,בּארֶעדֶען,בּארֶעדֶען,1,
1472,בּארקייט,בּארקייט,1,
1473,בָּאתָ,בָּאתָ,1,
1474,בּהלה,בּהלה,1,
1475,בּהמה,בּהמה,1,
1476,בְּהֵמות,בְּהֵמות,1,
1477,בּוידֶעם,בּוידֶעם,1,
1478,בּויך,בּויך,1,
548,בּוים,בּוים,3,
1479,בּוימֶערקֶע,בּוימֶערקֶע,1,
1480,בּוּכהאלטֶער,בּוּכהאלטֶער,1,
549,בּוּכהַאלְטֶער,בּוּכהַאלְטֶער,3,
1481,בּוּכהַאלְטֶער,בּוּכהַאלְטֶער,1,
1482,בוכהאַנדלונג,בוכהאַנדלונג,1,
1483,בורה'כע,בורה'כע,1,
1484,בּחוּר,בּחוּר,1,
1485,בּיגֶען,בּיגֶען,1,
241,בִּיזט,בִּיזט,8,
1486,בִּיזְט,בִּיזְט,1,
433,בִּיזטו,בִּיזטו,4,
360,בִּיזטוּ,בִּיזטוּ,5,
1487,בִּיזְטו,בִּיזְטו,1,
310,בּיט,בּיט,6,
1488,בּיטוּ,בּיטוּ,1,
1489,בּיטֶע,בּיטֶע,1,
1490,בִּיטֶע,בִּיטֶע,1,
1491,בִּיטֶערֶע,בִּיטֶערֶע,1,
270,ביי,ביי,7,
1492,בֵּיי,בֵּיי,1,
94,בּיי,בּיי,28,
1493,בֵּיי,בֵּיי,1,
780,בַּיי,בַּיי,2,
1494,בֵּיידֶע,בֵּיידֶע,1,
1495,בייז,בייז,1,
1496,בּייזערן,בּייזערן,1,
781,בּיין,בּיין,2,
1497,בּיך,בּיך,1,
1498,בִּיכֶער,בִּיכֶער,1,
1499,בִּילְד,בִּילְד,1,
1500,בִּילְדֶער,בִּילְדֶער,1,
1501,בּיליכער,בּיליכער,1,
783,בִּין,בִּין,2,
784,בינדֶע,בינדֶע,2,בִּינדֶע
552,בִּינדֶע,בִּינדֶע,3,
361,בִּיןט,בִּיןט,5,בִּיזט
785,בִּיןטוּ,בִּיןטוּ,2,בִּיזטוּ
1502,בּיס,בּיס,1,בִּיס
243,בּיסט,בּיסט,8,בִּיסְט
553,בּיסטוּ,בּיסטוּ,3,בִּיסטוּ
1503,ביסס,ביסס,1,
786,בּית,בּית,2,
1504,בֵּיתי,בֵּיתי,1,
1505,בּלאז,בּלאז,1,
1506,בּלאטֶע,בּלאטֶע,1,בּלאַסֶע
1507,בּלאַסע,בּלאַסע,1,בּלאַסֶע
1508,בּלאסעס,בּלאסעס,1,בּלאַסֶעס
1509,בּלאסער,בּלאסער,1,בּלאַסֶער
1510,בּלאסקייט,בּלאסקייט,1,
1511,בּלבּוּל,בּלבּוּל,1,
1512,בְּלוט,בְּלוט,1,
1513,בּלוּטזויגֶער,בּלוּטזויגֶער,1,
787,בּלויס,בּלויס,2,
1514,בּלוּמֶע,בּלוּמֶע,1,
1515,בלייבט,בלייבט,1,
363,בְּלַייבּט,בְּלַייבּט,5,
1516,בְּלֵייבֶּע,בְּלֵייבֶּע,1,
1517,בְּלַייבֶּע,בְּלַייבֶּע,1,
1518,בְּלַייבֶּען,בְּלַייבֶּען,1,
1519,בּלינד,בּלינד,1,בּלִינְד
788,בְּלִינדהייט,בְּלִינדהייט,2,
1520,בְּלִינדֶע,בְּלִינדֶע,1,בְּלִינְדֶע
1521,בּלינדֶער,בּלינדֶער,1,בְּלִינְדֶער
1522,בְּלִינְדֶערהייט,בְּלִינְדֶערהייט,1,
1523,בּלינךהייט,בּלינךהייט,1,בְּלִינְדהייט
1524,בּליצֶען,בּליצֶען,1,
1525,בליקטן,בליקטן,1,
789,בּליקֶען,בּליקֶען,2,
790,בּמקום,בּמקום,2,
1526,בְּנֵי,בְּנֵי,1,
1527,בּסט,בּסט,1,
1528,בּסךר,בּסךר,1,
555,בֶּע,בֶּע,3,
1529,בֶּעגלייטֶען,בֶּעגלייטֶען,1,
364,בֶּעגליקֶען,בֶּעגליקֶען,5,
1530,בֶּעגְלִיקֶען,בֶּעגְלִיקֶען,1,
1531,בֶּעגֶעהרְט,בֶּעגֶעהרְט,1,
1532,בֶּעדָארף,בֶּעדָארף,1,
1533,בֶּעדָארפט,בֶּעדָארפט,1,
1534,בֶּעדוירֶע,בֶּעדוירֶע,1,
1535,בֶּעדֶענקֶע,בֶּעדֶענקֶע,1,
1536,בעהַאלְט,בעהַאלְט,1,
791,בֶּעהַאלְטֶען,בֶּעהַאלְטֶען,2,
792,בֶּעהט,בֶּעהט,2,
1537,בֶּעהייטֶע,בֶּעהייטֶע,1,
1538,בֶּעהילפליך,בֶּעהילפליך,1,
1539,בעוואוּסטלאַז,בעוואוּסטלאַז,1,
1540,בעוואוּסטלאָז,בעוואוּסטלאָז,1,
1541,בֶּעוואוּּסטלאז,בֶּעוואוּּסטלאז,1,
435,בֶּעוִויזען,בֶּעוִויזען,4,
1542,בעוועגליך,בעוועגליך,1,
1543,בֶּעזָארגֶע,בֶּעזָארגֶע,1,
1544,בֶּעזוּך,בֶּעזוּך,1,
1545,בֶּעזוּכְט,בֶּעזוּכְט,1,
1546,בֶּעזוּנדֶערן,בֶּעזוּנדֶערן,1,
1547,בֶּעזִיענֶען,בֶּעזִיענֶען,1,
557,בֶּעט,בֶּעט,3,
1548,בֶּעטְלֶער,בֶּעטְלֶער,1,
1549,בֶּעטסטוּ,בֶּעטסטוּ,1,
1550,בֶּעטְרַאכְט,בֶּעטְרַאכְט,1,
1551,בעטראַנט,בעטראַנט,1,בֶּעטְראַגְט
1552,בעטראנטֶעט,בעטראנטֶעט,1,
1553,בֶּעטרוּג,בֶּעטרוּג,1,
1554,בֶּעטריגֶען,בֶּעטריגֶען,1,
436,בֶּעל,בֶּעל,4,
1555,בֶּעלאהנֶען,בֶּעלאהנֶען,1,
1556,בֶּעליידִיגֶען,בֶּעליידִיגֶען,1,
1557,בֶּעליידִינט,בֶּעליידִינט,1,
1558,בֶּעמיהט,בֶּעמיהט,1,
1559,בֶּעמיהעָן,בֶּעמיהעָן,1,
1560,בעמֶערקֶען,בעמֶערקֶען,1,
1561,בֶּען,בֶּען,1,
1562,בֶּענאנגֶען,בֶּענאנגֶען,1,
1563,בֶּענגט,בֶּענגט,1,
1564,בֶּענעָהן,בֶּענעָהן,1,
1565,בֶּענֶעהען,בֶּענֶעהען,1,
1566,בֶּענְקִיל,בֶּענְקִיל,1,
796,בֶּענְשְט,בֶּענְשְט,2,
1567,בעס,בעס,1,
1568,בֶּעסן,בֶּעסן,1,
365,בֶּעסער,בֶּעסער,5,
1569,בֶּעסֶער,בֶּעסֶער,1,
1570,בֶּעסערֶע,בֶּעסערֶע,1,
1571,בֶּעפאר,בֶּעפאר,1,
1572,בֶּעפינדֶעט,בֶּעפינדֶעט,1,
1573,בֶּעקאנט,בֶּעקאנט,1,
1574,בֶּעקאנטֶע,בֶּעקאנטֶע,1,
558,בֶּעקוּמט,בֶּעקוּמט,3,
438,בֶּעקוּמֶען,בֶּעקוּמֶען,4,
1575,בֶּער'ער,בֶּער'ער,1,
1576,בֶּערוּהיג,בֶּערוּהיג,1,
1577,בֶּערוישט,בֶּערוישט,1,
1578,בֶּערייהע,בֶּערייהע,1,
798,בֶּערייט,בֶּערייט,2,
1579,בערמאן,בערמאן,1,
1580,בֶּערמאן,בֶּערמאן,1,
64,בֶּערמַאָן,בֶּערמַאָן,42,
1582,בֶּעשולדִיגוּנג,בֶּעשולדִיגוּנג,1,
1583,בֶּעשולדִיגט,בֶּעשולדִיגט,1,
1584,בֶּעשטימטֶע,בֶּעשטימטֶע,1,
1585,בֶּעשטֶעה,בֶּעשטֶעה,1,
1586,בֶּעשטֶעטינוּנג,בֶּעשטֶעטינוּנג,1,
1587,בֶּעשטראפט,בֶּעשטראפט,1,
799,בֶּעשטראפֶען,בֶּעשטראפֶען,2,
1588,בֶּעשעהרט,בֶּעשעהרט,1,
1589,בֶּעשערט,בֶּעשערט,1,
1590,בּראך,בּראך,1,
800,בְּרוּדֶער,בְּרוּדֶער,2,
1591,בְּרוּדֶערְס,בְּרוּדֶערְס,1,
1592,בּרויט,בּרויט,1,
1593,בּרויטינאם,בּרויטינאם,1,
1594,בּרויךְ,בּרויךְ,1,
1595,בְּרויכְסְטוּ,בְּרויכְסְטוּ,1,
559,בּרוּך,בּרוּך,3,
1596,בּרייטינאם,בּרייטינאם,1,
1597,בְּרִינְג,בְּרִינְג,1,
1598,בּרינגֶען,בּרינגֶען,1,
1599,בריער,בריער,1,
1600,בּריקאַלֶע,בּריקאַלֶע,1,
801,בְּרָכָה,בְּרָכָה,2,
1601,בְּרֶעכְט,בְּרֶעכְט,1,
1602,בּרֶעכען,בּרֶעכען,1,
803,בְּרֶענְגט,בְּרֶענְגט,2,
804,בּרֶענֶען,בּרֶענֶען,2,
805,בְּשוּרָה,בְּשוּרָה,2,
1603,בְּשוּרות,בְּשוּרות,1,
1604,בְּשוּרות,בְּשוּרות,1,
1605,בְּשָלום,בְּשָלום,1,
1606,בּשמחה,בּשמחה,1,
806,ג,ג,2,
1607,גָאט'ס,גָאט'ס,1,
1608,גאלדפארבּ,גאלדפארבּ,1,
1609,גאלדפאָרבּ,גאלדפאָרבּ,1,
1610,גַאנץ,גַאנץ,1,
1611,גָארטֶען,גָארטֶען,1,
561,גביר,גביר,3,
163,גוּט,גוּט,13,
366,גוּלדֶען,גוּלדֶען,5,
808,גולם,גולם,2,
1612,גור,גור,1,
1613,גִיבּ,גִיבּ,1,
367,גיבט,גיבט,5,
564,גיט,גיט,3,
1614,גייט,גייט,1,
1615,גִיכֶער,גִיכֶער,1,
565,גִיס,גִיס,3,
1616,גְלויבּסט,גְלויבּסט,1,
368,גְלויבֶּע,גְלויבֶּע,5,
1617,גליהֶענְדֶע,גליהֶענְדֶע,1,
1618,גליהֶענְדֶער,גליהֶענְדֶער,1,
1619,גלייבּט,גלייבּט,1,
809,גלייך,גלייך,2,
1620,גליעדֶערן,גליעדֶערן,1,
244,גליק,גליק,8,
1621,גְלִיק,גְלִיק,1,
441,גליקליך,גליקליך,4,
1622,גליקליכע,גליקליכע,1,
1623,גליקליכען,גליקליכען,1,
1624,גליקליכער,גליקליכער,1,
1625,גנבות,גנבות,1,
1626,גןעדן,גןעדן,1,
1627,גֶעאנְט,גֶעאנְט,1,
1628,גֶעב,גֶעב,1,
1629,גֶעבּאטֶען,גֶעבּאטֶען,1,
1630,גֶעבּוירֶען,גֶעבּוירֶען,1,
1631,גֶעבּוירֶענֶער,גֶעבּוירֶענֶער,1,
1632,גֶעבּוּנדֶען,גֶעבּוּנדֶען,1,
1633,גֶעבִּילְדֶעטֶער,גֶעבִּילְדֶעטֶער,1,
810,גֶעבּליבֶּען,גֶעבּליבֶּען,2,
1634,גֶעבלענדֶעט,גֶעבלענדֶעט,1,
1635,גֶעבֶּע,גֶעבֶּע,1,
1636,גֶעבֶּעך,גֶעבֶּעך,1,
1637,גֶעבְּרָאטֶענְס,גֶעבְּרָאטֶענְס,1,
1638,גֶעבְּרַאכְט,גֶעבְּרַאכְט,1,
1639,גֶעבְּרֶענְגט,גֶעבְּרֶענְגט,1,
1640,גֶעגְלויבּט,גֶעגְלויבּט,1,
442,גֶעגֶעבֶּען,גֶעגֶעבֶּען,4,
811,גֶעגֶענוֶוערט,גֶעגֶענוֶוערט,2,
1641,גֶעגֶענטייל,גֶעגֶענטייל,1,
1642,גֶעגֶענייטיג,גֶעגֶענייטיג,1,
1643,גֶעדָאכט,גֶעדָאכט,1,
1644,גֶעדַאנְק,גֶעדַאנְק,1,
1645,גֶעדַאנְקֶען,גֶעדַאנְקֶען,1,
812,גֶעדֶענק,גֶעדֶענק,2,
1646,גֶעדֶענְקְט,גֶעדֶענְקְט,1,
1647,גֶעדרֶענג,גֶעדרֶענג,1,
443,גֶעהָאט,גֶעהָאט,4,
1648,גֶעהַאלְזְט,גֶעהַאלְזְט,1,
1649,גֶעהאַקטֶע,גֶעהאַקטֶע,1,
1650,גֶעהארט,גֶעהארט,1,
1651,גֶעהַייסְען,גֶעהַייסְען,1,
1652,גֶעהָערְט,גֶעהָערְט,1,
1653,גֶעהֶערֶען,גֶעהֶערֶען,1,
1654,גֶעהרנ'עט,גֶעהרנ'עט,1,
1655,גֶעוואוּּסט,גֶעוואוּּסט,1,
278,גֶעוואלד,גֶעוואלד,7,
1656,גֶעווָאלְט,גֶעווָאלְט,1,
815,גֶעוואנט,גֶעוואנט,2,
1657,גֶעוִויין,גֶעוִויין,1,
313,גֶעוִויס,גֶעוִויס,6,
1659,גֶעוִויסהייט,גֶעוִויסהייט,1,
1660,גֶעוִויסער,גֶעוִויסער,1,
1661,גֶעוִויעען,גֶעוִויעען,1,
1662,גֶעווֶעהן,גֶעווֶעהן,1,
1663,גֶעוֶועהן,גֶעוֶועהן,1,
1664,גֶעוֶועהנליך,גֶעוֶועהנליך,1,
227,גֶעוועזען,גֶעוועזען,9,
1665,גֶעוועזענֶע,גֶעוועזענֶע,1,
1666,גֶעוועָן,גֶעוועָן,1,
157,גֶעוֶוען,גֶעוֶוען,14,
1667,גֶעוֶועןען,גֶעוֶועןען,1,
1668,גֶעוֶוערפֶען,גֶעוֶוערפֶען,1,
1669,גֶעוןארֶען,גֶעוןארֶען,1,
816,גֶעזָאַגט,גֶעזָאַגט,2,
1670,גֶעזָאגֶט,גֶעזָאגֶט,1,
817,גֶעזָאנג,גֶעזָאנג,2,
245,גֶעזָאנט,גֶעזָאנט,8,
818,גֶעזָאַנט,גֶעזָאַנט,2,
1671,גֶעזוּכט,גֶעזוּכט,1,
819,גֶעזוּנגֶען,גֶעזוּנגֶען,2,
566,גֶעזוּנד,גֶעזוּנד,3,
1672,גֶעזוּנְד,גֶעזוּנְד,1,
1673,גֶעזוּנדהייט,גֶעזוּנדהייט,1,
820,גֶעזוּנדטֶערהייט,גֶעזוּנדטֶערהייט,2,
1674,גֶעזוּנדֶער,גֶעזוּנדֶער,1,
821,גֶעזִיכט,גֶעזִיכט,2,
1675,גֶעזֶעגְנֶען,גֶעזֶעגְנֶען,1,
822,גֶעזֶעהן,גֶעזֶעהן,2,
567,גֶעזֶעהן,גֶעזֶעהן,3,
445,גֶעזֶעהֶען,גֶעזֶעהֶען,4,
1676,גֶעזֶעהען,גֶעזֶעהען,1,
1677,גֶעחאפּט,גֶעחאפּט,1,
1678,גֶעחלע'ט,גֶעחלע'ט,1,
1679,גֶעחלש'ט,גֶעחלש'ט,1,
1680,גֶעטהון,גֶעטהון,1,
568,גֶעטהוּן,גֶעטהוּן,3,
823,גֶעטליכע,גֶעטליכע,2,
824,גֶעטראפֶען,גֶעטראפֶען,2,
1681,גֶעךרֶענג,גֶעךרֶענג,1,
1682,גֶעלאָזט,גֶעלאָזט,1,
1683,גֶעלָאזְט,גֶעלָאזְט,1,
569,גֶעלאט,גֶעלאט,3,
570,גֶעלאכט,גֶעלאכט,3,
1684,גֶעלאפֶען,גֶעלאפֶען,1,
1685,גֶעלדגֶעריגֶען,גֶעלדגֶעריגֶען,1,
825,גֶעלונגֶען,גֶעלונגֶען,2,
1686,גֶעליינט,גֶעליינט,1,
1687,גֶעלינדֶערט,גֶעלינדֶערט,1,
1688,גֶעליעבּט,גֶעליעבּט,1,
826,גֶעליעבּטֶע,גֶעליעבּטֶע,2,
1689,גֶעליעבּטֶען,גֶעליעבּטֶען,1,
827,גֶעליעבּטֶער,גֶעליעבּטֶער,2,
1690,גֶעלִיעבְּטֶער,גֶעלִיעבְּטֶער,1,
1691,גֶעלעגט,גֶעלעגט,1,
1692,גֶעלעגֶענהייט,גֶעלעגֶענהייט,1,
1693,גֶעלעכטֶער,גֶעלעכטֶער,1,
828,גֶעלענֶענהייט,גֶעלענֶענהייט,2,
1694,גֶעלֶערְנְט,גֶעלֶערְנְט,1,
829,גֶעם,גֶעם,2,
571,גֶעמאכט,גֶעמאכט,3,
830,גֶעמאַכט,גֶעמאַכט,2,
1695,גֶעמארטֶערט,גֶעמארטֶערט,1,
1696,גֶעמה,גֶעמה,1,
246,גֶעמיינט,גֶעמיינט,8,
572,גֶעמליך,גֶעמליך,3,
1697,גֶעמֶעגט,גֶעמֶעגט,1,
831,גֶעמֶען,גֶעמֶען,2,
1698,גֶעןאלט,גֶעןאלט,1,
1699,גֶענאנגֶען,גֶענאנגֶען,1,
1700,גֶעןאנט,גֶעןאנט,1,
1701,גֶענוּמֶען,גֶענוּמֶען,1,
1702,גֶעניכ'עט,גֶעניכ'עט,1,
1703,גֶענִיס,גֶענִיס,1,
1704,גֶעננכעט,גֶעננכעט,1,
1705,גֶענֶעבֶּען,גֶענֶעבֶּען,1,
1706,גֶענֶעזוּנג,גֶענֶעזוּנג,1,
1707,גֶענרייט,גֶענרייט,1,
446,גֶעסט,גֶעסט,4,
1708,גֶעסְטוּ,גֶעסְטוּ,1,
1709,גֶעעפנֶעטֶע,גֶעעפנֶעטֶע,1,
832,גֶעעפֶענט,גֶעעפֶענט,2,
1710,גֶעעֶפֶענְט,גֶעעֶפֶענְט,1,
574,גֶעפאהר,גֶעפאהר,3,
833,גֶעפּאטֶערט,גֶעפּאטֶערט,2,
834,גֶעפאַלֶען,גֶעפאַלֶען,2,
1711,גֶעפאסט,גֶעפאסט,1,
1712,גֶעפוּן,גֶעפוּן,1,
370,גֶעפוּנֶען,גֶעפוּנֶען,5,
371,גֶעפיהרט,גֶעפיהרט,5,
1713,גֶעפייערט,גֶעפייערט,1,
1716,גֶעפלאסען,גֶעפלאסען,1,
1717,גֶעפלויגֶען,גֶעפלויגֶען,1,
1718,גֶעפֶעלט,גֶעפֶעלט,1,
1719,גֶעפֶעלינסט,גֶעפֶעלינסט,1,
1720,גֶעפֶענגניס,גֶעפֶענגניס,1,
1721,גֶעפרֶענט,גֶעפרֶענט,1,
1722,גֶעצימבֶּעלט,גֶעצימבֶּעלט,1,
1723,גֶעקויפט,גֶעקויפט,1,
199,גֶעקוּמֶען,גֶעקוּמֶען,11,
835,גֶעקוּמֶען,גֶעקוּמֶען,2,
1724,גֶעקט,גֶעקט,1,
1725,גֶעקִישְט,גֶעקִישְט,1,
1726,גֶעקליידֶעט,גֶעקליידֶעט,1,
575,גֶעקֶענט,גֶעקֶענט,3,
1727,גֶעראטֶעוֶועט,גֶעראטֶעוֶועט,1,
1728,גֶערוּהט,גֶערוּהט,1,
1729,גֶערויבּט,גֶערויבּט,1,
1730,גֶערויבּטֶעס,גֶערויבּטֶעס,1,
1731,גֶערירט,גֶערירט,1,
836,גֶערנֶע,גֶערנֶע,2,
1733,גֶעשוִויגֶען,גֶעשוִויגֶען,1,
1734,גֶעשְוִוינְד,גֶעשְוִוינְד,1,
1735,גֶעשוועסטֶער,גֶעשוועסטֶער,1,
1736,גֶעשוועסטֶערקינד,גֶעשוועסטֶערקינד,1,
1737,גֶעשטאלטֶען,גֶעשטאלטֶען,1,
1738,גֶעשטֶעהע,גֶעשטֶעהע,1,
837,גֶעשטֶעלט,גֶעשטֶעלט,2,
1739,גֶעשטֶערט,גֶעשטֶערט,1,
1740,גֶעשטֶערקט,גֶעשטֶערקט,1,
1741,גֶעשטראפט,גֶעשטראפט,1,
1742,גֶעשיהט,גֶעשיהט,1,
1743,גֶעשיעהט,גֶעשיעהט,1,
838,גֶעשיקט,גֶעשיקט,2,
1744,גֶעשלאגֶען,גֶעשלאגֶען,1,
1745,גֶעשלאפֶען,גֶעשלאפֶען,1,
1746,גֶעשלעכט,גֶעשלעכט,1,
279,גֶעשעהן,גֶעשעהן,7,
839,גֶעשעהען,גֶעשעהען,2,
1747,גֶעשענק,גֶעשענק,1,
1748,גֶעשענקאָבּעֶר,גֶעשענקאָבּעֶר,1,
1749,גֶעשֶענְקְט,גֶעשֶענְקְט,1,
1750,גֶעשעצט,גֶעשעצט,1,
1751,גֶעשפּראכען,גֶעשפּראכען,1,
840,גֶעשריי,גֶעשריי,2,
1752,גֶעשריעבֶּען,גֶעשריעבֶּען,1,
1753,גראדֶע,גראדֶע,1,
1754,גראטוּליערֶען,גראטוּליערֶען,1,
1755,גראשען,גראשען,1,
1756,גרוּבּ,גרוּבּ,1,
842,גְרויסע,גְרויסע,2,
448,גְרויסען,גְרויסען,4,
577,גְרויסער,גְרויסער,3,
1758,גְרוּס,גְרוּס,1,
1759,גְרֵייו,גְרֵייו,1,
1761,גרייט,גרייט,1,
1762,גְרֵיין,גְרֵיין,1,
1763,גרימאסען,גרימאסען,1,
1764,גרֶעסטֶע,גרֶעסטֶע,1,
843,גרֶעסטֶער,גרֶעסטֶער,2,
1765,גרֶעסערֶע,גרֶעסערֶע,1,
578,ד,ד,3,
844,דָאָ,דָאָ,2,
1766,דָאגֶעגֶען,דָאגֶעגֶען,1,
845,דָאדוּרך,דָאדוּרך,2,
579,דָאַזַא,דָאַזַא,3,
846,דָאָזָא,דָאָזָא,2,
1767,דָאָזָאַ,דָאָזָאַ,1,
847,דָאִיק,דָאִיק,2,
848,דָאִיקֶע,דָאִיקֶע,2,
49,דָאך,דָאך,57,
1768,דָאָך,דָאָך,1,
1769,דָאכט,דָאכט,1,
247,דָאם,דָאם,8,
1770,דָאמאלס,דָאמאלס,1,
1771,דָאמאַלְס,דָאמאַלְס,1,
1772,דאמִיט,דאמִיט,1,
849,דָאמיט,דָאמיט,2,
1773,דאן,דאן,1,
850,דַאן,דַאן,2,
1774,דָאַן,דָאַן,1,
248,דָאָן,דָאָן,8,
1775,דַאנֶין,דַאנֶין,1,
1776,דַאנְקבּארקייט,דַאנְקבּארקייט,1,
851,דַאנְקֶע,דַאנְקֶע,2,
1777,דַאנְקָע,דַאנְקָע,1,
1778,דַאנְקֶען,דַאנְקֶען,1,
1779,דַאנְקֶען,דַאנְקֶען,1,
1780,דָאעען,דָאעען,1,
852,דַאפִיר,דַאפִיר,2,
1781,דָאפיר,דָאפיר,1,
1782,דָאפּעלט,דָאפּעלט,1,
1783,דָאצוּ,דָאצוּ,1,
449,דָאַקטאר,דָאַקטאר,4,
853,דָאָקטאר,דָאָקטאר,2,
1784,דָאקטְוירִים,דָאקטְוירִים,1,
1785,דָאקְטוירִים,דָאקְטוירִים,1,
1787,דָאָקטֶער,דָאָקטֶער,1,
1788,דָארגֶעבּאטֶען,דָארגֶעבּאטֶען,1,
1789,דָארְטֶען,דָארְטֶען,1,
580,דָאריבֶּער,דָאריבֶּער,3,
1790,דָארך,דָארך,1,
167,דָארף,דָארף,13,
1791,דָארְף,דָארְף,1,
1792,דָארפסט,דָארפסט,1,
68,דבורה,דבורה,41,
1793,דבורה'לע,דבורה'לע,1,
1794,דבורֶה'לֶע,דבורֶה'לֶע,1,
1795,דְבורה'לֶע,דְבורה'לֶע,1,
855,דְבורָה'לֶע,דְבורָה'לֶע,2,
450,דְבורֶה'לֶען,דְבורֶה'לֶען,4,
856,דְבורֶה'לֶעס,דְבורֶה'לֶעס,2,
451,דבורהלע,דבורהלע,4,
857,דבירה,דבירה,2,
1796,דד,דד,1,
168,דו,דו,13,
32,דוּ,דוּ,92,
1797,דוּא,דוּא,1,
1798,דוּל,דוּל,1,
452,דועט,דועט,4,
581,דורה,דורה,3,
858,דורה'לע,דורה'לע,2,
372,דוּרך,דוּרך,5,
1799,די,די,1,
373,דִיָא,דִיָא,5,
1801,דַייטְש,דַייטְש,1,
144,דַיין,דַיין,16,
1802,דִייניט,דִייניט,1,
1803,דֵיינֶע,דֵיינֶע,1,
1804,דַיינֶעם,דַיינֶעם,1,
1805,דַיינֶער,דַיינֶער,1,
314,דִיךְ,דִיךְ,6,
453,דִיע,דִיע,4,
229,דִיעזע,דִיעזע,9,
1806,דִיעזעם,דִיעזעם,1,
454,דִיעזען,דִיעזען,4,
455,דִיעזעס,דִיעזעס,4,
374,דִיעזער,דִיעזער,5,
1807,דִיענֶער,דִיענֶער,1,
860,דִיעע,דִיעע,2,
1808,דִיעער,דִיעער,1,
1809,דִיציטֶערסט,דִיציטֶערסט,1,
1810,דִירה,דִירה,1,
1811,דנורה'לע,דנורה'לע,1,
861,דֶעם,דֶעם,2,
1812,דֶעמאלס,דֶעמאלס,1,
1813,דֶענקט,דֶענקט,1,
1814,דֶעפּאנירט,דֶעפּאנירט,1,
1815,דֶער,דֶער,1,
1816,דֶערבּסטוּ,דֶערבּסטוּ,1,
1817,דֶערוַוייל,דֶערוַוייל,1,
1818,דֶערזֶעהט,דֶערזֶעהט,1,
1819,דֶערזֶעהן,דֶערזֶעהן,1,
863,דֶעריבֶּער,דֶעריבֶּער,2,
315,דֶערלעבֶּען,דֶערלעבֶּען,6,
1820,דֶערמאנט,דֶערמאנט,1,
1821,דֶערמאנסטוּ,דֶערמאנסטוּ,1,
864,דֶערפאר,דֶערפאר,2,
1822,דֶערפון,דֶערפון,1,
865,דֶערפוּן,דֶערפוּן,2,
866,דֶערציילט,דֶערציילט,2,
867,דֶערצֶעהל,דֶערצֶעהל,2,
1823,דֶערצֶעהלט,דֶערצֶעהלט,1,
868,דֶערקֶענֶען,דֶערקֶענֶען,2,
1824,דֶערשראקֶען,דֶערשראקֶען,1,
869,דרויסען,דרויסען,2,
1825,דְרויסֶען,דְרויסֶען,1,
1826,דריטֶען,דריטֶען,1,
1827,דריטֶער,דריטֶער,1,
1828,דרינגֶען,דרינגֶען,1,
870,ה,ה,2,
456,הַ,הַ,4,
871,ה',ה',2,
280,הא,הא,7,
1829,הָאבֶּען,הָאבֶּען,1,
125,הָאבֶּען,הָאבֶּען,18,
1830,הָאבּעֶן,הָאבּעֶן,1,
583,האכצייט,האכצייט,3,
874,הָאלְבּּער,הָאלְבּּער,2,
1831,הַאלְזט,הַאלְזט,1,
875,הַאלְזֶען,הַאלְזֶען,2,
1832,הַאלְטְסְט,הַאלְטְסְט,1,
316,הַאלְטֶען,הַאלְטֶען,6,
1833,האלירֶע,האלירֶע,1,
1834,האַמאַ,האַמאַ,1,
877,האָנד,האָנד,2,
878,הַאנְד,הַאנְד,2,
1835,האַנדלען,האַנדלען,1,
1836,האַנדֶעלט,האַנדֶעלט,1,
879,האפּ,האפּ,2,
880,הָאפְנוּנְג,הָאפְנוּנְג,2,
1837,הָאפֶע,הָאפֶע,1,
881,האפֶען,האפֶען,2,
1838,הָאפֶען,הָאפֶען,1,
1839,הארבּ,הארבּ,1,
882,הארץ,הארץ,2,
1840,הבּא,הבּא,1,
883,הבּית,הבּית,2,
1841,הבּית'עלע,הבּית'עלע,1,
1842,הַגָבִיא,הַגָבִיא,1,
1843,הַגָבִיא'ס,הַגָבִיא'ס,1,
1844,הגדה,הגדה,1,
1845,הגדות,הגדות,1,
884,הַגויִם,הַגויִם,2,
585,הד,הד,3,
1846,ההרים,ההרים,1,
458,הוּא,הוּא,4,
1847,הוה,הוה,1,
586,הויז,הויז,3,
1848,הוֹיז,הוֹיז,1,
1849,הויזען,הויזען,1,
1850,הויט,הויט,1,
1851,הויך,הויך,1,
1852,הויפּט,הויפּט,1,
1853,הונד,הונד,1,
1854,הַזָן'טֶע,הַזָן'טֶע,1,
1855,הזן'ם,הזן'ם,1,
1856,הִיזִינֶער,הִיזִינֶער,1,
1857,היטץ,היטץ,1,
1858,הייבט,הייבט,1,
1859,הייַבּט,הייַבּט,1,
1860,הייזער,הייזער,1,
587,הייט,הייט,3,
1861,הייטֶע,הייטֶע,1,
1862,הייכט,הייכט,1,
1863,הייכלערין,הייכלערין,1,
1864,היילוּנג,היילוּנג,1,
1865,הייליג,הייליג,1,
1866,הֵיילִיג,הֵיילִיג,1,
1867,הייליגֶע,הייליגֶע,1,
885,הייליגֶען,הייליגֶען,2,
1868,הֵיילִיגֶען,הֵיילִיגֶען,1,
1869,היילינֶע,היילינֶע,1,
886,היילען,היילען,2,
145,היינט,היינט,16,
1870,הַיינְטִיגֶעס,הַיינְטִיגֶעס,1,
1871,היינטינֶען,היינטינֶען,1,
1872,הַייסְטוּ,הַייסְטוּ,1,
1873,הַייסְע,הַייסְע,1,
888,הַייסְען,הַייסְען,2,
1876,הֵיירַאטְהֶען,הֵיירַאטְהֶען,1,
1878,הִילֶע,הִילֶע,1,
1879,הִילְף,הִילְף,1,
1880,הין,הין,1,
1881,הינאויס,הינאויס,1,
1882,הינגֶעבּונג,הינגֶעבּונג,1,
890,הירצֶעלעס,הירצֶעלעס,2,
1884,הל,הל,1,
317,הַלְוַאִי,הַלְוַאִי,6,
1885,הלוואִי,הלוואִי,1,
318,הַלְנַאִי,הַלְנַאִי,6,
1887,המלע,המלע,1,
589,הן,הן,3,
460,הן'ס,הן'ס,4,
1888,הנג,הנג,1,
1889,הנונד,הנונד,1,
892,הנכיָא,הנכיָא,2,
319,הַנָכִיא,הַנָכִיא,6,
1890,הסתּם,הסתּם,1,
590,הע,הע,3,
1891,העבֶּען,העבֶּען,1,
1892,העהֶערֶעס,העהֶערֶעס,1,
1893,העכסטֶע,העכסטֶע,1,
1894,העלדֶענטאט,העלדֶענטאט,1,
1895,העלדֶענטהָאט,העלדֶענטהָאט,1,
1896,הֶעלְפְטֶע,הֶעלְפְטֶע,1,
281,הען,הען,7,
321,הען'ס,הען'ס,6,
1898,הענד,הענד,1,
1900,העָסליכקייט,העָסליכקייט,1,
1901,העסעכעט,העסעכעט,1,
1902,הָער,הָער,1,
1903,הֶערגֶעקאמֶען,הֶערגֶעקאמֶען,1,
1904,הֶערויס,הֶערויס,1,
1905,הֶערְט,הֶערְט,1,
1907,הֶערְצִינְיוּ,הֶערְצִינְיוּ,1,
1908,הֶערצלען,הֶערצלען,1,
1909,הערצֶעל,הערצֶעל,1,
282,הֶערְצֶעלע,הֶערְצֶעלע,7,
897,הֶערְצֶענְיוּ,הֶערְצֶענְיוּ,2,
1910,הר,הר,1,
1911,הרב,הרב,1,
1912,הָרַחְֵמָן,הָרַחְֵמָן,1,
1913,הָרַחְֵמָן,הָרַחְֵמָן,1,
1914,הָרַחֶמָן,הָרַחֶמָן,1,
1915,התן,התן,1,
899,ואָרץ,ואָרץ,2,
1917,וְאָת,וְאָת,1,
1918,וּברוּך,וּברוּך,1,
900,ודָאִי,ודָאִי,2,
1919,ודָאַלֶע,ודָאַלֶע,1,
1920,וּדאלע,וּדאלע,1,
1921,והשנית,והשנית,1,
378,וו,וו,5,
1922,וואָ,וואָ,1,
901,וואגֶע,וואגֶע,2,
902,וואגֶען,וואגֶען,2,
1923,וואָגֶען,וואָגֶען,1,
1924,וָואהִין,וָואהִין,1,
1925,וואהל,וואהל,1,
1926,וואהלטהָאט,וואהלטהָאט,1,
1927,וואהניין,וואהניין,1,
323,וואהר,וואהר,6,
903,וואהרהייט,וואהרהייט,2,
1928,וואהרשיינליך,וואהרשיינליך,1,
230,וואוּּ,וואוּּ,9,
592,וואוּהין,וואוּהין,3,
1930,וואוּינט,וואוּינט,1,
1931,וואוּנדֶען,וואוּנדֶען,1,
1932,וואוּּנדֶען,וואוּּנדֶען,1,
1933,וואוּנדֶער,וואוּנדֶער,1,
904,וואוּּנדֶער,וואוּּנדֶער,2,
1934,וואוּנדֶערט,וואוּנדֶערט,1,
1935,וואוּנדֶערן,וואוּנדֶערן,1,
905,וואוּּנש,וואוּּנש,2,
1936,וואזְשֶע,וואזְשֶע,1,
906,וואך,וואך,2,
1937,וואכען,וואכען,1,
1938,וואכענד,וואכענד,1,
907,וואכערס,וואכערס,2,
1939,וואלד,וואלד,1,
184,וואלדמאן,וואלדמאן,12,
33,וואלדמאָן,וואלדמאָן,91,
1940,וואַלדמאן,וואַלדמאן,1,
73,וואַלדמאָן,וואַלדמאָן,39,
908,ווָאלדמאָן,ווָאלדמאָן,2,
1941,ווָאלדמאַנֶען,ווָאלדמאַנֶען,1,
169,ווָאלט,ווָאלט,13,
1942,ווָאלְט,ווָאלְט,1,
1943,וָואלְט,וָואלְט,1,
593,וואלךמאָן,וואלךמאָן,3,
909,ווָאלסט,ווָאלסט,2,
910,וואלסטוּ,וואלסטוּ,2,
1944,ווָאלסטוּ,ווָאלסטוּ,1,
1946,וָואם,וָואם,1,
1947,וואנגֶען,וואנגֶען,1,
1948,וואנד,וואנד,1,
1949,וואַנד,וואַנד,1,
1950,וואנֶען,וואנֶען,1,
1951,וואַנֶען,וואַנֶען,1,
212,ווָאס,ווָאס,10,
1952,וֶואס,וֶואס,1,
1953,וָואַס,וָואַס,1,
911,וַואס'זְשֶע,וַואס'זְשֶע,2,
1954,וַואס׳זְשֶע,וַואס׳זְשֶע,1,
912,וָואסזְשֶע,וָואסזְשֶע,2,
1955,וַואסער,וַואסער,1,
1956,וָואסעשע,וָואסעשע,1,
1957,וואקסען,וואקסען,1,
1958,ווַאקְסֶען,ווַאקְסֶען,1,
1959,וואַרוּם,וואַרוּם,1,
1960,וַוארְט,וַוארְט,1,
1961,ווארֶעל,ווארֶעל,1,
1962,וואַרפט,וואַרפט,1,
1963,וואש,וואש,1,
1964,וודָאַלֶע,וודָאַלֶע,1,
595,ווִי,ווִי,3,
1965,וִויָא,וִויָא,1,
913,וִוידֶער,וִוידֶער,2,
1966,וִוידֶערהאַלֶע,וִוידֶערהאַלֶע,1,
379,ווֵייבּּ,ווֵייבּּ,5,
915,ווֵייבּּעלע,ווֵייבּּעלע,2,
1967,וִוייַבֶּער,וִוייַבֶּער,1,
1968,וַוייז,וַוייז,1,
596,וִוייזט,וִוייזט,3,
1969,וִוייזע,וִוייזע,1,
1970,וִוייזען,וִוייזען,1,
597,וִוייט,וִוייט,3,
1971,וַוייט,וַוייט,1,
1972,וִוייַטֶען,וִוייַטֶען,1,
380,וִוייטֶער,וִוייטֶער,5,
1973,וֵוייטֶער,וֵוייטֶער,1,
1974,וַויילע,וַויילע,1,
598,וִויים,וִויים,3,
1975,וַויין,וַויין,1,
462,וִויינט,וִויינט,4,
916,וִויינסטוּ,וִויינסטוּ,2,
1976,וִויינֶען,וִויינֶען,1,
917,וִויינֶענד,וִויינֶענד,2,
1977,וִויינקֶעל,וִויינקֶעל,1,
1978,וִויכְטִיגֶעס,וִויכְטִיגֶעס,1,
1979,וִוילד,וִוילד,1,
1980,וִוילדֶע,וִוילדֶע,1,
1981,וִוילדֶען,וִוילדֶען,1,
283,וִוילט,וִוילט,7,
1982,וִוילסט,וִוילסט,1,
1983,וִוילְסְט,וִוילְסְט,1,
600,וִוילְסְטוּ,וִוילְסְטוּ,3,
1984,וִוילסְטוּז,וִוילסְטוּז,1,
918,וִוילען,וִוילען,2,
919,וִוילקאמֶען,וִוילקאמֶען,2,
1986,וִוינואט,וִוינואט,1,
1987,וִוינשען,וִוינשען,1,
1988,וִויסט,וִויסט,1,
1989,וִויסטֶע,וִויסטֶע,1,
601,וִויסען,וִויסען,3,
1990,וִויעגֶעלע,וִויעגֶעלע,1,
159,וִויעדֶער,וִויעדֶער,14,
1991,וִויענֶעלע,וִויענֶעלע,1,
1992,וִויפִיעל,וִויפִיעל,1,
1993,וִויקֶעלט,וִויקֶעלט,1,
921,וִויר,וִויר,2,
213,וִוירד,וִוירד,10,
922,וִוירְד,וִוירְד,2,
1994,וִוירסט,וִוירסט,1,
1995,וִוירְסְטו,וִוירְסְטו,1,
1997,וִוירְסְטוּּ,וִוירְסְטוּּ,1,
602,וועג,וועג,3,
1998,וֶועג,וֶועג,1,
1999,וועגֶעלע,וועגֶעלע,1,
214,וועגֶען,וועגֶען,10,
923,וֶועגֶען,וֶועגֶען,2,
2000,וֶועהלט,וֶועהלט,1,
2001,וֶועהלען,וֶועהלען,1,
2002,וֶועהמֶען,וֶועהמֶען,1,
2003,וֶועהנליך,וֶועהנליך,1,
2004,וֶועהרט,וֶועהרט,1,
2005,וֶועהרֶענד,וֶועהרֶענד,1,
924,וועזען,וועזען,2,
2006,וָועט,וָועט,1,
603,ווֶעל,ווֶעל,3,
251,וֶועלט,וֶועלט,8,
2007,וֶועלְט,וֶועלְט,1,
925,וֶועלטֶען,וֶועלטֶען,2,
231,וֶועלכע,וֶועלכע,9,
927,וֶועלכעם,וֶועלכעם,2,
463,וֶועלכען,וֶועלכען,4,
464,וֶועלכעס,וֶועלכעס,4,
604,וֶועלכער,וֶועלכער,3,
232,וֶועלען,וֶועלען,9,
2009,וועמֶעם,וועמֶעם,1,
284,וועמֶען,וועמֶען,7,
928,וועמֶעס,וועמֶעס,2,
2010,וועָן,וועָן,1,
2011,ווענדֶעסט,ווענדֶעסט,1,
2012,ווענטיל,ווענטיל,1,
2013,וועניג,וועניג,1,
2014,ווענינקטֶענס,ווענינקטֶענס,1,
605,וועסט,וועסט,3,
2015,וועסטו,וועסטו,1,
2016,וֶוערד,וֶוערד,1,
929,וֶוערדֶע,וֶוערדֶע,2,
2017,וֶוערדֶען,וֶוערדֶען,1,
2018,וֶוערוּם,וֶוערוּם,1,
252,וֶוערט,וֶוערט,8,
382,וֶוערטה,וֶוערטה,5,
2019,וֶוערטי,וֶוערטי,1,
2020,וֶוערטֶע,וֶוערטֶע,1,
2021,וֶוערטֶען,וֶוערטֶען,1,
466,וֶוערטֶער,וֶוערטֶער,4,
930,וֶוערין,וֶוערין,2,
170,וֶוערֶען,וֶוערֶען,13,
2022,וֶוערָען,וֶוערָען,1,
931,וֶוערפט,וֶוערפט,2,
2023,וֶוערפֿט,וֶוערפֿט,1,
932,וֶוערפֶען,וֶוערפֶען,2,
2024,וֶוערקצייג,וֶוערקצייג,1,
933,וִיבַשֵר,וִיבַשֵר,2,
2025,וַייט,וַייט,1,
2026,וכט,וכט,1,
2027,ומז'ט,ומז'ט,1,
2028,וְנֶהָמות,וְנֶהָמות,1,
2029,וְשָלום,וְשָלום,1,
2030,ושקר,ושקר,1,
606,ז,ז,3,
2031,זָאָ,זָאָ,1,
2032,זָאאָל,זָאאָל,1,
2033,זָאַאַל,זָאַאַל,1,
2034,זָאגַאר,זָאגַאר,1,
2035,זאַגְט,זאַגְט,1,
607,זָאגט,זָאגט,3,
2036,זָאגְסְט,זָאגְסְט,1,
608,זָאגֶען,זָאגֶען,3,
2037,זָאַכע,זָאַכע,1,
2038,זָאלזִי,זָאלזִי,1,
253,זָאלט,זָאלט,8,
2039,זָאלכט,זָאלכט,1,
934,זָאלכע,זָאלכע,2,
609,זָאלסט,זָאלסט,3,
185,זָאלסטוּ,זָאלסטוּ,12,
935,זָאלֶען,זָאלֶען,2,
328,זָאַלֶען,זָאַלֶען,6,
936,זָאלצֶען,זָאלצֶען,2,
2040,זָאמֶען,זָאמֶען,1,
2041,זָאנאר,זָאנאר,1,
468,זָאנט,זָאנט,4,
937,זָאַנט,זָאַנט,2,
2042,זָאָנט,זָאָנט,1,
2043,זָאנסט,זָאנסט,1,
2044,זָאנֶע,זָאנֶע,1,
2045,זָאנֶען,זָאנֶען,1,
2046,זַאנְפְט,זַאנְפְט,1,
611,זָאנפטֶע,זָאנפטֶע,3,
2047,זָארגֶע,זָארגֶע,1,
2048,זָארְגֶען,זָארְגֶען,1,
2049,זבריה,זבריה,1,
2050,זו,זו,1,
469,זוהן,זוהן,4,
938,זוּהן,זוּהן,2,
2051,זוּכט,זוּכט,1,
2052,זוּכסטוּ,זוּכסטוּ,1,
383,זוּכען,זוּכען,5,
939,זוּנדֶערן,זוּנדֶערן,2,
286,זי,זי,7,
470,זִיָא,זִיָא,4,
2053,זִידְבורֶה'לֶע,זִידְבורֶה'לֶע,1,
2054,זִיהן,זִיהן,1,
146,זִיי,זִיי,16,
2056,זִייד,זִייד,1,
2057,זַיידֶען,זַיידֶען,1,
2058,זֵייטֶע,זֵייטֶע,1,
940,זיין,זיין,2,
2059,זֵײן,זֵײן,1,
204,זַיין,זַיין,11,
2060,זֵיינִיטְוֶועגֶען,זֵיינִיטְוֶועגֶען,1,
2061,זִיינים,זִיינים,1,
2062,זִיינינֶע,זִיינינֶע,1,
2063,זיינֶע,זיינֶע,1,
2064,זֵיינֶע,זֵיינֶע,1,
2065,זֵיינֶעט,זֵיינֶעט,1,
942,זַיינֶער,זַיינֶער,2,
2067,זֵייעֶר,זֵייעֶר,1,
2068,זייערֶע,זייערֶע,1,
2069,זִייפצֶער,זִייפצֶער,1,
384,זִיךְ,זִיךְ,5,
471,זִיכער,זִיכער,4,
2070,זִיכערן,זִיכערן,1,
2071,זיכֶערֶע,זיכֶערֶע,1,
2072,זִינג,זִינג,1,
329,זִינגט,זִינגט,6,
385,זִינגֶען,זִינגֶען,5,
2073,זִינגֶענד,זִינגֶענד,1,
2074,זינגֶענדיג,זינגֶענדיג,1,
612,זִינד,זִינד,3,
943,זִינֶען,זִינֶען,2,
2075,זִינקֶען,זִינקֶען,1,
2076,זִיס,זִיס,1,
2077,זִיסֶעם,זִיסֶעם,1,
2078,זִיען,זִיען,1,
330,זִיעס,זִיעס,6,
2079,זִיעסע,זִיעסע,1,
2080,זִיעָסע,זִיעָסע,1,
2081,זִיפּעט,זִיפּעט,1,
2082,זיפץ,זיפץ,1,
2083,זִיפצט,זִיפצט,1,
386,זִיצט,זִיצט,5,
2084,זָכוּר,זָכוּר,1,
2085,זכוּתו,זכוּתו,1,
2086,זמר,זמר,1,
2087,זֶעגְנֶע,זֶעגְנֶע,1,
2088,זֶעגֶענְט,זֶעגֶענְט,1,
2089,זֶעהזִי,זֶעהזִי,1,
287,זֶעהט,זֶעהט,7,
2090,זֶעהנזוּכט,זֶעהנזוּכט,1,
2091,זֶעהנֶע,זֶעהנֶע,1,
473,זֶעהסְטוּ,זֶעהסְטוּ,4,
945,זֶעהע,זֶעהע,2,
2092,זֶעהֶענְדִיג,זֶעהֶענְדִיג,1,
2093,זֶעהֶענְדִיגֶען,זֶעהֶענְדִיגֶען,1,
613,זֶעהֶענְדֶען,זֶעהֶענְדֶען,3,
946,זֶעהֶענְדֶער,זֶעהֶענְדֶער,2,
387,זֶעהר,זֶעהר,5,
2094,זעלבסט,זעלבסט,1,
331,זעלבּסט,זעלבּסט,6,
388,זעלבֶּע,זעלבֶּע,5,
2095,זעלבֶּען,זעלבֶּען,1,
947,זעלטֶענֶע,זעלטֶענֶע,2,
2096,זעליגֶען,זעליגֶען,1,
172,זענט,זענט,13,
2097,זֶענְט,זֶענְט,1,
2098,זעסעלע,זעסעלע,1,
389,זעעלע,זעעלע,5,
2099,זעצט,זעצט,1,
2100,זעצֶען,זעצֶען,1,
332,ח,ח,6,
2101,חַ,חַ,1,
288,חא,חא,7,
2102,חאַ,חאַ,1,
948,חאטש,חאטש,2,
2103,חאטשע,חאטשע,1,
2104,חַאפּ,חַאפּ,1,
2105,חאפט,חאפט,1,חאפּט
2106,חאפּט,חאפּט,1,
139,חד,חד,17,
2107,חודש,חודש,1,
474,חוזק,חוזק,4,
2108,חון,חון,1,
949,חופה,חופה,2,חוּפּה
2109,חוּפה,חוּפה,1,חוּפּה
289,חוּפּה,חוּפּה,7,
615,חזן,חזן,3,חַזָן
616,חַזָן,חַזָן,3,
2110,חַּזָן,חַּזָן,1,חַזָן
2111,חַזֶנְ'טֶע,חַזֶנְ'טֶע,1,
2112,חַזָן'טֶע,חַזָן'טֶע,1,חַזֶנְ'טֶע
2113,חַזָן'ס,חַזָן'ס,1,
2114,חַזָן‘ס,חַזָן‘ס,1,חַזָן'ס
2115,חַזָןטֶע,חַזָןטֶע,1,
2116,חזניש,חזניש,1,
186,חי,חי,12,
2117,חילק,חילק,1,
2118,חין,חין,1,
2119,חָכָם,חָכָם,1,
2120,חכמה,חכמה,1,
950,חלום,חלום,2,חָלום
475,חָלום,חָלום,4,
2121,חָלום'ט,חָלום'ט,1,
2122,חלומות,חלומות,1,
617,חלילה,חלילה,3,
2123,חליפֶעט,חליפֶעט,1,
2124,חליפֶענד,חליפֶענד,1,
2125,חלעבֶּען,חלעבֶּען,1,
2126,חלען,חלען,1,
2127,חלש'ן,חלש'ן,1,
2128,חלשן,חלשן,1,
2129,חלשען,חלשען,1,
2130,חְֵמָתְך,חְֵמָתְך,1,חְֵמָתְך
2131,חְֵמָתְך,חְֵמָתְך,1,
951,חן'טֶע,חן'טֶע,2,
952,חן'ס,חן'ס,2,
2132,חנוּת,חנוּת,1,
2133,חַס,חַס,1,
953,חסרון,חסרון,2,
2134,חען,חען,1,
954,חרוסת,חרוסת,2,
955,חתוּנה,חתוּנה,2,
390,חתן,חתן,5,
2135,חתנ'ס,חתנ'ס,1,
2136,ט,ט,1,
2137,טאבּילע,טאבּילע,1,
2138,טַאגֶע,טַאגֶע,1,
2139,טַאטֶעס,טַאטֶעס,1,
2140,טָאכְטֶערס,טָאכְטֶערס,1,
2141,טאנֶע,טאנֶע,1,טאנץ
618,טאנץ,טאנץ,3,
2142,טַאנְצְט,טַאנְצְט,1,
957,טאנצֶעשע,טאנצֶעשע,2,
2143,טאַפט,טאַפט,1,
2144,טאַקטֶען,טאַקטֶען,1,
476,טאקי,טאקי,4,
958,טאקֶע,טאקֶע,2,טאָקֶע
959,טאָקֶע,טאָקֶע,2,
2145,טארבֶּעס,טארבֶּעס,1,
218,טאש,טאש,10,
477,טאשע,טאשע,4,
2146,טהָאטֶען,טהָאטֶען,1,
2147,טהוּ,טהוּ,1,
290,טהוּט,טהוּט,7,טְהוּט
960,טְהוּט,טְהוּט,2,
173,טהון,טהון,13,טְהוּן
233,טהוּן,טהוּן,9,טְהוּן
333,טְהון,טְהון,6,טְהוּן
391,טְהוּן,טְהוּן,5,
2148,טְהוסְטוּ,טְהוסְטוּ,1,טְהוּסְטוּ
961,טְהוּסְטוּ,טְהוּסְטוּ,2,
2149,טהוּע,טהוּע,1,
2150,טהייערֶע,טהייערֶע,1,
2151,טהייערֶער,טהייערֶער,1,
962,טהיר,טהיר,2,טְהִיר
2152,טְהְיר,טְהְיר,1,טְהִיר
619,טְהִיר,טְהִיר,3,
160,טוב,טוב,14,
963,טובָה,טובָה,2,
620,טובות,טובות,3,
2153,טוֶועה,טוֶועה,1,
2154,טויבּ,טויבּ,1,
964,טויג,טויג,2,
478,טויזענד,טויזענד,4,
965,טויזֶענְד,טויזֶענְד,2,
2155,טויזענדֶע,טויזענדֶע,1,
2156,טויזענר,טויזענר,1,
2157,טועה,טועה,1,
2158,טייבֶּעלע,טייבֶּעלע,1,
621,טייערֶע,טייערֶע,3,
2159,טייערֶעם,טייערֶעם,1,
622,טייפֶעל,טייפֶעל,3,
2160,טיען,טיען,1,
479,טיש,טיש,4,
2161,טֶע,טֶע,1,
966,טֶעכטֶעריל,טֶעכטֶעריל,2,
2162,טֶעכטֶערליך,טֶעכטֶערליך,1,
967,טֶעלער,טֶעלער,2,
2163,טֶערְק,טֶערְק,1,
2164,טפוי,טפוי,1,
2165,טראגֶען,טראגֶען,1,
2166,טראַכט,טראַכט,1,
2167,טראנֶען,טראנֶען,1,
2168,טרויָאוּנג,טרויָאוּנג,1,
969,טרוים,טרוים,2,
2169,טרויסט,טרויסט,1,
2170,טרויען,טרויען,1,
2171,טְרוּקֶענְט,טְרוּקֶענְט,1,
2172,טרייבט,טרייבט,1,
2173,טריימֶענד,טריימֶענד,1,
2174,טְרַייעֶם,טְרַייעֶם,1,
970,טְרַייעֶס,טְרַייעֶס,2,
2176,טְרַייעֶר,טְרַייעֶר,1,
2177,טריישאפט,טריישאפט,1,
2178,טְרִינְקֶען,טְרִינְקֶען,1,
971,טרֶעטֶען,טרֶעטֶען,2,
482,טרֶעפֶען,טרֶעפֶען,4,
2179,טרֶער,טרֶער,1,
392,טרֶערֶען,טרֶערֶען,5,
972,טשעק,טשעק,2,
205,יָאָ,יָאָ,11,
623,יָאהר,יָאהר,3,
484,יָאָהר,יָאָהר,4,
973,יָאהרֶען,יָאהרֶען,2,
974,יָאהרֶען,יָאהרֶען,2,
2180,יָאכגֶע,יָאכגֶע,1,יַאכְנֶע
255,יָאַכגֶע,יָאַכגֶע,8,יַאכְנֶע
975,יָאָכגֶע,יָאָכגֶע,2,יַאכְנֶע
976,יאכנֶע,יאכנֶע,2,יַאכְנֶע
2181,יאַכנֶע,יאַכנֶע,1,יַאכְנֶע
2182,יַאכְנֶע,יַאכְנֶע,1,
624,יָאכנֶע,יָאכנֶע,3,יַאכְנֶע
91,יָאַכנֶע,יָאַכנֶע,29,יַאכְנֶע
485,יָאָכנֶע,יָאָכנֶע,4,יַאכְנֶע
2183,יָאַמֶער,יָאַמֶער,1,
2184,יְבָרֵך,יְבָרֵך,1,
2185,יגן,יגן,1,
2186,ידַאלֶען,ידַאלֶען,1,
2187,יהוּדָא'לע,יהוּדָא'לע,1,
2188,יהוּרהלע,יהוּרהלע,1,
2189,יוגֶענְד,יוגֶענְד,1,
393,יוּד,יוּד,5,
2190,יוּדָא'לע,יוּדָא'לע,1,
291,יודאלע,יודאלע,7,
2191,יודָאַלֶע,יודָאַלֶע,1,
2192,יוּדאלע,יוּדאלע,1,
2193,יוּדַאלֶע'ן,יוּדַאלֶע'ן,1,
2194,יוּדַאלֶע'ס,יוּדַאלֶע'ס,1,
256,יוּדַאלֶען,יוּדַאלֶען,8,
2195,יודָאַלֶעס,יודָאַלֶעס,1,
2196,יוּדַאלֶעס,יוּדַאלֶעס,1,
2197,יוּדִישע,יוּדִישע,1,יוּדִישֶע
2198,יוּדִישֶע,יוּדִישֶע,1,
2199,יודֶעל,יודֶעל,1,
977,יוּדֶעלע,יוּדֶעלע,2,
978,יוּדֶעלעך,יוּדֶעלעך,2,
2200,יודֶען,יודֶען,1,יוּדֶען
2201,יוּדֶען,יוּדֶען,1,יוּדֶען
2202,יוּדֶען,יוּדֶען,1,
2203,יוּדֶענֶעס,יוּדֶענֶעס,1,
2204,יוּך,יוּך,1,
2205,יוּךאַלֶע,יוּךאַלֶע,1,יוּדאַלֶע
2206,יום,יום,1,
979,יוּנג,יוּנג,2,
2207,יוּנגסטֶע,יוּנגסטֶע,1,
980,יונגֶע,יונגֶע,2,
981,יוּנגֶעל,יוּנגֶעל,2,
982,יונגֶער,יונגֶער,2,
625,יוּנגֶער,יוּנגֶער,3,
983,יוּנְגֶערמַאָן,יוּנְגֶערמַאָן,2,
2209,יוסף,יוסף,1,
2210,יוראַלֶע,יוראַלֶע,1,
2211,יורש,יורש,1,
985,יחיד,יחיד,2,
2212,יָחִיד’ל,יָחִיד’ל,1,
2213,יחידל,יחידל,1,
986,יידָאַלֶע,יידָאַלֶע,2,
2214,יכא,יכא,1,
2215,יסוּרים,יסוּרים,1,
2216,יסוּרים'לעך,יסוּרים'לעך,1,
2217,יעדֶע,יעדֶע,1,יעדֶע
2218,יעדֶעם,יעדֶעם,1,
626,יעדֶען,יעדֶען,3,
486,יעדֶער,יעדֶער,4,
2219,יעהריג,יעהריג,1,
2220,יעהרינֶער,יעהרינֶער,1,
2221,יֶעכְטְץ,יֶעכְטְץ,1,
2222,יעמאַנד,יעמאַנד,1,
2223,יעמאנדֶען,יעמאנדֶען,1,
487,יענֶע,יענֶע,4,
2224,יענֶעם,יענֶעם,1,
2225,יענֶער,יענֶער,1,
2226,יעָנקֶעלע,יעָנקֶעלע,1,
257,יעצט,יעצט,8,יֶעצְט
627,יֶעצְט,יֶעצְט,3,
46,ירוהם,ירוהם,63,
394,ירוּהם,ירוּהם,5,
2227,ירוהס,ירוהס,1,
2228,ירוחט,ירוחט,1,
99,ירוחם,ירוחם,26,ירוהם
2229,ירוּחם,ירוּחם,1,ירוהם
2230,ירוחם'ס,ירוחם'ס,1,
987,ירוחס,ירוחס,2,
2231,יש,יש,1,
2232,יְשועות,יְשועות,1,
988,יִשְלַח,יִשְלַח,2,
2233,ישמרני,ישמרני,1,
2234,יתום,יתום,1,יָתום
2235,יָתום,יָתום,1,
2236,יְתומִים,יְתומִים,1,
2237,כְ’הָאבּ,כְ’הָאבּ,1,
2238,כּהן,כּהן,1,
2239,כַּוָנָה,כַּוָנָה,1,
2240,כּוס,כּוס,1,
2241,כּחַ,כּחַ,1,
2242,כּל,כּל,1,כָּל
2243,כָּל,כָּל,1,
174,כּלה,כּלה,13,כַּלָה
989,כַּלָה,כַּלָה,2,
2244,כע,כע,1,
2245,לאהן,לאהן,1,
258,לאז,לאז,8,לאַז
990,לאַז,לאַז,2,
488,לאזט,לאזט,4,לאָזט
991,לאָזט,לאָזט,2,
992,לֶאזְט,לֶאזְט,2,
993,לָאזְט,לָאזְט,2,
630,לאט,לאט,3,
994,לאָט,לאָט,2,
995,לאטיינֶער,לאטיינֶער,2,
996,לאטישע,לאטישע,2,
2246,לאך,לאך,1,
2247,לאַכט,לאַכט,1,
2248,לַאכְסְט,לַאכְסְט,1,
2249,לָאמֶער,לָאמֶער,1,
2250,לַאנְגאם,לַאנְגאם,1,
997,לַאנְגזָאם,לַאנְגזָאם,2,
2251,לאַנט,לאַנט,1,
631,לאסט,לאסט,3,
2252,לאַסט,לאַסט,1,
2253,לאָסט,לאָסט,1,
998,לאסען,לאסען,2,
2254,לאען,לאען,1,
2255,לבנוּ,לבנוּ,1,
632,לויט,לויט,3,
2256,לויף,לויף,1,
633,לויפט,לויפט,3,
2257,לויפֶען,לויפֶען,1,
2258,לוּפט,לוּפט,1,
2259,לַטוב,לַטוב,1,
2260,לטובה,לטובה,1,
2261,לֵיבּ,לֵיבּ,1,
2262,לִיגְט,לִיגְט,1,
2263,ליגֶען,ליגֶען,1,
634,ליגֶענד,ליגֶענד,3,
2264,ליגֶענט,ליגֶענט,1,
2265,ליגֶעער,ליגֶעער,1,
2266,לידֶעלע,לידֶעלע,1,
999,לייד,לייד,2,
2267,ליידֶען,ליידֶען,1,לֵיידֶען
2268,לֵיידֶען,לֵיידֶען,1,
2269,לַיידֶען,לַיידֶען,1,
2270,ליידֶענשאפט,ליידֶענשאפט,1,
2271,ליידֶענשאפטליך,ליידֶענשאפטליך,1,
1000,ליידֶער,ליידֶער,2,
1001,לייכט,לייכט,2,
2272,לייצֶעס,לייצֶעס,1,
206,ליכט,ליכט,11,
1002,ליכטיגֶע,ליכטיגֶע,2,
2273,לִיכְטֶענְדֶער,לִיכְטֶענְדֶער,1,
2274,לינֶען,לינֶען,1,
2275,לינקֶער,לינקֶער,1,
219,ליעבּ,ליעבּ,10,לִיעבּ
2276,לִיעב,לִיעב,1,לִיעבּ
1003,לִיעבּ,לִיעבּ,2,
1004,ליעבּט,ליעבּט,2,
128,ליעבֶּע,ליעבֶּע,18,לִיעבֶּע
2277,לִיעבֶּע,לִיעבֶּע,1,
1005,לִיעבֶּע,לִיעבֶּע,2,
1006,ליעבֶּען,ליעבֶּען,2,
490,ליעבֶּעס,ליעבֶּעס,4,לִיעבֶּעס
2278,לִיעבֶּעס,לִיעבֶּעס,1,
2279,ליעבֶּעספאַלֶע,ליעבֶּעספאַלֶע,1,
2280,ליעבֶּער,ליעבֶּער,1,לִיעבֶּער
334,ליעבֶּער,ליעבֶּער,6,לִיעבֶּער
635,לִיעבֶּער,לִיעבֶּער,3,
2281,ליעגט,ליעגט,1,
2282,ליעגֶע,ליעגֶע,1,
2283,ליעד,ליעד,1,
2284,ליעכע,ליעכע,1,
491,ליענט,ליענט,4,
2285,ליענֶען,ליענֶען,1,
1007,ליפּען,ליפּען,2,
2286,לכבוך,לכבוך,1,
2287,לְכָכוֹד,לְכָכוֹד,1,
2288,לְמַעְן,לְמַעְן,1,
2289,למְָשָל,למְָשָל,1,
2290,לֶנוּ,לֶנוּ,1,
636,לָנוּ,לָנוּ,3,
2291,לעבּ,לעבּ,1,
2292,לעבּט,לעבּט,1,
2293,לעבען,לעבען,1,לֶעבֶּען
92,לעבֶּען,לעבֶּען,29,לֶעבֶּען
395,לֶעבֶּען,לֶעבֶּען,5,
396,לֶעבֶּען,לֶעבֶּען,5,
637,לעגט,לעגט,3,
2294,לעגֶען,לעגֶען,1,
2295,לעוִוין,לעוִוין,1,
2296,לעזט,לעזט,1,
2297,לעך,לעך,1,
2298,לעכטיגֶע,לעכטיגֶע,1,
2299,לעמֶעלע,לעמֶעלע,1,
2300,לעצט,לעצט,1,
638,לעצטֶע,לעצטֶע,3,
2301,לעקֶעש,לעקֶעש,1,
2302,לעקציע,לעקציע,1,
2303,לערנט,לערנט,1,לֶערְנְט
1008,לערנֶען,לערנֶען,2,לֶערְנֶען
2304,לֶערְנֶען,לֶערְנֶען,1,
1009,לשון,לשון,2,
2305,מ,מ,1,
2306,מ05,מ05,1,
639,מאהל,מאהל,3,מָאהל
2307,מאָהל,מאָהל,1,מָאהל
2308,מָאהל,מָאהל,1,
2309,מאָהלער,מאָהלער,1,
2310,מאַין,מאַין,1,מַאַיִן
2311,מַאַיִן,מַאַיִן,1,
492,מאך,מאך,4,
640,מאכט,מאכט,3,
493,מאַכט,מאַכט,4,
1010,מאכסט,מאכסט,2,
2312,מאכסטוּ,מאכסטוּ,1,
1011,מאכע,מאכע,2,
189,מאכען,מאכען,12,
2313,מאַכען,מאַכען,1,
1012,מאכער,מאכער,2,
292,מאל,מאל,7,מָאל
494,מאַל,מאַל,4,מָאל
1013,מאָל,מאָל,2,מָאל
1014,מָאל,מָאל,2,
2314,מאַלֶער,מאַלֶער,1,
397,מאמֶע,מאמֶע,5,
641,מאמֶען,מאמֶען,3,מַאמֶען
2315,מַאמֶען,מַאמֶען,1,
117,מאָן,מאָן,19,
1015,מַאן,מַאן,2,
2316,מאָן'ס,מאָן'ס,1,
2317,מאנט,מאנט,1,
1016,מאנכע,מאנכע,2,
2318,מאָסט,מאָסט,1,
2319,מאָסטוּ,מאָסטוּ,1,
2320,מאסקֶע,מאסקֶע,1,
642,מארגֶען,מארגֶען,3,מָארְגֶען
2321,מאָרגֶען,מאָרגֶען,1,מָארְגֶען
1017,מָארְגֶען,מָארְגֶען,2,
2322,מָארְגֶענשְְטֶערְן,מָארְגֶענשְְטֶערְן,1,
2323,מארטירֶערין,מארטירֶערין,1,
2324,מארנֶען,מארנֶען,1,
2325,מארק,מארק,1,
2326,מארקט,מארקט,1,
2327,מבינות,מבינות,1,
2328,מדר,מדר,1,
1018,מַה,מַה,2,
2329,מהוּמה,מהוּמה,1,
2330,מוז,מוז,1,מוּז
175,מוּז,מוּז,13,
2331,מוּזט,מוּזט,1,
2332,מוזיק,מוזיק,1,
2333,מוּזִיק,מוּזִיק,1,
2334,מוּזִיקאלישער,מוּזִיקאלישער,1,
2335,מוזֶען,מוזֶען,1,
2336,מוחַ,מוחַ,1,
495,מוחל,מוחל,4,
2337,מוּט,מוּט,1,
398,מוטֶער,מוטֶער,5,מוּטֶער
2338,מוּטֶער,מוּטֶער,1,מוּטֶער
643,מוּטֶער,מוּטֶער,3,
220,מויד,מויד,10,
644,מויך,מויך,3,
2339,מוּמחה,מוּמחה,1,
2340,מומֶען,מומֶען,1,
2341,מון,מון,1,מוּן
1019,מוּן,מוּן,2,
2342,מונְטֶער,מונְטֶער,1,
2343,מוּס,מוּס,1,
2344,מוסטוּ,מוסטוּ,1,
1020,מוּסָר,מוּסָר,2,
1021,מוּען,מוּען,2,
2345,מוצא,מוצא,1,
1022,מורא,מורא,2,
2346,מורֶא,מורֶא,1,
2347,מורָא,מורָא,1,
2348,מורה,מורה,1,
2349,מורינוּ,מורינוּ,1,
2350,מזוג,מזוג,1,
259,מזל,מזל,8,
645,מחוּתן,מחוּתן,3,
2351,מחילה,מחילה,1,
2352,מטריח,מטריח,1,
2353,מיהע,מיהע,1,
2354,מיון,מיון,1,
20,מיט,מיט,115,מִיט
147,מִיט,מִיט,16,
646,מיט'ן,מיט'ן,3,
2355,מִיטָאג,מִיטָאג,1,
2356,מיטגֶעריסען,מיטגֶעריסען,1,
1023,מיטלייד,מיטלייד,2,
399,מיטֶעל,מיטֶעל,5,
496,מיטֶען,מיטֶען,4,
2357,מִיטֶערְנַאכְט,מִיטֶערְנַאכְט,1,
335,מיידֶעל,מיידֶעל,6,
1024,מיידֶעלע,מיידֶעלע,2,
2358,מיידֶעלעך,מיידֶעלעך,1,
2359,מייך,מייך,1,
2360,מיימיימיין,מיימיימיין,1,
23,מיין,מיין,106,מַיין
647,מייַן,מייַן,3,מַיין
260,מֵיין,מֵיין,8,
101,מַיין,מַיין,24,
1025,מיינט,מיינט,2,מֵיינְט
2361,מֵיינְט,מֵיינְט,1,
2362,מייןישוועסטֶער,מייןישוועסטֶער,1,
2363,מיינסטוּ,מיינסטוּ,1,מֵיינְסְטוּ
648,מֵיינְסְטוּ,מֵיינְסְטוּ,3,
80,מיינֶע,מיינֶע,37,מַיינֶע
2364,מייַנֶע,מייַנֶע,1,
2365,מֵיינֶע,מֵיינֶע,1,מַיינֶע
1026,מַיינֶע,מַיינֶע,2,
2366,מיינֶעט,מיינֶעט,1,
2367,מַיינֶעטְוֶועגֶען,מַיינֶעטְוֶועגֶען,1,
497,מיינֶעם,מיינֶעם,4,
2368,מֵיינֶען,מֵיינֶען,1,
498,מיינֶער,מיינֶער,4,
2369,מֵייעֶרְן,מֵייעֶרְן,1,
2370,מיישטֶער,מיישטֶער,1,
2371,מִיךְ,מִיךְ,1,
2372,מיליָאנֶען,מיליָאנֶען,1,
2373,מימלייך,מימלייך,1,
1027,מין,מין,2,
649,מינוּט,מינוּט,3,
2374,מינוּטֶע,מינוּטֶע,1,
2375,מינֶע,מינֶע,1,
13,מיר,מיר,157,מִיר
96,מִיר,מִיר,28,
1028,מיש,מיש,2,
2376,מִישֶען,מִישֶען,1,
2377,מיתה,מיתה,1,
2378,מכּה,מכּה,1,
2379,מל,מל,1,
1029,מלא,מלא,2,
1030,מַלְאָך,מַלְאָך,2,
2380,מלאָכיל,מלאָכיל,1,
2381,מלאָכים,מלאָכים,1,
1031,מן,מן,2,
400,מֶע,מֶע,5,
1032,מֶעג,מֶעג,2,
2382,מֶעגט,מֶעגט,1,
401,מֶעגליך,מֶעגליך,5,
650,מֶעדִיצין,מֶעדִיצין,3,
2383,מֶעדכען,מֶעדכען,1,
106,מֶעהר,מֶעהר,21,
261,מֶעהר,מֶעהר,8,
2384,מֶעךכען,מֶעךכען,1,
651,מֶעל,מֶעל,3,
1033,מֶעם,מֶעם,2,
118,מֶען,מֶען,19,
234,מֶען,מֶען,9,
2385,מֶענגֶע,מֶענגֶע,1,
2386,מֶענסט,מֶענסט,1,
1034,מֶענֶער,מֶענֶער,2,
1035,מֶענשהייט,מֶענשהייט,2,
2387,מֶענשט,מֶענשט,1,
402,מֶענשען,מֶענשען,5,
1036,מֶעשה,מֶעשה,2,
2388,מצות,מצות,1,
2389,מציה,מציה,1,
1037,מרדכי,מרדכי,2,
1038,משאַלות,משאַלות,2,
2390,משבּחה,משבּחה,1,
2391,משֶה,משֶה,1,
1039,משוגֶע,משוגֶע,2,
2392,משוּנה,משוּנה,1,
2393,משוּנֶע,משוּנֶע,1,
1040,משורר,משורר,2,
652,משוררים,משוררים,3,
2394,משל,משל,1,
2395,מִשְפָּחָה,מִשְפָּחָה,1,
2396,משרת,משרת,1,
2397,מַתָּנָה,מַתָּנָה,1,
235,נא,נא,9,
2398,נאַ,נאַ,1,
2399,נאָ,נאָ,1,
236,נָא,נָא,9,
2400,נאאר,נאאר,1,
110,נאט,נאט,20,
2401,נאָט,נאָט,1,
2402,נָאט,נָאט,1,
2403,נאט'יניוּ,נאט'יניוּ,1,
2404,נאט'ס,נאט'ס,1,
2405,נאטיילך,נאטיילך,1,
2406,נאטירליכע,נאטירליכע,1,
2407,נאַטירליכען,נאַטירליכען,1,
403,נאטֶען,נאטֶען,5,
2408,נאָטֶען,נאָטֶען,1,
1041,נָאטֶען,נָאטֶען,2,
1042,נאטֶעניוּ,נאטֶעניוּ,2,
2409,נאַטֶעניוּ,נאַטֶעניוּ,1,
2410,נאטֶעס,נאטֶעס,1,
1043,נאךְ,נאךְ,2,
404,נאָך,נאָך,5,
2411,נאכדֶעם,נאכדֶעם,1,נָאכְדֶעם
2412,נאָכדֶעם,נאָכדֶעם,1,נָאכְדֶעם
2413,נָאכְדֶעם,נָאכְדֶעם,1,
2414,נאכהֶער,נאכהֶער,1,
1044,נאכט,נאכט,2,נַאכְט
653,נאַכט,נאַכט,3,נַאכְט
336,נַאכְט,נַאכְט,6,
2415,נַאכְטְמָאל,נַאכְטְמָאל,1,
2416,נאכלעסינקייט,נאכלעסינקייט,1,
2417,נַאכְרִיכְט,נַאכְרִיכְט,1,
2418,נאלד,נאלד,1,
2419,נאָלד,נאָלד,1,
2420,נאַלדָאַרבּ,נאַלדָאַרבּ,1,
2421,נאלסטוּ,נאלסטוּ,1,
2422,נאלץ,נאלץ,1,
1045,נאמֶען,נאמֶען,2,נָאמֶען
1046,נאָמֶען,נאָמֶען,2,נָאמֶען
2423,נָאמֶען,נָאמֶען,1,
654,נאנץ,נאנץ,3,
2424,נאנצֶע,נאנצֶע,1,
655,נאנצֶען,נאנצֶען,3,
2425,נאנצֶער,נאנצֶער,1,
2426,נאַנצֶער,נאַנצֶער,1,
405,נאר,נאר,5,
406,נאָר,נאָר,5,
2427,נארטֶען,נארטֶען,1,
2428,נארישעס,נארישעס,1,
2429,נארישער,נארישער,1,
2430,נאָרישער,נאָרישער,1,
2431,נג,נג,1,
2432,נגון,נגון,1,
1047,נגידִיש,נגידִיש,2,
2433,נגם,נגם,1,
119,נדִיָא,נדִיָא,19,
2434,נדן,נדן,1,
2435,נו,נו,1,נוּ
140,נוּ,נוּ,17,
499,נוּט,נוּט,4,
1048,נוּטֶע,נוּטֶע,2,
2436,נוּטֶען,נוּטֶען,1,
2437,נוּטֶעס,נוּטֶעס,1,
2438,נוּטֶער,נוּטֶער,1,
500,נוּלדֶען,נוּלדֶען,4,
2439,נון,נון,1,נוּן
221,נוּן,נוּן,10,
262,נור,נור,8,נוּר
56,נוּר,נוּר,55,
2440,ניָא,ניָא,1,
2441,ניב,ניב,1,
501,ניבּ,ניבּ,4,
2442,ניבּט,ניבּט,1,
2443,נִיבְּט,נִיבְּט,1,
2444,ניבּסטוּ,ניבּסטוּ,1,
2445,ניגאַלֶע,ניגאַלֶע,1,
2446,נידֶערטרֶעכטיינֶען,נידֶערטרֶעכטיינֶען,1,
293,ניט,ניט,7,נִיט
502,נִיט,נִיט,4,
2447,ניטינסט,ניטינסט,1,
2448,ניי,ניי,1,
1049,נייגֶעריג,נייגֶעריג,2,
2449,נייגֶערִיג,נייגֶערִיג,1,
66,ניין,ניין,42,נַיין
1050,נײַן,נײַן,2,
503,נֵיין,נֵיין,4,
263,נַיין,נַיין,8,
656,נייע,נייע,3,
1051,נייעס,נייעס,2,
657,ניכ,ניכ,3,
2450,ניכט,ניכט,1,
658,ניע,ניע,3,
2451,נִיע,נִיע,1,
2452,ניר,ניר,1,
16,נישט,נישט,153,נִישְט
337,נִישט,נִישט,6,נִישְט
72,נִישְט,נִישְט,40,
2453,נךיָא,נךיָא,1,
2454,נליהען,נליהען,1,
2455,נִמְאָס,נִמְאָס,1,
2456,ננב,ננב,1,
2457,ננוּן,ננוּן,1,
2458,נֶע,נֶע,1,
2459,נֶעאַנטוָוארטֶעט,נֶעאַנטוָוארטֶעט,1,
659,נֶעב,נֶעב,3,
2460,נֶעבּיך,נֶעבּיך,1,
2461,נֶעבִּיך,נֶעבִּיך,1,
2462,נֶעבּליבֶּען,נֶעבּליבֶּען,1,
2463,נֶעבּליעכען,נֶעבּליעכען,1,
2464,נֶעבֶּעך,נֶעבֶּעך,1,
2465,נֶעבֶּעל,נֶעבֶּעל,1,
2466,נֶעבֶּען,נֶעבֶּען,1,
2467,נֶעבּראַכט,נֶעבּראַכט,1,
2468,נֶעבְּרֶענְגְט,נֶעבְּרֶענְגְט,1,
2469,נֶעדֶענק׳זְשֶע,נֶעדֶענק׳זְשֶע,1,
2470,נֶעה,נֶעה,1,
1052,נֶעהָאט,נֶעהָאט,2,
2471,נֶעהאלפֶען,נֶעהאלפֶען,1,
1053,נֶעהט,נֶעהט,2,
2472,נֶעהם,נֶעהם,1,
1054,נֶעהמֶען,נֶעהמֶען,2,
2473,נֶעהמֶען,נֶעהמֶען,1,
2474,נֶעהן,נֶעהן,1,
2475,נֶעהָערְט,נֶעהָערְט,1,
2476,נֶעוואלד,נֶעוואלד,1,
2477,נֶעוועזען,נֶעוועזען,1,
2478,נֶעחאפט,נֶעחאפט,1,
2479,נֶעטראפֶען,נֶעטראפֶען,1,
2480,נֶעיועזען,נֶעיועזען,1,
2481,נֶעלאט,נֶעלאט,1,
660,נֶעלד,נֶעלד,3,
2482,נֶעלוּנֶען,נֶעלוּנֶען,1,
1055,נֶעמט,נֶעמט,2,
2483,נֶעמֶען,נֶעמֶען,1,
2484,נֶעסטֶע,נֶעסטֶע,1,
2485,נֶעפפֶע,נֶעפפֶע,1,
2486,נֶעקוּמֶען,נֶעקוּמֶען,1,
2487,נֶערוּפֶען,נֶערוּפֶען,1,
2488,נֶערירט,נֶערירט,1,
2489,נֶערֶעטֶעט,נֶערֶעטֶעט,1,
2490,נֶערֶעכט,נֶערֶעכט,1,
2491,נקמה,נקמה,1,
2492,נראבּ,נראבּ,1,
2493,נְריין,נְריין,1,
2494,נשמה,נשמה,1,
2495,נִשְתַּנֶה,נִשְתַּנֶה,1,
1056,ס'אִיז,ס'אִיז,2,
2496,ס'הָאבֶּען,ס'הָאבֶּען,1,
2497,ס'וָוארט,ס'וָוארט,1,
2498,ס'צוּגֶעהט,ס'צוּגֶעהט,1,
2499,ס'רֶעךט,ס'רֶעךט,1,
2500,ס'שטֶעהט,ס'שטֶעהט,1,
2501,סָאלדַאטְסְקִי,סָאלדַאטְסְקִי,1,
2502,סאַפֶענדִיג,סאַפֶענדִיג,1,
2503,סגוּלה,סגוּלה,1,
1057,סְגוּלֶה,סְגוּלֶה,2,
2504,סְגוּלָה,סְגוּלָה,1,
2505,סדר,סדר,1,
2506,סודֶען,סודֶען,1,
2507,סוהר,סוהר,1,
2508,סוחרן,סוחרן,1,
2509,סוּמֶע,סוּמֶע,1,
2510,סוּמֶען,סוּמֶען,1,
661,סוף,סוף,3,
2511,סטֶער,סטֶער,1,
2512,סימן,סימן,1,
2513,סע,סע,1,
2514,סעקוּנדֶע,סעקוּנדֶע,1,
2515,ספּאדֶעק,ספּאדֶעק,1,
2516,ספּעציָאַליסט,ספּעציָאַליסט,1,
1058,סֵפֶר,סֵפֶר,2,
2517,סְקְרִיפֶּעט,סְקְרִיפֶּעט,1,
2518,עאלט,עאלט,1,
2519,עָבֶּען,עָבֶּען,1,
1059,עבר,עבר,2,
2520,עִבְרִי,עִבְרִי,1,
2521,עדבורה,עדבורה,1,
2522,עֵדות,עֵדות,1,
2523,עדלעס,עדלעס,1,
2524,עדֶעל,עדֶעל,1,
1060,עֶדֶעל,עֶדֶעל,2,
1061,עדֶעלמאן,עדֶעלמאן,2,
84,עדֶעלמאָן,עדֶעלמאָן,33,
2525,עדֶעלקייט,עדֶעלקייט,1,
2526,עהעלמאָן,עהעלמאָן,1,
662,עהרליכען,עהרליכען,3,
2527,עהרליכעס,עהרליכעס,1,
2528,עהרליכקייט,עהרליכקייט,1,
407,עוִויג,עוִויג,5,
2529,עוִויגֶע,עוִויגֶע,1,
2530,עֶווִיגֶע,עֶווִיגֶע,1,
2531,עוִויגֶען,עוִויגֶען,1,
2532,עוִוינ,עוִוינ,1,
2533,עָוִוינ,עָוִוינ,1,
2534,עָוִוינֶען,עָוִוינֶען,1,
2535,עולם,עולם,1,
1062,עושה,עושה,2,
2536,עזוּת,עזוּת,1,
2537,עזרי,עזרי,1,
2538,עָזרי,עָזרי,1,
2539,עט,עט,1,
2540,עטוָואס,עטוָואס,1,
2541,עֶטְווָאס,עֶטְווָאס,1,
2542,עטויך,עטויך,1,
2543,עטצ,עטצ,1,
2544,עטץ,עטץ,1,
2545,עיני,עיני,1,
1063,עַל,עַל,2,
504,עלטֶערן,עלטֶערן,4,
2546,עֶלטֶערְן,עֶלטֶערְן,1,
1064,עלטֶערֶע,עלטֶערֶע,2,
2547,עָלינוּ,עָלינוּ,1,
408,עם,עם,5,
2548,עמוד,עמוד,1,
2549,עמוּד,עמוּד,1,
505,ענגֶעל,ענגֶעל,4,
2550,ענגשאפט,ענגשאפט,1,
2551,ענדִיגֶען,ענדִיגֶען,1,
2552,ענדִינֶען,ענדִינֶען,1,
1065,ענדליך,ענדליך,2,
338,ענדֶע,ענדֶע,6,
2553,ענטאנֶען,ענטאנֶען,1,
2554,ענטגֶעגֶען,ענטגֶעגֶען,1,
1066,ענטגֶענֶען,ענטגֶענֶען,2,
2555,ענטזָאנט,ענטזָאנט,1,
2556,עֶנְטֵיישונְג,עֶנְטֵיישונְג,1,
2557,ענטפליהט,ענטפליהט,1,
2558,ענטפֶערן,ענטפֶערן,1,
2559,עֶנְטְשוּלְדִיגוּנְג,עֶנְטְשוּלְדִיגוּנְג,1,
2560,ענטשוּלדִיגֶען,ענטשוּלדִיגֶען,1,
2561,ענטשוּלדִינֶען,ענטשוּלדִינֶען,1,
2562,ענטשלאסען,ענטשלאסען,1,
2563,עֶנְטְשְלָאסֶען,עֶנְטְשְלָאסֶען,1,
31,עס,עס,97,
176,עֶס,עֶס,13,
1067,עָס,עָס,2,
2564,עסען,עסען,1,
2565,עֶסֶען,עֶסֶען,1,
2566,עָסען,עָסען,1,
1068,עעמט,עעמט,2,
2567,עענט,עענט,1,
2568,עֶפְטֶער,עֶפְטֶער,1,
663,עפּיס,עפּיס,3,
664,עִפִּיס,עִפִּיס,3,
1069,עפנֶען,עפנֶען,2,
2569,עֶפנֶען,עֶפנֶען,1,
2570,עֶפֶען,עֶפֶען,1,
1070,עֶפֶענְט,עֶפֶענְט,2,
2571,עפֶענֶען,עפֶענֶען,1,
665,עפּעס,עפּעס,3,
2572,עצה,עצה,1,
2573,עֶקְסְטְרֶען,עֶקְסְטְרֶען,1,
30,ער,ער,99,
2574,עֵר,עֵר,1,
148,עֶר,עֶר,16,
666,עָר,עָר,3,
2575,עֶרבַּארְמְט,עֶרבַּארְמְט,1,
2576,ערבליקט,ערבליקט,1,
2577,ערבּליקט,ערבּליקט,1,
2578,עֶרְגֶעבֶּען,עֶרְגֶעבֶּען,1,
2579,ערגרייפֿט,ערגרייפֿט,1,
409,ערד,ערד,5,
1071,עֶרְד,עֶרְד,2,
1072,עָרד,עָרד,2,
2580,ערדֶע,ערדֶע,1,
2581,ערהַאלְטֶען,ערהַאלְטֶען,1,
2582,ערוואך,ערוואך,1,
667,ערוואכט,ערוואכט,3,
2583,עָרוואכע,עָרוואכע,1,
2584,ערוואננים,ערוואננים,1,
2585,ערוואקסען,ערוואקסען,1,
2586,עֶרְוֶועק,עֶרְוֶועק,1,
668,ערוֶוערטֶעט,ערוֶוערטֶעט,3,
2587,ערזעצֶען,ערזעצֶען,1,
2588,ערינֶערוּנג,ערינֶערוּנג,1,
2589,ערינֶערוּנגֶען,ערינֶערוּנגֶען,1,
1073,ערלעבּט,ערלעבּט,2,
2590,ערנסט,ערנסט,1,
2591,עֶרנְסְט,עֶרנְסְט,1,
1074,ערסט,ערסט,2,
2592,ערֶעלמאן,ערֶעלמאן,1,
1075,ערֶעלמאָן,ערֶעלמאָן,2,
2593,ערפּרעָסען,ערפּרעָסען,1,
2594,ערצֶעהל,ערצֶעהל,1,
1076,ערצֶעהלט,ערצֶעהלט,2,
2595,עֶרקָאנְט,עֶרקָאנְט,1,
2596,עֶרְקְוִויקֶען,עֶרְקְוִויקֶען,1,
2597,ערקלעהר,ערקלעהר,1,
2598,ערקלעהרט,ערקלעהרט,1,
2599,עֶרְקְלֶעהרְט,עֶרְקְלֶעהרְט,1,
2600,עֶרְקְלֶעהרֶע,עֶרְקְלֶעהרֶע,1,
1077,ערקלעהרֶען,ערקלעהרֶען,2,
2601,ערקלערט,ערקלערט,1,
2602,ערקֶען,ערקֶען,1,
2603,עֶרקֶענְט,עֶרקֶענְט,1,
264,ערשט,ערשט,8,
294,ערשטֶען,ערשטֶען,7,
2604,ערשטֶער,ערשטֶער,1,
2605,ערשיינט,ערשיינט,1,
2606,ערשראקֶען,ערשראקֶען,1,
2607,ערשרֶעקט,ערשרֶעקט,1,
2608,עשירות,עשירות,1,
2609,פא,פא,1,
2610,פּא,פּא,1,
2611,פּאוואַלֶע,פּאוואַלֶע,1,
2612,פֵּאות,פֵּאות,1,
102,פאטֶער,פאטֶער,23,
265,פאַטֶער,פאַטֶער,8,
2613,פֶאטֶער,פֶאטֶער,1,
2614,פַאטֶער,פַאטֶער,1,
190,פָאטֶער,פָאטֶער,12,
2615,פַאל,פַאל,1,
2616,פָאלְגֶען,פָאלְגֶען,1,
2617,פאלט,פאלט,1,
2618,פאַלט,פאַלט,1,
669,פֿאַלט,פֿאַלט,3,
2619,פּאליציי,פּאליציי,1,
2620,פאלֶען,פאלֶען,1,
2621,פאַלֶען,פאַלֶען,1,
2622,פַאלֶען,פַאלֶען,1,
2623,פאלקאמֶען,פאלקאמֶען,1,
2624,פאָלקסשטיק,פאָלקסשטיק,1,
2625,פאלשהייט,פאלשהייט,1,
2626,פאלשהיייט,פאלשהיייט,1,
670,פאלשע,פאלשע,3,
1078,פאמיליע,פאמיליע,2,
2627,פאַנגט,פאַנגט,1,
2628,פֿאַנגט,פֿאַנגט,1,
2629,פאנטאזִיע,פאנטאזִיע,1,
2630,פאַנטאזִיע,פאַנטאזִיע,1,
2631,פאסירֶענדִיג,פאסירֶענדִיג,1,
2632,פּאפּאוואַלֶע,פּאפּאוואַלֶע,1,
2633,פאפיער,פאפיער,1,
2634,פאַפיער,פאַפיער,1,
506,פּאפּיער,פּאפּיער,4,
2635,פּאק,פּאק,1,
2636,פאָקט,פאָקט,1,
2637,פַּאקְט,פַּאקְט,1,
47,פאר,פאר,60,
88,פאַר,פאַר,30,
2638,פאָר,פאָר,1,
161,פַאר,פַאר,14,
2639,פָאר,פָאר,1,
2640,פּאר,פּאר,1,
2641,פֿאַר,פֿאַר,1,
2642,פַּארַאדִיז,פַּארַאדִיז,1,
2643,פאראִיבֶּערנֶעהֶענְד,פאראִיבֶּערנֶעהֶענְד,1,
2644,פַארְבָּארְגֶען,פַארְבָּארְגֶען,1,
2645,פארבּרייטֶען,פארבּרייטֶען,1,
2646,פארגֶעהֶען,פארגֶעהֶען,1,
2647,פָארְגֶעלֶעזֶען,פָארְגֶעלֶעזֶען,1,
2648,פארגֶענוּמֶען,פארגֶענוּמֶען,1,
2649,פַארְגֶעס,פַארְגֶעס,1,
2650,פארגֶעצוינֶען,פארגֶעצוינֶען,1,
2651,פארגֶעשטֶעלט,פארגֶעשטֶעלט,1,
1079,פארהאנג,פארהאנג,2,
2652,פארהאַנג,פארהאַנג,1,
2653,פַארווָאס,פַארווָאס,1,
2654,פאָרוִוירפֶע,פאָרוִוירפֶע,1,
2655,פאָרזָאל,פאָרזָאל,1,
2656,פַארטִיג,פַארטִיג,1,
2657,פָארְלֶעזֶען,פָארְלֶעזֶען,1,
2658,פארם,פארם,1,
2659,פארניפּלוישט,פארניפּלוישט,1,
1080,פארשטֶעלוּנג,פארשטֶעלוּנג,2,
410,פהיליפּ,פהיליפּ,5,
2660,פובליקוּם,פובליקוּם,1,
2661,פּויק,פּויק,1,
671,פוּל,פוּל,3,
52,פון,פון,57,
43,פוּן,פוּן,71,
672,פֿון,פֿון,3,
1081,פֿוּן,פֿוּן,2,
2662,פוּנ'ם,פוּנ'ם,1,
2663,פוּנים,פוּנים,1,
2664,פּוּנְקְט,פּוּנְקְט,1,
1082,פוּס,פוּס,2,
2665,פּטוּר,פּטוּר,1,
2666,פיהל,פיהל,1,
2667,פִיהל,פִיהל,1,
673,פיהלע,פיהלע,3,
2668,פיהלען,פיהלען,1,
2669,פִיהלֶען,פִיהלֶען,1,
2670,פיהר,פיהר,1,
674,פיהרט,פיהרט,3,
2671,פּיהרט,פּיהרט,1,
2672,פֿיהרט,פֿיהרט,1,
507,פיהרֶער,פיהרֶער,4,
2673,פִיהרֶער,פִיהרֶער,1,
2674,פֵייוִויש,פֵייוִויש,1,
2675,פּיימ'על,פּיימ'על,1,
2676,פיינד,פיינד,1,
1083,פייער,פייער,2,
2677,פייעריגֶע,פייעריגֶע,1,
2678,פייערינֶע,פייערינֶע,1,
675,פילייכט,פילייכט,3,
676,פִילֵייכְט,פִילֵייכְט,3,
2679,פינדֶעט,פינדֶעט,1,
1084,פינסטֶער,פינסטֶער,2,
2680,פינסטֶערניס,פינסטֶערניס,1,
2681,פִינְסְטֶערְנִיס,פִינְסְטֶערְנִיס,1,
2682,פינסטֶערניש,פינסטֶערניש,1,
677,פינף,פינף,3,
1085,פיס,פיס,2,
2683,פִיס,פִיס,1,
2684,פִּיסְק,פִּיסְק,1,
411,פיעל,פיעל,5,
2685,פִיעל,פִיעל,1,
2686,פיעלע,פיעלע,1,
2687,פיער,פיער,1,
2688,פיערטֶער,פיערטֶער,1,
177,פיר,פיר,13,
2689,פִיר,פִיר,1,
2690,פירכטֶען,פירכטֶען,1,
61,פישל,פישל,48,
2691,פְישְלֶען,פְישְלֶען,1,
2692,פִישְלֶען,פִישְלֶען,1,
222,פישעל,פישעל,10,
2693,פֿישעל,פֿישעל,1,
2694,פּלאטֶע,פּלאטֶע,1,
2695,פְּלֵאטְצֶען,פְּלֵאטְצֶען,1,
2696,פּלאטקֶע,פּלאטקֶע,1,
2697,פּלאָן,פּלאָן,1,
2698,פְּלַאן,פְּלַאן,1,
2699,פּלאנֶע,פּלאנֶע,1,
2700,פּלאנֶען,פּלאנֶען,1,
1086,פּלוּצים,פּלוּצים,2,
2701,פֿליהט,פֿליהט,1,
2702,פּלייצֶע,פּלייצֶע,1,
2703,פּלייצֶעס,פּלייצֶעס,1,
2704,פליעסען,פליעסען,1,
2705,פלעגֶעריז,פלעגֶעריז,1,
1087,פּלעהנֶע,פּלעהנֶע,2,
2706,פלעטֶעל,פלעטֶעל,1,
1088,פלעצליך,פלעצליך,2,
678,פּלעצליך,פּלעצליך,3,
2707,פְּלֶעצְלִיך,פְּלֶעצְלִיך,1,
2708,פּלעצליכעס,פּלעצליכעס,1,
2709,פּלעצליכער,פּלעצליכער,1,
1089,פלעשיל,פלעשיל,2,
1090,פּנים,פּנים,2,
2710,פסח,פסח,1,
679,פּסח,פּסח,3,
2711,פֶעדֶער,פֶעדֶער,1,
339,פֶעהלט,פֶעהלט,6,
1091,פֶעהלְט,פֶעהלְט,2,
2712,פֶעהלסטוּ,פֶעהלסטוּ,1,
508,פֶעהלען,פֶעהלען,4,
1092,פֶעטֶער,פֶעטֶער,2,
680,פֶעטֶער,פֶעטֶער,3,
1093,פּעטש,פּעטש,2,
2713,פֶענסטֶער,פֶענסטֶער,1,
2714,פּעסעלע,פּעסעלע,1,
2715,פֶעפֶער'ן,פֶעפֶער'ן,1,
681,פֶער,פֶער,3,
682,פֶעראִיבֶּעל,פֶעראִיבֶּעל,3,
2716,פֶערבּאטֶען,פֶערבּאטֶען,1,
2717,פֶערבּיינֶענאנגֶען,פֶערבּיינֶענאנגֶען,1,
2718,פֶערבּרֶענט,פֶערבּרֶענט,1,
2719,פֶערגיעסען,פֶערגיעסען,1,
2720,פֶערגניגֶען,פֶערגניגֶען,1,
2721,פֶערגֶעטֶערט,פֶערגֶעטֶערט,1,
2722,פֶערגֶעטֶערֶע,פֶערגֶעטֶערֶע,1,
2723,פֶערגֶעס,פֶערגֶעס,1,
683,פֶערגֶעסט,פֶערגֶעסט,3,
340,פֶערגֶעסען,פֶערגֶעסען,6,
1094,פֶערד,פֶערד,2,
684,פֶערדַאנְקֶען,פֶערדַאנְקֶען,3,
685,פֶערדִיענט,פֶערדִיענט,3,
1095,פֶערדֶערבֶּען,פֶערדֶערבֶּען,2,
2724,פֶערדרֶעהט,פֶערדרֶעהט,1,
1096,פֶערוָואלטֶער,פֶערוָואלטֶער,2,
341,פֶערוואַנדלונג,פֶערוואַנדלונג,6,
2725,פֶערוואַנדלוּנג,פֶערוואַנדלוּנג,1,
2726,פֶערוואנדֶעלסטוּ,פֶערוואנדֶעלסטוּ,1,
2727,פֶערוִוייטֶערֶען,פֶערוִוייטֶערֶען,1,
2728,פֶערוִוירט,פֶערוִוירט,1,
2729,פֶערְוֶועהרֶען,פֶערְוֶועהרֶען,1,
2730,פּערזאנֶען,פּערזאנֶען,1,
2731,פֶערזָארנט,פֶערזָארנט,1,
2732,פֶערזִיכערוּנג,פֶערזִיכערוּנג,1,
686,פֶערטיג,פֶערטיג,3,
1097,פֶערטינ,פֶערטינ,2,
2733,פֶערלאבּוּנגֶען,פֶערלאבּוּנגֶען,1,
2734,פֿערלאַג,פֿערלאַג,1,
412,פֶערלאט,פֶערלאט,5,
1098,פֶערלַאנְג,פֶערלַאנְג,2,
2735,פֶערלאננסט,פֶערלאננסט,1,
2736,פֶערלארֶען,פֶערלארֶען,1,
509,פֶערלוירֶען,פֶערלוירֶען,4,
2737,פֶערליהרֶען,פֶערליהרֶען,1,
2738,פֿערלייגֶען,פֿערלייגֶען,1,
2739,פֶערליימדֶעט,פֶערליימדֶעט,1,
1099,פֶערליינט,פֶערליינט,2,
413,פֶערליעבּט,פֶערליעבּט,5,
1100,פֶערליעבֶּען,פֶערליעבֶּען,2,
2740,פֶערליערֶען,פֶערליערֶען,1,
2741,פֶערְלִיערֶען,פֶערְלִיערֶען,1,
2742,פֶערמֶעגֶען,פֶערמֶעגֶען,1,
2743,פֶערְמֶעגֶען,פֶערְמֶעגֶען,1,
1101,פֶערמֶענֶען,פֶערמֶענֶען,2,
2744,פֶערנאכלעסיגֶע,פֶערנאכלעסיגֶע,1,
2745,פֶערנאנגֶענהייט,פֶערנאנגֶענהייט,1,
2746,פֶערנוּמֶען,פֶערנוּמֶען,1,
2747,פֶערניפטֶעט,פֶערניפטֶעט,1,
2748,פֶערְנֶע,פֶערְנֶע,1,
2749,פֶערסמאַלֶעט,פֶערסמאַלֶעט,1,
2750,פֶערפאלנט,פֶערפאלנט,1,
2751,פֶערפאלנֶען,פֶערפאלנֶען,1,
2752,פֶערפיהרטֶער,פֶערפיהרטֶער,1,
2753,פֶערפינוּנג,פֶערפינוּנג,1,
2754,פֶערפלוּכטֶען,פֶערפלוּכטֶען,1,
2755,פֶערפלוּכטֶעס,פֶערפלוּכטֶעס,1,
2756,פֶערפלוּכטֶער,פֶערפלוּכטֶער,1,
2757,פֶערפליכטֶעט,פֶערפליכטֶעט,1,
2758,פֶערצוִוייפֶעלט,פֶערצוִוייפֶעלט,1,
2759,פֶערצייהען,פֶערצייהען,1,
2760,פֶערציכטֶען,פֶערציכטֶען,1,
2761,פֶערצֶעהרֶענד,פֶערצֶעהרֶענד,1,
2762,פֶערקויפט,פֶערקויפט,1,
2763,פֶערקויפֶען,פֶערקויפֶען,1,
2764,פֶערקֶעהרט,פֶערקֶעהרט,1,
2765,פֶערקרֶענקֶען,פֶערקרֶענקֶען,1,
2766,פֶערר,פֶערר,1,
2767,פֶערראטֶען,פֶערראטֶען,1,
2768,פֶערשוואוּּנדֶע,פֶערשוואוּּנדֶע,1,
2769,פֶערשוואוּנדֶען,פֶערשוואוּנדֶען,1,
2770,פֶערשוִוינדֶען,פֶערשוִוינדֶען,1,
2771,פֶערְשְוִוינְדֶען,פֶערְשְוִוינְדֶען,1,
2772,פֶערשטאנד,פֶערשטאנד,1,
2773,פֶערשטאנדֶען,פֶערשטאנדֶען,1,
2774,פֶערשטאנֶען,פֶערשטאנֶען,1,
2775,פֶערשטייט,פֶערשטייט,1,
2776,פֶערשטימט,פֶערשטימט,1,
342,פֶערשטֶעה,פֶערשטֶעה,6,
2777,פֶערְשְטֶעה,פֶערְשְטֶעה,1,
510,פֶערשטֶעהט,פֶערשטֶעהט,4,
1102,פֶערשטֶעהן,פֶערשטֶעהן,2,
2778,פֶערְשְטֶעהסְט,פֶערְשְטֶעהסְט,1,
2779,פֶערשטֶעהען,פֶערשטֶעהען,1,
2780,פֶערשטֶעלוּנג,פֶערשטֶעלוּנג,1,
2781,פֶערשטֶעקט,פֶערשטֶעקט,1,
2782,פֿערשטֶעקט,פֿערשטֶעקט,1,
2783,פֶערשיעדֶענֶע,פֶערשיעדֶענֶע,1,
1103,פֶערְשִיעדֶענֶע,פֶערְשִיעדֶענֶע,2,
2784,פֶערשפּראכען,פֶערשפּראכען,1,
687,פּפליכט,פּפליכט,3,
2785,פּראבֶּע,פּראבֶּע,1,
2786,פּראַבֶּע,פּראַבֶּע,1,
2787,פראגֶע,פראגֶע,1,
2788,פּראפֶעסאד,פּראפֶעסאד,1,
688,פראָפֿעסאָר,פראָפֿעסאָר,3,
178,פּראפֶעסאר,פּראפֶעסאר,13,
2789,פּראפֶעסאַר,פּראפֶעסאַר,1,
1104,פּראצֶענטניק,פּראצֶענטניק,2,
2790,פּראָצֶענטניק,פּראָצֶענטניק,1,
295,פרוי,פרוי,7,
2791,פרויענ,פרויענ,1,
1105,פרויען,פרויען,2,
2792,פֿרויען,פֿרויען,1,
1106,פרוּם,פרוּם,2,
2793,פרוּמֶע,פרוּמֶע,1,
2794,פְרוּמֶע,פְרוּמֶע,1,
2795,פריהלינגס,פריהלינגס,1,
689,פריהעָר,פריהעָר,3,
296,פריהֶער,פריהֶער,7,
1107,פְריהֶער,פְריהֶער,2,
2796,פריהֶערֶען,פריהֶערֶען,1,
1108,פריי,פריי,2,
1109,פְרֵייא,פְרֵייא,2,
266,פריידָאַלֶע,פריידָאַלֶע,8,
2797,פֿריידָאַלֶעאלטֶעריל,פֿריידָאַלֶעאלטֶעריל,1,
2798,פריידאלען,פריידאלען,1,
149,פריידֶע,פריידֶע,16,
2799,פְרֵיידֶע,פְרֵיידֶע,1,
2800,פֿריידֶע,פֿריידֶע,1,
2801,פריידֶעדֶע,פריידֶעדֶע,1,
67,פריידֶעלע,פריידֶעלע,42,
1110,פְרֵיידֶעלֶע,פְרֵיידֶעלֶע,2,
2802,פְרַיידֶעלֶע,פְרַיידֶעלֶע,1,
2803,פֿריידֶעלע,פֿריידֶעלע,1,
2804,פריידֶעלען,פריידֶעלען,1,
2805,פְרֵיידֶעלֶען,פְרֵיידֶעלֶען,1,
2806,פרייוִויליג,פרייוִויליג,1,
2807,פרייט,פרייט,1,
2808,פְרֵייט,פְרֵייט,1,
2809,פרייליך,פרייליך,1,
343,פריינד,פריינד,6,
2810,פְרֵיינְד,פְרֵיינְד,1,
1111,פריינדֶע,פריינדֶע,2,
2811,פרייע,פרייע,1,
2812,פרייעט,פרייעט,1,
344,פרייען,פרייען,6,
2813,פריעדהאף,פריעדהאף,1,
2814,פריער,פריער,1,
2815,פֿריער,פֿריער,1,
2816,פריש,פריש,1,
2817,פְרִישְטִיק,פְרִישְטִיק,1,
2818,פרישע,פרישע,1,
690,פרֶעג,פרֶעג,3,
691,פרֶעגט,פרֶעגט,3,
2819,פְרֶעגֶט,פְרֶעגֶט,1,
1112,פרֶעגֶען,פרֶעגֶען,2,
2820,פרֶעגֶען,פרֶעגֶען,1,
1113,פרֶעהליך,פרֶעהליך,2,
2821,פרֶעכטיגֶער,פרֶעכטיגֶער,1,
2822,פרֶעכער,פרֶעכער,1,
414,פרֶעמד,פרֶעמד,5,
692,פרֶענט,פרֶענט,3,
2823,פרֶענסט,פרֶענסט,1,
1114,פרֶענֶען,פרֶענֶען,2,
2824,פרֶענקט,פרֶענקט,1,
2825,פְרֶעסְט,פְרֶעסְט,1,
2826,פרֶעסער,פרֶעסער,1,
2827,פשעמישל,פשעמישל,1,
2828,צאהל,צאהל,1,
2829,צאָהלט,צאָהלט,1,
2830,צאהלען,צאהלען,1,
2831,צארטֶע,צארטֶע,1,
2832,צארן,צארן,1,
2833,צדק,צדק,1,
76,צו,צו,38,
27,צוּ,צוּ,102,
2834,צוּא,צוּא,1,
1115,צואָה,צואָה,2,
2835,צוגֶעהן,צוגֶעהן,1,
2836,צוּגֶענוּמֶען,צוּגֶענוּמֶען,1,
2837,צוּגֶעקוּקט,צוּגֶעקוּקט,1,
2838,צוּגֶעשפּרינגֶען,צוּגֶעשפּרינגֶען,1,
2839,צְווַאר,צְווַאר,1,
2840,צוִויבעל,צוִויבעל,1,
415,צוִויי,צוִויי,5,
2841,צוִוייטֶע,צוִוייטֶע,1,
1116,צוִוייטֶען,צוִוייטֶען,2,
2842,צְוֵוייטֶער,צְוֵוייטֶער,1,
2843,צוִויינגֶען,צוִויינגֶען,1,
2844,צוִוייפֶעלסטוּ,צוִוייפֶעלסטוּ,1,
345,צוִוישען,צוִוישען,6,
1117,צוֶועלף,צוֶועלף,2,
2845,צוֶועק,צוֶועק,1,
1118,צוזָאמֶען,צוזָאמֶען,2,
2846,צוזָאַמֶען,צוזָאַמֶען,1,
2847,צוּזַאמֶען,צוּזַאמֶען,1,
1119,צוּזָאמֶען,צוּזָאמֶען,2,
2848,צויגט,צויגט,1,
1120,צוּליעבּ,צוּליעבּ,2,
346,צום,צום,6,
111,צוּם,צוּם,20,
2849,צוּמָאלְס,צוּמָאלְס,1,
2850,צוּנאמֶען,צוּנאמֶען,1,
511,צוּפאל,צוּפאל,4,
1121,צוּפאַל,צוּפאַל,2,
2851,צוּקוּנפט,צוּקוּנפט,1,
2852,צוּקוּנפטיגֶע,צוּקוּנפטיגֶע,1,
2853,צוּקֶער,צוּקֶער,1,
1122,צור,צור,2,
2854,צוּר,צוּר,1,
2855,צוּריבֶּען,צוּריבֶּען,1,
416,צוריק,צוריק,5,
347,צוּריק,צוּריק,6,
1123,צוּרִיק,צוּרִיק,2,
693,צוּשטאנד,צוּשטאנד,3,
2856,צי,צי,1,
2857,ציהע,ציהע,1,
694,ציטֶערט,ציטֶערט,3,
2858,ציטֶערן,ציטֶערן,1,
1124,ציטֶערסטוּ,ציטֶערסטוּ,2,
1125,ציטֶערֶענד,ציטֶערֶענד,2,
2859,צייגט,צייגט,1,
417,צייט,צייט,5,
2860,צֵייט,צֵייט,1,
695,צַייט,צַייט,3,
2861,ציילען,ציילען,1,
2862,ציינֶען,ציינֶען,1,
2863,צִימֶעס,צִימֶעס,1,
418,צימֶער,צימֶער,5,
696,צינאַלֶע,צינאַלֶע,3,
2864,צינד,צינד,1,
1126,צינֶעלע,צינֶעלע,2,
1127,צִיעג,צִיעג,2,
2865,ציעגאַלֶע,ציעגאַלֶע,1,
1128,צִיענ,צִיענ,2,
2866,צִיפִּינִיש,צִיפִּינִיש,1,
2867,צִיפֶּעט,צִיפֶּעט,1,
1129,צֶעבּראכענֶע,צֶעבּראכענֶע,2,
2868,צֶעהלען,צֶעהלען,1,
2869,צֶעטרֶעטֶען,צֶעטרֶעטֶען,1,
2870,צֶענאנגֶען,צֶענאנגֶען,1,
2871,צֶענֶערס,צֶענֶערס,1,
2872,צֶעפּ,צֶעפּ,1,
2873,צֶערבּראכען,צֶערבּראכען,1,
2874,צֶערייסט,צֶערייסט,1,
2875,צֶערמאניע,צֶערמאניע,1,
2876,צֶערפלאסען,צֶערפלאסען,1,
2877,צֶערשטֶערֶען,צֶערשטֶערֶען,1,
2878,צרה,צרה,1,
2879,צרות,צרות,1,
2880,ק,ק,1,
2881,קאבּ,קאבּ,1,
2882,קאהלען,קאהלען,1,
223,קאהר,קאהר,10,
1130,קאָהר,קאָהר,2,
1131,קאטץ,קאטץ,2,
2883,קאליסען,קאליסען,1,
2884,קאמֶעדִיע,קאמֶעדִיע,1,
1132,קאמפּאזִיציע,קאמפּאזִיציע,2,
2885,קאָמפאניערט,קאָמפאניערט,1,
2886,קאַן,קאַן,1,
2887,קאָן,קאָן,1,
512,קָאן,קָאן,4,
2888,קאנט,קאנט,1,
2889,קאנסט,קאנסט,1,
2890,קאנסטוּ,קאנסטוּ,1,
2891,קאָסט,קאָסט,1,
2892,קָאסְט,קָאסְט,1,
2893,קָאסְטֶען,קָאסְטֶען,1,
2894,קאסירֶער,קאסירֶער,1,
2895,קאפ,קאפ,1,
348,קאפּ,קאפּ,6,
2896,קאַפּ,קאַפּ,1,
1133,קָאפּ,קָאפּ,2,
2897,קאפּעליש,קאפּעליש,1,
513,קאפּף,קאפּף,4,
2898,קבֶּען,קבֶּען,1,
2899,קבּצן,קבּצן,1,
2900,קבצנים,קבצנים,1,
2901,קבּצניש,קבּצניש,1,
1134,קבצנישע,קבצנישע,2,
2902,קבּצנישע,קבּצנישע,1,
2903,קֵבֶר,קֵבֶר,1,
2904,קדוּשין,קדוּשין,1,
2905,קדִיש,קדִיש,1,
2906,קודֶם,קודֶם,1,
2907,קודס,קודס,1,
2908,קוִויטשט,קוִויטשט,1,
2909,קוֶועהלען,קוֶועהלען,1,
2910,קוֶועלע,קוֶועלע,1,
2911,קויל,קויל,1,
697,קוים,קוים,3,
2912,קויפלייטֶע,קויפלייטֶע,1,
2913,קויפֶען,קויפֶען,1,
1135,קוליסען,קוליסען,2,
349,קוּם,קוּם,6,
237,קומט,קומט,9,
120,קוּמט,קוּמט,19,
514,קוּמְט,קוּמְט,4,
297,קוּמֶען,קוּמֶען,7,
2914,קומֶענד,קומֶענד,1,
2915,קוּמֶענד,קוּמֶענד,1,
1136,קוּנסט,קוּנסט,2,
1137,קוּק,קוּק,2,
1138,קוקט,קוקט,2,
698,קוּקט,קוּקט,3,
1139,קוּקְט,קוּקְט,2,
1140,קוּקֶען,קוּקֶען,2,
2916,קורירט,קורירט,1,
2917,קורִירט,קורִירט,1,
2918,קורִירְט,קורִירְט,1,
2919,קוּרירֶען,קוּרירֶען,1,
1141,קוּרץ,קוּרץ,2,
2920,קוּרצֶע,קוּרצֶע,1,
2921,קוּרְצֶע,קוּרְצֶע,1,
2922,קוּש,קוּש,1,
2923,קי,קי,1,
2924,קייזער,קייזער,1,
141,קיין,קיין,17,
419,קֵיין,קֵיין,5,
1142,קַיין,קַיין,2,
1143,קיינמאל,קיינמאל,2,
2925,קיינֶע,קיינֶע,1,
2926,קֵיינֶע,קֵיינֶע,1,
2927,קיינֶעם,קיינֶעם,1,
2928,קֵיינֶעם,קֵיינֶעם,1,
699,קיינֶער,קיינֶער,3,
2929,קֵיינֶער,קֵיינֶער,1,
2930,קייסערטֶע,קייסערטֶע,1,
2931,קילעס,קילעס,1,
77,קינד,קינד,38,
350,קִינְד,קִינְד,6,
2932,קינדהייט,קינדהייט,1,
2933,קִינְדִיש,קִינְדִיש,1,
2934,קינדִישען,קינדִישען,1,
1144,קינדֶער,קינדֶער,2,
298,קינדֶער,קינדֶער,7,
2935,קִינדֶער,קִינדֶער,1,
1145,קִינְדֶער,קִינְדֶער,2,
2936,קינך'ס,קינך'ס,1,
2937,קיסט,קיסט,1,
2938,קִיש,קִיש,1,
191,קישט,קישט,12,
2939,קישעלע,קישעלע,1,
420,קישען,קישען,5,
515,קִישֶען,קִישֶען,4,
2940,קכצן,קכצן,1,
2941,קכר,קכר,1,
2942,קְלָאג,קְלָאג,1,
2943,קְלָאהר,קְלָאהר,1,
2944,קלאפּט,קלאפּט,1,
2945,קלוּנֶער,קלוּנֶער,1,
2946,קליידֶער,קליידֶער,1,
2947,קליינינקייט,קליינינקייט,1,
2948,קליינֶענקי,קליינֶענקי,1,
2949,קליפּה,קליפּה,1,
2950,קנות,קנות,1,
2951,קניָאַש,קניָאַש,1,
2952,קנייךלעך,קנייךלעך,1,
421,קניעט,קניעט,5,
2953,קניען,קניען,1,
2954,קניענט,קניענט,1,
150,קֶען,קֶען,16,
351,קֶען,קֶען,6,
1146,קֶענט,קֶענט,2,
2955,קעָנסטוּ,קעָנסטוּ,1,
2956,קֶענֶעל,קֶענֶעל,1,
238,קֶענֶען,קֶענֶען,9,
2957,קֶענֶען,קֶענֶען,1,
2958,קֶעסְט,קֶעסְט,1,
2959,קֶעשענֶע,קֶעשענֶע,1,
1147,קראנץ,קראנץ,2,
700,קראנק,קראנק,3,
1148,קראַנקֶע,קראַנקֶע,2,
1149,קְרַאנְקֶע,קְרַאנְקֶע,2,
2960,קראעטוּר,קראעטוּר,1,
2961,קראעץ,קראעץ,1,
2962,קרוין,קרוין,1,
1150,קְרֵייטֶער,קְרֵייטֶער,2,
1151,קריכט,קריכט,2,
2963,קריכסטוּ,קריכסטוּ,1,
1152,קריכען,קריכען,2,
2964,קריענֶעלע,קריענֶעלע,1,
1153,קריפּעל,קריפּעל,2,
2965,קְרֶעכְץ,קְרֶעכְץ,1,
1154,קרֶענציל,קרֶענציל,2,
2966,קרֶענק,קרֶענק,1,
1155,קרֶענקט,קרֶענקט,2,
2967,קרֶענקֶעלע,קרֶענקֶעלע,1,
1156,קרֶענקֶען,קרֶענקֶען,2,
1157,קשיָא,קשיָא,2,
224,ר,ר,10,
207,ר',ר',11,
1158,ראא,ראא,2,
239,ראזא,ראזא,9,
100,ראַזַא,ראַזַא,26,
2968,ראָזא,ראָזא,1,
516,ראָזָא,ראָזָא,4,
2969,ראָזָאָ,ראָזָאָ,1,
2970,רָאזַא,רָאזַא,1,
2971,ראַזַא'ן,ראַזַא'ן,1,
2972,ראזע,ראזע,1,
1159,ראָזע,ראָזע,2,
2973,ראנא,ראנא,1,
2974,ראנא'ן,ראנא'ן,1,
2975,ראָפ,ראָפ,1,
2976,ראפגֶעלאזט,ראפגֶעלאזט,1,
2977,ראשית,ראשית,1,
2978,ראשען,ראשען,1,
2979,רבּה,רבּה,1,
2980,רבּונו,רבּונו,1,
1160,רבּי,רבּי,2,
2981,רבּש'ע,רבּש'ע,1,
701,רבּש״ע,רבּש״ע,3,
2982,רבּשיע,רבּשיע,1,
2983,רבשע,רבשע,1,
1161,רבּשע,רבּשע,2,
2984,רהאנג,רהאנג,1,
2985,רוהע,רוהע,1,
2986,רוּהע,רוּהע,1,
2987,רוּח,רוּח,1,
2988,רוּחַ,רוּחַ,1,
2989,רויבּט,רויבּט,1,
2990,רויס,רויס,1,
1162,רוּם,רוּם,2,
1163,רוּף,רוּף,2,
2991,רופא,רופא,1,
1164,רופט,רופט,2,
702,רוּפט,רוּפט,3,
2992,רוּפֿט,רוּפֿט,1,
703,רוּפֶען,רוּפֶען,3,
2993,רייזע,רייזע,1,
1165,רייך,רייך,2,
2994,רייכט,רייכט,1,
2995,רייכטהום,רייכטהום,1,
704,רייכטהוּם,רייכטהוּם,3,
2996,רייכע,רייכע,1,
1166,רייכען,רייכען,2,
1167,ריין,ריין,2,
2997,רייסט,רייסט,1,
2998,רייסען,רייסען,1,
2999,רייץ,רייץ,1,
3000,רינֶען,רינֶען,1,
3001,רִיפֶּעט,רִיפֶּעט,1,
3002,ריקאַלֶע,ריקאַלֶע,1,
3003,ריקפאל,ריקפאל,1,
3004,רס,רס,1,
1168,רֶע,רֶע,2,
705,רֶעד,רֶעד,3,
3005,רֶעדסט,רֶעדסט,1,
3006,רֶעדסטוּ,רֶעדסטוּ,1,
3007,רֶעדֶע,רֶעדֶע,1,
299,רֶעדֶען,רֶעדֶען,7,
1169,רֶעדֶען,רֶעדֶען,2,
3008,רֶעזִיקִירְט,רֶעזִיקִירְט,1,
1170,רֶעטֶעט,רֶעטֶעט,2,
1171,רֶעטֶען,רֶעטֶען,2,
3009,רֶעטֶען,רֶעטֶען,1,
3010,רֶעטֶענדֶער,רֶעטֶענדֶער,1,
352,רֶעכט,רֶעכט,6,
1172,רֶעךט,רֶעךט,2,
3011,רֶעךסטוּ,רֶעךסטוּ,1,
3012,רֶעכענדֶער,רֶעכענדֶער,1,
422,רְפוּאָה,רְפוּאָה,5,
3013,ש,ש,1,
3014,שאו,שאו,1,
3015,שאַן,שאַן,1,
3016,שאָן,שאָן,1,
3017,שאַנטאָקטֶע,שאַנטאָקטֶע,1,
353,שדוּך,שדוּך,6,
3018,שִדוּך,שִדוּך,1,
3019,שדכן,שדכן,1,
3020,שדכנות,שדכנות,1,
3021,שוואגֶער,שוואגֶער,1,
1173,שוואך,שוואך,2,
3022,שוואַך,שוואַך,1,
3023,שוואכעם,שוואכעם,1,
3024,שוואכעס,שוואכעס,1,
3025,שוואנֶער,שוואנֶער,1,
3026,שוִוייג,שוִוייג,1,
3027,שוִוייגסט,שוִוייגסט,1,
3028,שוִוייגֶען,שוִוייגֶען,1,
3029,שוִויינט,שוִויינט,1,
3030,שוִויינֶע,שוִויינֶע,1,
3031,שוֶועהר,שוֶועהר,1,
86,שוועסטֶער,שוועסטֶער,31,
3032,שְוועסְטֶער,שְוועסְטֶער,1,
3033,שְוֶועסְטֶער,שְוֶועסְטֶער,1,
1174,שוועסטֶערס,שוועסטֶערס,2,
3034,שוועסטֶערקינד,שוועסטֶערקינד,1,
3035,שוֶוער,שוֶוער,1,
706,שְוֶוער,שְוֶוער,3,
1175,שוֶוערֶע,שוֶוערֶע,2,
1176,שוֶוערֶען,שוֶוערֶען,2,
3036,שוֶוערץ,שוֶוערץ,1,
1177,שוֶוערצֶער,שוֶוערצֶער,2,
3037,שְוַוערְצֶער,שְוַוערְצֶער,1,
3038,שוטצֶענגֶעל,שוטצֶענגֶעל,1,
53,שוין,שוין,56,
3039,שוינשטיקֶען,שוינשטיקֶען,1,
3040,שוּלד,שוּלד,1,
517,שוּלדִיג,שוּלדִיג,4,
3041,שונאִים,שונאִים,1,
3042,שוּצֶענגֶעל,שוּצֶענגֶעל,1,
3043,שורקֶע,שורקֶע,1,
1178,שוּרקֶע,שוּרקֶע,2,
3044,שוּרקֶעריי,שוּרקֶעריי,1,
3045,שוּשקֶען,שוּשקֶען,1,
3046,שטאאאָ,שטאאאָ,1,
3047,שטאלץ,שטאלץ,1,
3048,שטאנד,שטאנד,1,
3049,שטאַר,שטאַר,1,
707,שטארק,שטארק,3,
3050,שטאָרק,שטאָרק,1,
3051,שטארקֶען,שטארקֶען,1,
3052,שטוב,שטוב,1,
1179,שטוּב,שטוּב,2,
3053,שטוּבּ,שטוּבּ,1,
3054,שטויגֶען,שטויגֶען,1,
1180,שטוינֶען,שטוינֶען,2,
3055,שטויסט,שטויסט,1,
1181,שטונדֶע,שטונדֶע,2,
708,שטוּנדֶע,שטוּנדֶע,3,
3056,שטייט,שטייט,1,
1182,שטיין,שטיין,2,
1183,שטיינֶער,שטיינֶער,2,
423,שטיל,שטיל,5,
3057,שְטִיל,שְטִיל,1,
3058,שטילע,שטילע,1,
3059,שְטִילֶע,שְטִילֶע,1,
3060,שטילער,שטילער,1,
3061,שטילערהייט,שטילערהייט,1,
709,שטימֶע,שטימֶע,3,
1184,שטיעבּ,שטיעבּ,2,
1185,שטיצֶע,שטיצֶע,2,
3062,שְטִיצֶע,שְטִיצֶע,1,
3063,שטיק,שטיק,1,
3064,שטיקאַלֶע,שטיקאַלֶע,1,
3065,שְטִיקֶעל,שְטִיקֶעל,1,
3066,שְטִיקֶען,שְטִיקֶען,1,
1186,שטירצט,שטירצט,2,
1187,שטירצֶען,שטירצֶען,2,
3067,שָטָן'ס,שָטָן'ס,1,
1188,שְטֶעה,שְטֶעה,2,
710,שטֶעהט,שטֶעהט,3,
3068,שְטֶעהט,שְטֶעהט,1,
711,שטֶעהן,שטֶעהן,3,
3069,שטֶעהען,שטֶעהען,1,
3070,שטֶעהעָן,שטֶעהעָן,1,
3071,שטֶעטס,שטֶעטס,1,
3072,שטֶעל,שטֶעל,1,
1189,שטֶעלען,שטֶעלען,2,
3073,שטֶענדִיגֶער,שטֶענדִיגֶער,1,
3074,שטֶענֶע,שטֶענֶע,1,
3075,שטֶעקט,שטֶעקט,1,
3076,שטְֶערֶען,שטְֶערֶען,1,
3077,שטֶערקֶען,שטֶערקֶען,1,
3078,שטראהלט,שטראהלט,1,
3079,שטראף,שטראף,1,
3080,שטראפֶע,שטראפֶע,1,
3081,שְטְרַיימֶעל,שְטְרַיימֶעל,1,
3082,שטריקֶעלע,שטריקֶעלע,1,
3083,שטש,שטש,1,
3084,שידך,שידך,1,
1190,שיידֶען,שיידֶען,2,
3085,שֵיידֶען,שֵיידֶען,1,
3086,שיין,שיין,1,
3087,שיינט,שיינט,1,
3088,שיינסט,שיינסט,1,
3089,שיינֶעם,שיינֶעם,1,
3090,שימפּפֶען,שימפּפֶען,1,
3091,שיקט,שיקט,1,
3092,שיקֶען,שיקֶען,1,
3093,שכל,שכל,1,
3094,של,של,1,
3095,שלאגט,שלאגט,1,
3096,שלאגסטוּ,שלאגסטוּ,1,
712,שלאגֶען,שלאגֶען,3,
3097,שלאָגֶען,שלאָגֶען,1,
3098,שְלָאף,שְלָאף,1,
3099,שְלָאפֶען,שְלָאפֶען,1,
3100,שָלוחַ,שָלוחַ,1,
3101,שלוכצֶענד,שלוכצֶענד,1,
1191,שליח,שליח,2,
3102,שְלִיחָות,שְלִיחָות,1,
3103,שלים,שלים,1,
3104,שלימלדִיגֶער,שלימלדִיגֶער,1,
3105,שלינגט,שלינגט,1,
3106,שלעכט,שלעכט,1,
3107,שלעפט,שלעפט,1,
1192,שם,שם,2,
3108,שמהה,שמהה,1,
3109,שמו,שמו,1,
3110,שְמוּסְט,שְמוּסְט,1,
713,שמחה,שמחה,3,
3111,שִמְחָה,שִמְחָה,1,
1193,שמים,שמים,2,
3112,שְמֶך,שְמֶך,1,
3113,שמֶערצֶען,שמֶערצֶען,1,
3114,שנארֶער,שנארֶער,1,
1194,שנֶעל,שנֶעל,2,
424,שעה,שעה,5,
3115,שעהנ,שעהנ,1,
518,שעהן,שעהן,4,
3116,שעהנהייט,שעהנהייט,1,
3117,שעהנסטֶע,שעהנסטֶע,1,
714,שעהנֶע,שעהנֶע,3,
3118,שעהנֶעם,שעהנֶעם,1,
3119,שעהנֶענקֶער,שעהנֶענקֶער,1,
1195,שעהנֶער,שעהנֶער,2,
3120,שִעוּר,שִעוּר,1,
3121,שעלטֶען,שעלטֶען,1,
3122,שעמסט,שעמסט,1,
3123,שענדליכען,שענדליכען,1,
3124,שענדליכער,שענדליכער,1,
1196,שענקט,שענקט,2,
715,שפּאניען,שפּאניען,3,
3125,שפּאניענס,שפּאניענס,1,
3126,שפאנישע,שפאנישע,1,
3127,שפאנישען,שפאנישען,1,
3128,שפאנישער,שפאנישער,1,
3129,שפּאס,שפּאס,1,
1197,שפּאַס,שפּאַס,2,
3130,שפּאציערֶען,שפּאציערֶען,1,
3131,שפוך,שפוך,1,
519,שְפוך,שְפוך,4,
3132,שפּוּר,שפּוּר,1,
3133,שפּיטאַל,שפּיטאַל,1,
3134,שפּיענֶעל,שפּיענֶעל,1,
3135,שפּיענֶעלע,שפּיענֶעלע,1,
3136,שפֶעטיש,שפֶעטיש,1,
3137,שפּעטיש,שפּעטיש,1,
3138,שפֶעטֶער,שפֶעטֶער,1,
225,שפּעטֶער,שפּעטֶער,10,
3139,שפּעסעלע,שפּעסעלע,1,
3140,שפּראכע,שפּראכע,1,
3141,שפּרינגסט,שפּרינגסט,1,
3142,שפּרינגֶען,שפּרינגֶען,1,
3143,שקלאווע,שקלאווע,1,
520,שקר,שקר,4,
3144,שרויט,שרויט,1,
3145,שריט,שריט,1,
3146,שריַיַבֶּען,שריַיַבֶּען,1,
300,שרייט,שרייט,7,
3147,שרייסטוּ,שרייסטוּ,1,
3148,שרינֶען,שרינֶען,1,
3149,שריפט,שריפט,1,
521,שרֶעק,שרֶעק,4,
3150,שרֶעקט,שרֶעקט,1,
716,שרֶעקליך,שרֶעקליך,3,
3151,שְרֶעקְלִיך,שְרֶעקְלִיך,1,
3152,תּאִים,תּאִים,1,
3153,תּכריכים,תּכריכים,1,
3154,תּנאִים,תּנאִים,1,