"","id","ngram","freq"
"1",1,"ְּ",9
"2",2,"ִּ",8
"3",3,"ֶּ",15
"4",4,"ַּ",2
"5",5,"'ל",1
"351",1,"'לֶ",1
"1178",1,"'לֶע",1
"6",6,"אִ",13
"7",7,"אֵ",2
"8",8,"אֶ",1
"9",9,"אַ",18
"10",10,"אָ",13
"11",11,"ְא",1
"12",12,"ַא",24
"352",2,"ַּא",1
"13",13,"ָא",30
"14",14,"ּא",2
"353",3,"ּאָ",1
"15",15,"אא",1
"354",4,"אאִ",1
"355",5,"ַאא",1
"1179",2,"ַאאִ",1
"1180",3,"אאִי",1
"16",16,"אב",2
"356",6,"אבֶ",1
"1181",4,"אבֶּ",1
"357",7,"אבּ",1
"358",8,"אַב",1
"1182",5,"אַבִ",1
"359",9,"אָב",3
"1183",6,"אָבֶ",1
"1184",7,"אָבּ",2
"360",10,"ָאב",2
"1185",8,"ָאבֶ",1
"1186",9,"ָאבּ",1
"1187",10,"אבּה",1
"17",17,"אג",6
"361",11,"אגְ",3
"362",12,"אגֶ",1
"363",13,"ָאג",6
"1188",11,"ָאגְ",3
"1189",12,"ָאגֶ",1
"364",14,"אגז",1
"1190",13,"אגזָ",1
"1191",14,"ָאגז",1
"365",15,"אגט",1
"1192",15,"אגטַ",1
"1193",16,"אגְט",3
"1194",17,"ָאגט",1
"1195",18,"אגֶע",1
"18",18,"אד",1
"366",16,"אדַ",1
"367",17,"אָד",1
"368",18,"ָאד",1
"1196",19,"ָאדַ",1
"1197",20,"אדַא",1
"1198",21,"אָדע",1
"19",19,"אה",1
"369",19,"אָה",1
"370",20,"ָאה",1
"371",21,"אהי",1
"1199",22,"ָאהי",1
"1200",23,"אהיו",1
"1201",24,"אָהל",1
"20",20,"או",20
"372",22,"אוּ",12
"1202",25,"אוּו",1
"373",23,"אוי",8
"1203",26,"אויג",1
"1204",27,"אויך",1
"1205",28,"אוינ",1
"1206",29,"אויס",2
"1207",30,"אויפ",3
"1208",31,"אוּנ",10
"1209",32,"אוּן",1
"21",21,"אז",3
"374",24,"אזֶ",1
"375",25,"אזָ",1
"376",26,"אַז",1
"1210",33,"אַזַ",1
"377",27,"ָאז",3
"1211",34,"ָאזֶ",1
"1212",35,"ָאזָ",1
"1213",36,"אזָא",1
"378",28,"אזה",1
"1214",37,"אזהִ",1
"1215",38,"ָאזה",1
"1216",39,"אזֶע",1
"22",22,"אט",6
"379",29,"אטֶ",4
"380",30,"אַט",1
"381",31,"ַאט",4
"1217",40,"ַאטֶ",4
"382",32,"ָאט",2
"1218",41,"אַטא",1
"383",33,"אטג",1
"1219",42,"אטגַ",1
"1220",43,"ָאטג",1
"384",34,"אטה",1
"1221",44,"אטהָ",1
"1222",45,"אטֶה",1
"1223",46,"ָאטה",1
"1224",47,"אטֶע",3
"23",23,"אי",3
"385",35,"איָ",1
"386",36,"אִי",13
"387",37,"אֵי",2
"388",38,"אַי",6
"389",39,"ַאי",2
"390",40,"ָאי",1
"1225",48,"ָאיָ",1
"1226",49,"איָא",1
"1227",50,"אִיא",1
"1228",51,"אִיב",6
"1229",52,"אֵיב",1
"391",41,"איה",2
"1230",53,"איהֶ",1
"1231",54,"איהַ",1
"1232",55,"אִיה",2
"1233",56,"ַאיה",2
"1234",57,"אִיז",2
"1235",58,"אֵיי",1
"1236",59,"אַיי",6
"1237",60,"אִיך",1
"1238",61,"אִים",1
"24",24,"אכ",3
"25",25,"אך",2
"392",42,"אכְ",2
"393",43,"אכֶ",1
"394",44,"ְאך",1
"395",45,"ַאכ",2
"1239",62,"ַאכְ",1
"1240",63,"ַאכֶ",1
"396",46,"ָאכ",1
"1241",64,"ָאכְ",1
"397",47,"אךה",1
"1242",65,"אךהָ",1
"1243",66,"ְאךה",1
"1244",67,"אכְט",2
"1245",68,"אכֶע",1
"26",26,"אל",13
"398",48,"אלְ",8
"399",49,"אלֶ",1
"400",50,"אַל",5
"1246",69,"אַלְ",1
"1247",70,"אַלֵ",1
"1248",71,"אַלֶ",2
"401",51,"אָל",1
"402",52,"ַאל",6
"1249",72,"ַאלְ",4
"1250",73,"ַאלֶ",1
"403",53,"ָאל",5
"1251",74,"ָאלְ",3
"1252",75,"ּאָל",1
"404",54,"אלא",1
"1253",76,"אלאֵ",1
"1254",77,"ַאלא",1
"1255",78,"אלְב",1
"1256",79,"אָלד",1
"405",55,"אלו",1
"1257",80,"ָאלו",1
"1258",81,"אלוו",1
"406",56,"אלז",1
"1259",82,"אלזָ",1
"1260",83,"אלְז",1
"1261",84,"ָאלז",1
"407",57,"אלט",1
"1262",85,"אלְט",5
"1263",86,"אלטו",1
"1264",87,"אלְס",1
"1265",88,"אלֶע",1
"1266",89,"אַלע",1
"27",27,"אם",1
"408",58,"אָמ",1
"409",59,"אםו",1
"1267",90,"אםוַ",1
"1268",91,"אָמן",1
"28",28,"אנ",5
"29",29,"אן",2
"410",60,"אנְ",4
"411",61,"אַנ",2
"412",62,"אָנ",1
"413",63,"אָן",1
"1269",92,"אָנְ",1
"414",64,"ַאנ",4
"415",65,"ַאן",2
"1270",93,"ַאנְ",4
"416",66,"ָאנ",1
"1271",94,"אָןא",1
"417",67,"אןב",1
"1272",95,"אןבְ",1
"1273",96,"ַאןב",1
"1274",97,"אנְג",1
"1275",98,"אַנד",1
"418",68,"אנט",1
"1276",99,"ָאנט",1
"1277",100,"אנטע",1
"419",69,"אןי",1
"1278",101,"ַאןי",1
"1279",102,"אןיו",1
"1280",103,"אנְצ",2
"1281",104,"אנְק",1
"1282",105,"אַנש",1
"30",30,"אס",7
"420",70,"אסְ",2
"421",71,"אסֶ",2
"422",72,"ַאס",2
"1283",106,"ַאסֶ",2
"423",73,"ָאס",3
"1284",107,"ָאסְ",2
"424",74,"אסד",1
"1285",108,"אסדָ",1
"1286",109,"ָאסד",1
"425",75,"אסו",2
"1287",110,"אסוָ",2
"1288",111,"אסְט",2
"1289",112,"אסֶע",2
"426",76,"אֶפ",1
"1290",113,"אֶפְ",1
"427",77,"אָפ",1
"1291",114,"אָפֶ",1
"31",31,"אק",1
"428",78,"אקְ",1
"429",79,"אַק",1
"430",80,"אָק",1
"431",81,"ָאק",1
"1292",115,"ָאקְ",1
"1293",116,"אקְט",1
"1294",117,"אַקט",1
"1295",118,"אָקט",1
"32",32,"אר",7
"432",82,"ארְ",1
"433",83,"ארֶ",2
"434",84,"אַר",1
"1296",119,"אַרַ",1
"435",85,"אָר",1
"1297",120,"אָרְ",1
"436",86,"ַאר",1
"1298",121,"ַּאר",1
"437",87,"ָאר",3
"1299",122,"ָארְ",1
"1300",123,"ָארֶ",1
"438",88,"ּאר",1
"439",89,"ארא",1
"1301",124,"ּארא",1
"1302",125,"אראו",1
"440",90,"ארג",1
"1303",126,"ָארג",1
"1304",127,"ארגו",1
"441",91,"ארו",1
"1305",128,"ארוּ",1
"1306",129,"ַארו",1
"442",92,"ארט",1
"1307",130,"ארְט",1
"1308",131,"ארטו",1
"1309",132,"ארֶע",2
"443",93,"אָת",1
"1310",133,"אָתב",1
"33",33,"בְ",9
"444",94,"בְּ",9
"34",34,"בִ",8
"445",95,"בִּ",8
"35",35,"בֶ",15
"446",96,"בֶּ",15
"36",36,"בַ",2
"447",97,"בַּ",2
"37",37,"בּ",19
"38",38,"ְב",3
"448",98,"ְבַ",1
"1311",134,"ְבַּ",1
"449",99,"ְבּ",1
"39",39,"ַב",1
"450",100,"ַבִ",1
"1312",135,"ַבִּ",1
"40",40,"ָב",3
"451",101,"ָבֶ",1
"1313",136,"ָבֶּ",1
"452",102,"ָבּ",2
"41",41,"ּב",2
"453",103,"ּבִ",1
"1314",137,"ּבִּ",1
"454",104,"ּבּ",1
"1315",138,"בַּא",1
"455",105,"בּא",1
"1316",139,"בּאָ",1
"456",106,"בּב",1
"1317",140,"בּבּ",1
"457",107,"בּג",3
"1318",141,"בּגְ",1
"1319",142,"בּגֶ",2
"1320",143,"ָבּג",2
"458",108,"בּה",2
"1321",144,"בּהַ",1
"1322",145,"בּהָ",1
"1323",146,"ְבּה",1
"42",42,"בו",1
"459",109,"בּו",1
"1324",147,"בּוַ",1
"460",110,"ְבו",1
"461",111,"בור",1
"1325",148,"בורֶ",1
"1326",149,"ְבור",1
"462",112,"בּט",1
"1327",150,"בּטב",1
"1328",151,"בִּי",8
"1329",152,"בַּי",1
"463",113,"בּי",1
"1330",153,"בּיי",1
"1331",154,"בְּל",5
"464",114,"בּל",1
"1332",155,"ּבּל",1
"1333",156,"בּלי",1
"1334",157,"בֶּן",1
"1335",158,"בֶּע",14
"465",115,"בּע",6
"1336",159,"בּעז",1
"1337",160,"בּענ",2
"1338",161,"בּען",1
"1339",162,"בּעצ",1
"1340",163,"בּער",1
"1341",164,"בְּר",4
"466",116,"בּר",2
"1342",165,"בּרו",1
"1343",166,"בּרי",1
"43",43,"גְ",15
"44",44,"גֶ",35
"45",45,"גַ",2
"46",46,"גָ",2
"47",47,"ְג",15
"467",117,"ְגְ",6
"468",118,"ְגֶ",7
"48",48,"ּג",4
"469",119,"ּגְ",1
"470",120,"ּגֶ",2
"49",49,"גא",2
"471",121,"גַא",2
"472",122,"גָא",2
"473",123,"גאו",2
"1344",167,"גאוּ",1
"1345",168,"גאוי",1
"1346",169,"גָאט",1
"1347",170,"גַאנ",2
"1348",171,"גָאר",1
"50",50,"גב",1
"474",124,"גבְ",1
"1349",172,"גבְּ",1
"475",125,"ְגב",1
"1350",173,"ְגבְ",1
"51",51,"גג",1
"476",126,"גגֶ",1
"477",127,"ּגג",1
"1351",174,"ּגגֶ",1
"1352",175,"גגֶע",1
"52",52,"גו",5
"478",128,"גוּ",5
"1353",176,"גוּט",4
"1354",177,"גוּנ",1
"53",53,"גז",1
"479",129,"גזָ",1
"1355",178,"גזָא",1
"54",54,"גט",1
"480",130,"גטַ",1
"481",131,"גְט",5
"1356",179,"ְגְט",1
"1357",180,"גטַא",1
"1358",181,"גְטא",2
"1359",182,"גְטה",1
"1360",183,"גְטז",1
"1361",184,"גְטט",1
"482",132,"גְל",7
"1362",185,"גְלִ",5
"1363",186,"ְגְל",5
"1364",187,"ּגְל",1
"1365",188,"גְלו",2
"55",55,"גמ",1
"483",133,"גמִ",1
"484",134,"ְגמ",1
"1366",189,"ְגמִ",1
"1367",190,"גמִי",1
"485",135,"גֶנ",1
"486",136,"גֶן",1
"1368",191,"ּגֶנ",1
"1369",192,"גֶןא",1
"1370",193,"גֶנו",1
"56",56,"גע",2
"487",137,"גֶע",33
"1371",194,"ְגֶע",7
"1372",195,"ּגֶע",1
"1373",196,"גֶעא",1
"488",138,"געב",1
"1374",197,"געבּ",1
"1375",198,"גֶעב",2
"1376",199,"גֶעה",8
"1377",200,"גֶעו",3
"1378",201,"גֶעז",2
"1379",202,"גֶעל",3
"1380",203,"גֶעמ",1
"489",139,"גען",1
"1381",204,"גֶענ",1
"1382",205,"גֶען",5
"1383",206,"געןא",1
"1384",207,"גֶעפ",2
"1385",208,"גֶער",5
"490",140,"גְר",3
"1386",209,"גְרֵ",1
"1387",210,"גְרו",2
"57",57,"דְ",2
"58",58,"דִ",6
"59",59,"דֶ",7
"60",60,"דַ",5
"61",61,"דָ",5
"62",62,"ְד",4
"491",141,"ְדֶ",2
"63",63,"ָד",1
"64",64,"ּד",2
"492",142,"ּדֶ",1
"493",143,"ּדַ",1
"65",65,"דא",1
"494",144,"דאָ",1
"495",145,"דַא",3
"496",146,"דָא",4
"1388",211,"ּדַא",1
"1389",212,"דָאד",1
"1390",213,"דַאל",1
"1391",214,"דַאנ",1
"1392",215,"דָאס",1
"1393",216,"דאָק",1
"1394",217,"דָאק",1
"1395",218,"דַאר",1
"1396",219,"דָאר",1
"66",66,"דב",3
"497",147,"דבְ",1
"1397",220,"דבְּ",1
"498",148,"דבִ",2
"1398",221,"דבִּ",2
"499",149,"דְב",1
"500",150,"ְדב",1
"1399",222,"ְדבִ",1
"1400",223,"דְבו",1
"67",67,"דג",1
"501",151,"דגֶ",1
"1401",224,"דגֶע",1
"68",68,"דה",2
"502",152,"דהֶ",1
"503",153,"דהָ",1
"504",154,"ְדה",1
"1402",225,"ְדהֶ",1
"1403",226,"דהָא",1
"1404",227,"דהֶע",1
"505",155,"דְט",1
"1405",228,"דְטג",1
"506",156,"דִי",6
"507",157,"דַי",1
"1406",229,"דִיד",1
"1407",230,"דִיז",3
"1408",231,"דַיי",1
"508",158,"דַײ",1
"1409",232,"דַײן",1
"1410",233,"דִיך",1
"1411",234,"דִיר",1
"69",69,"דע",2
"509",159,"דעֶ",1
"510",160,"דֶע",7
"511",161,"דָע",1
"1412",235,"ְדֶע",2
"512",162,"ָדע",1
"1413",236,"ָדעֶ",1
"1414",237,"ּדֶע",1
"513",163,"דעב",1
"1415",238,"דעבַ",1
"1416",239,"דֶעם",1
"1417",240,"דֶענ",1
"1418",241,"דֶען",2
"1419",242,"דעֶר",1
"1420",243,"דֶער",3
"1421",244,"דָער",1
"70",70,"הִ",5
"71",71,"הֵ",5
"72",72,"הֶ",19
"73",73,"הַ",10
"74",74,"הָ",7
"75",75,"ְה",2
"514",164,"ְהֵ",1
"515",165,"ְהַ",1
"76",76,"ֶה",2
"77",77,"ָה",1
"78",78,"ּה",4
"516",166,"ּהֵ",1
"517",167,"ּהֶ",1
"518",168,"ּהַ",1
"519",169,"ּהָ",1
"79",79,"ה'",1
"520",170,"ֶה'",1
"521",171,"ה'ל",1
"1422",245,"ה'לֶ",1
"1423",246,"ֶה'ל",1
"80",80,"הא",1
"522",172,"האַ",1
"523",173,"הַא",4
"524",174,"הָא",6
"1424",247,"ּהַא",1
"1425",248,"ּהָא",1
"1426",249,"הָאב",2
"1427",250,"הָאט",1
"1428",251,"הַאל",4
"1429",252,"הָאל",1
"1430",253,"האַנ",1
"1431",254,"הָאס",2
"81",81,"הג",1
"525",175,"הגֶ",1
"1432",255,"הגֶע",1
"82",82,"הה",1
"526",176,"ההֵ",1
"527",177,"ֶהה",1
"1433",256,"ֶההֵ",1
"1434",257,"ההֵי",1
"83",83,"הו",2
"528",178,"הוֶ",1
"529",179,"הוֹ",1
"1435",258,"הוֶו",1
"1436",259,"הוֹי",1
"84",84,"הז",1
"530",180,"הזֶ",1
"1437",260,"הזֶע",1
"85",85,"הט",1
"531",181,"הטג",1
"1438",261,"הטגֶ",1
"86",86,"הי",1
"532",182,"הִי",5
"533",183,"הֵי",5
"534",184,"הַי",3
"1439",262,"ְהֵי",1
"1440",263,"ְהַי",1
"1441",264,"ּהֵי",1
"535",185,"היו",1
"1442",265,"היוּ",1
"1443",266,"הֵיי",5
"1444",267,"הַיי",3
"1445",268,"הִיל",2
"1446",269,"הִימ",1
"1447",270,"הִינ",1
"1448",271,"הִיע",1
"87",87,"הל",1
"536",186,"הַל",2
"1449",272,"הַלְ",2
"537",187,"ָהל",1
"538",188,"הלע",1
"1450",273,"ָהלע",1
"1451",274,"הלען",1
"88",88,"הם",1
"539",189,"הםא",1
"1452",275,"הםאִ",1
"89",89,"הן",2
"540",190,"הןג",1
"1453",276,"הןגֶ",1
"541",191,"הןז",1
"1454",277,"הןזֶ",1
"90",90,"הס",1
"542",192,"הסְ",1
"1455",278,"הסְט",1
"543",193,"הֶע",19
"544",194,"הָע",1
"1456",279,"ּהֶע",1
"1457",280,"הֶעל",3
"1458",281,"הֶענ",2
"1459",282,"הֶען",2
"1460",283,"הֶעס",1
"1461",284,"הֶער",11
"1462",285,"הָער",1
"91",91,"הר",1
"545",195,"הרא",1
"1463",286,"הראִ",1
"546",196,"הַש",1
"1464",287,"הַשֵ",1
"92",92,"וִ",8
"93",93,"וֵ",4
"94",94,"וֶ",11
"95",95,"וַ",3
"96",96,"וָ",6
"97",97,"וֹ",1
"98",98,"וּ",34
"99",99,"ְו",2
"547",197,"ְוֵ",1
"548",198,"ְוַ",1
"100",100,"ִו",7
"101",101,"ֵו",2
"102",102,"ֶו",11
"103",103,"ַו",2
"104",104,"ָו",5
"105",105,"ּו",7
"549",199,"ּוִ",3
"550",200,"ּוֶ",1
"551",201,"ּוַ",1
"552",202,"ּוָ",1
"106",106,"וא",8
"553",203,"וַא",1
"554",204,"וָא",1
"1465",288,"ְוַא",1
"555",205,"ֶוא",1
"556",206,"ַוא",1
"557",207,"ָוא",5
"558",208,"ואו",1
"1466",289,"ואוּ",1
"1467",290,"וַאי",1
"559",209,"ואל",2
"1468",291,"ואלְ",1
"1469",292,"וָאל",1
"1470",293,"ָואל",2
"1471",294,"ואלט",1
"560",210,"ואם",1
"1472",295,"ֶואם",1
"1473",296,"ואםו",1
"561",211,"ואס",2
"1474",297,"ַואס",1
"1475",298,"ָואס",1
"1476",299,"ואסו",2
"562",212,"ואר",2
"1477",300,"וארֶ",1
"1478",301,"ָואר",2
"1479",302,"וארט",1
"563",213,"וּב",1
"1480",303,"וּבִ",1
"564",214,"וּג",1
"1481",304,"וּגג",1
"565",215,"וּד",2
"1482",305,"וּדֶ",1
"1483",306,"וּדַ",1
"566",216,"וּה",2
"1484",307,"וּהֵ",1
"1485",308,"וּהֶ",1
"107",107,"וו",4
"567",217,"ווִ",1
"568",218,"ווֵ",2
"569",219,"וִו",7
"570",220,"וֵו",2
"571",221,"וֶו",11
"572",222,"וַו",2
"573",223,"וָו",5
"574",224,"וּו",5
"1486",309,"וּוִ",3
"1487",310,"וּוֶ",1
"1488",311,"וּוָ",1
"1489",312,"ְוֵו",1
"1490",313,"ּוִו",3
"1491",314,"ּוֶו",1
"1492",315,"ּוַו",1
"1493",316,"ּוָו",1
"575",225,"ווא",1
"1494",317,"וֶוא",1
"1495",318,"וַוא",1
"1496",319,"וָוא",5
"1497",320,"וואו",1
"1498",321,"ווִי",1
"1499",322,"ווֵי",2
"1500",323,"וִוי",7
"1501",324,"וֵוי",2
"1502",325,"וַוי",1
"1503",326,"וֶוע",10
"576",226,"וּט",4
"1504",327,"וּטֶ",4
"108",108,"וי",22
"577",227,"וִי",1
"578",228,"וֵי",2
"579",229,"וֹי",1
"580",230,"ִוי",7
"581",231,"ֵוי",2
"582",232,"ַוי",1
"583",233,"ויב",2
"1505",328,"ויבֶ",1
"1506",329,"ויבּ",1
"584",234,"ויג",1
"1507",330,"ויגֶ",1
"585",235,"ויו",1
"1508",331,"ִויו",1
"1509",332,"ויוו",1
"586",236,"ויי",3
"1510",333,"וֵיי",2
"1511",334,"ֵויי",2
"1512",335,"ַויי",1
"1513",336,"וייל",1
"1514",337,"וייס",2
"587",237,"ויך",1
"1515",338,"ויךא",1
"588",238,"ויל",3
"1516",339,"וילֶ",1
"1517",340,"ִויל",3
"1518",341,"וילו",1
"1519",342,"וילס",1
"589",239,"וינ",2
"1520",343,"וינְ",1
"1521",344,"וינֶ",1
"1522",345,"ִוינ",1
"590",240,"ויס",4
"1523",346,"ויסְ",2
"1524",347,"ויסֶ",1
"1525",348,"וִיס",1
"1526",349,"ויסג",1
"591",241,"ויפ",3
"1527",350,"ויפְ",1
"1528",351,"וֹיפ",1
"1529",352,"ויפר",2
"592",242,"ויר",2
"1530",353,"וירְ",2
"1531",354,"ִויר",2
"593",243,"וּכ",1
"1532",355,"וּכֶ",1
"594",244,"וּמ",1
"595",245,"וּם",1
"1533",356,"וּמֶ",1
"1534",357,"וּםד",1
"596",246,"וּנ",13
"597",247,"וּן",1
"1535",358,"וּנְ",12
"1536",359,"וּןא",1
"1537",360,"וּנג",1
"109",109,"וס",1
"598",248,"וּס",1
"599",249,"ּוס",1
"600",250,"וסו",1
"1538",361,"ּוסו",1
"1539",362,"וסות",1
"1540",363,"וּסט",1
"110",110,"וע",10
"601",251,"ֶוע",10
"602",252,"ועה",1
"1541",364,"ֶועה",1
"1542",365,"ועהו",1
"603",253,"ועט",1
"1543",366,"ֶועט",1
"1544",367,"ועטו",1
"604",254,"ועל",3
"1545",368,"ועלְ",2
"1546",369,"ֶועל",3
"1547",370,"ועלו",1
"605",255,"וען",1
"1548",371,"ֶוען",1
"1549",372,"ועןו",1
"606",256,"ועס",1
"1550",373,"ועסְ",1
"1551",374,"ֶועס",1
"607",257,"ועק",1
"1552",375,"ֶועק",1
"1553",376,"ועקו",1
"608",258,"וער",2
"1554",377,"וערֶ",1
"1555",378,"ֶוער",2
"1556",379,"וערו",1
"111",111,"ור",1
"609",259,"ורֶ",1
"1557",380,"ורֶה",1
"112",112,"ות",1
"610",260,"וּת",1
"1558",381,"וּתט",1
"611",261,"ותל",1
"1559",382,"ותלָ",1
"113",113,"זְ",3
"114",114,"זִ",3
"115",115,"זֵ",2
"116",116,"זֶ",9
"117",117,"זַ",5
"118",118,"זָ",8
"119",119,"ְז",5
"120",120,"ַז",1
"612",262,"ַזַ",1
"121",121,"זא",2
"613",263,"זאִ",1
"614",264,"זַא",1
"615",265,"זָא",8
"616",266,"ְזא",1
"1560",383,"ַזַא",1
"1561",384,"זַאא",1
"1562",385,"זָאג",4
"617",267,"זאו",1
"1563",386,"זאוּ",1
"1564",387,"ְזאו",1
"1565",388,"זָאז",1
"1566",389,"זאִי",1
"1567",390,"זָאל",3
"122",122,"זב",3
"618",268,"זבִ",2
"1568",391,"זבִּ",2
"619",269,"זבֶ",1
"1569",392,"זבֶּ",1
"123",123,"זד",1
"620",270,"זדָ",1
"1570",393,"זדָא",1
"124",124,"זה",2
"621",271,"זהִ",1
"622",272,"זהַ",1
"623",273,"ְזה",1
"1571",394,"ְזהַ",1
"1572",395,"זהַא",1
"1573",396,"זהִי",1
"125",125,"זו",1
"624",274,"זוּ",1
"1574",397,"זוּכ",1
"126",126,"זט",1
"625",275,"זְט",2
"626",276,"זטא",1
"1575",398,"זטאַ",1
"1576",399,"זְטב",1
"1577",400,"זְטו",1
"627",277,"זִי",3
"628",278,"זֵי",2
"629",279,"זַי",3
"1578",401,"זִיז",1
"1579",402,"זֵיי",2
"1580",403,"זַיי",3
"630",280,"זַײ",1
"1581",404,"זַײן",1
"1582",405,"זִיך",1
"1583",406,"זִיס",1
"127",127,"זע",3
"631",281,"זעֶ",3
"632",282,"זֶע",9
"633",283,"ְזע",3
"1584",407,"ְזעֶ",3
"1585",408,"זֶעד",1
"1586",409,"זֶעה",4
"1587",410,"זֶענ",1
"1588",411,"זֶען",2
"1589",412,"זעֶר",3
"1590",413,"זֶער",1
"634",284,"זְש",1
"1591",414,"זְשֶ",1
"128",128,"טְ",3
"129",129,"טֶ",14
"130",130,"טַ",2
"131",131,"טָ",4
"132",132,"ְט",38
"635",285,"ְטֶ",4
"636",286,"ְטָ",1
"133",133,"ֶט",1
"637",287,"ֶטְ",1
"134",134,"ַט",1
"135",135,"ָט",1
"136",136,"ּט",6
"638",288,"ּטֶ",4
"137",137,"טא",8
"639",289,"טאִ",2
"640",290,"טאַ",4
"641",291,"טאָ",1
"642",292,"טַא",2
"643",293,"טָא",4
"644",294,"ְטא",3
"1592",415,"ְטאִ",1
"1593",416,"ְטאַ",1
"1594",417,"ְטָא",1
"645",295,"ַטא",1
"1595",418,"ַטאָ",1
"646",296,"ּטא",1
"1596",419,"ּטאִ",1
"1597",420,"טָאג",1
"647",297,"טאו",1
"1598",421,"ְטאו",1
"1599",422,"טאוי",1
"1600",423,"טאַט",1
"1601",424,"טַאט",2
"1602",425,"טאִי",2
"1603",426,"טאַי",1
"1604",427,"טָאכ",1
"1605",428,"טאַנ",1
"1606",429,"טָאנ",1
"1607",430,"טאָפ",1
"1608",431,"טאַר",1
"1609",432,"טָאר",1
"138",138,"טב",3
"648",298,"טבְ",1
"1610",433,"טבְּ",1
"649",299,"טבִ",1
"1611",434,"טבִּ",1
"650",300,"טבּ",1
"651",301,"ְטב",1
"1612",435,"ְטבִ",1
"652",302,"ּטב",1
"1613",436,"ּטבְ",1
"1614",437,"טבּר",1
"139",139,"טג",12
"653",303,"טגְ",1
"654",304,"טגֶ",10
"655",305,"טגַ",1
"656",306,"ְטג",8
"1615",438,"ְטגְ",1
"1616",439,"ְטגֶ",7
"1617",440,"טגַא",1
"1618",441,"טגֶע",10
"1619",442,"טגְר",1
"140",140,"טד",1
"657",307,"טדְ",1
"658",308,"ְטד",1
"1620",443,"ְטדְ",1
"1621",444,"טדְב",1
"141",141,"טה",8
"659",309,"טהֶ",4
"660",310,"טהַ",2
"661",311,"טהָ",2
"662",312,"טֶה",1
"663",313,"ְטה",7
"1622",445,"ְטהֶ",4
"1623",446,"ְטהַ",2
"1624",447,"ְטהָ",1
"1625",448,"טהַא",1
"1626",449,"טהָא",2
"1627",450,"טֶהה",1
"1628",451,"טהַי",1
"1629",452,"טהֶע",4
"142",142,"טו",11
"664",314,"טוִ",1
"665",315,"טוֶ",2
"666",316,"טוּ",7
"667",317,"ְטו",8
"1630",453,"ְטוּ",7
"1631",454,"טוּב",1
"1632",455,"טוּה",2
"668",318,"טוו",1
"1633",456,"טווֵ",1
"1634",457,"טוִו",1
"1635",458,"טוֶו",2
"1636",459,"טוּו",4
"1637",460,"ְטוו",1
"143",143,"טז",5
"669",319,"טזִ",1
"670",320,"טזֶ",1
"671",321,"טזַ",1
"672",322,"טזָ",2
"673",323,"ְטז",4
"1638",461,"ְטזִ",1
"1639",462,"ְטזֶ",1
"1640",463,"ְטזָ",2
"1641",464,"טזָא",2
"1642",465,"טזִי",1
"1643",466,"טזַײ",1
"1644",467,"טזֶע",1
"144",144,"טט",1
"674",324,"טטְ",1
"675",325,"ְטט",1
"1645",468,"ְטטְ",1
"1646",469,"טטְר",1
"145",145,"טע",3
"676",326,"טֶע",13
"1647",470,"ְטֶע",4
"677",327,"ָטע",1
"1648",471,"ּטֶע",4
"1649",472,"טֶעג",1
"678",328,"טעו",1
"1650",473,"טעוּ",1
"679",329,"טעט",1
"1651",474,"טֶעט",1
"1652",475,"ָטעט",1
"1653",476,"טעטג",1
"1654",477,"טֶען",7
"1655",478,"טֶעס",1
"680",330,"טער",1
"1656",479,"טֶער",3
"1657",480,"טערד",1
"681",331,"טְר",3
"1658",481,"טְרֵ",1
"1659",482,"טְרַ",1
"1660",483,"טְרָ",1
"1661",484,"ֶטְר",1
"146",146,"טש",1
"682",332,"טשע",1
"1662",485,"טשען",1
"147",147,"יָ",2
"148",148,"ִי",46
"683",333,"ִּי",8
"149",149,"ֵי",14
"150",150,"ַי",17
"684",334,"ַּי",1
"151",151,"ֹי",1
"152",152,"ּי",10
"153",153,"יא",1
"685",335,"יאִ",1
"686",336,"יָא",2
"687",337,"ִיא",1
"1663",486,"ִיאִ",1
"1664",487,"יָאה",1
"1665",488,"יאִי",1
"1666",489,"יָאי",1
"154",154,"יב",13
"688",338,"יבֶ",8
"1667",490,"יבֶּ",8
"689",339,"יבּ",5
"690",340,"ִיב",6
"1668",491,"ִיבֶ",6
"691",341,"ֵיב",1
"1669",492,"ֵיבּ",1
"1670",493,"יבּב",1
"1671",494,"יבּג",1
"1672",495,"יבּו",1
"1673",496,"יבּט",1
"1674",497,"יבּע",1
"155",155,"יג",4
"692",342,"יגֶ",3
"693",343,"ִיג",2
"1675",498,"ִיגֶ",1
"694",344,"יגא",1
"1676",499,"ִיגא",1
"1677",500,"יגאו",1
"1678",501,"יגֶע",3
"156",156,"יד",2
"695",345,"ידִ",1
"696",346,"ִיד",1
"1679",502,"ִידִ",1
"1680",503,"ידִי",1
"697",347,"ידע",1
"1681",504,"ידעב",1
"157",157,"יה",4
"698",348,"יהֶ",1
"699",349,"יהַ",1
"700",350,"ִיה",2
"1682",505,"יהַל",1
"701",351,"יהם",1
"1683",506,"ִיהם",1
"1684",507,"יהםא",1
"1685",508,"יהֶע",1
"702",352,"יהר",1
"1686",509,"ִיהר",1
"1687",510,"יהרא",1
"158",158,"יו",4
"703",353,"יוּ",3
"1688",511,"יוּד",1
"704",354,"יוו",1
"1689",512,"יווֵ",1
"1690",513,"יוּנ",2
"159",159,"יז",12
"705",355,"יזְ",2
"706",356,"יזֵ",2
"707",357,"יזֶ",3
"708",358,"ִיז",6
"1691",514,"ִיזֵ",1
"1692",515,"ִיזֶ",3
"1693",516,"ִּיז",4
"709",359,"ּיז",4
"1694",517,"ּיזְ",2
"710",360,"יזא",1
"1695",518,"יזאִ",1
"1696",519,"ִיזא",1
"711",361,"יזב",2
"1697",520,"יזבִ",2
"1698",521,"ּיזב",2
"712",362,"יזד",1
"1699",522,"יזדָ",1
"713",363,"יזט",1
"1700",523,"יזְט",2
"1701",524,"ִיזט",1
"1702",525,"יזטא",1
"1703",526,"יזֵי",2
"1704",527,"יזֶע",3
"160",160,"יט",2
"714",364,"יטֶ",1
"1705",528,"ִּיט",1
"715",365,"ּיט",1
"1706",529,"ּיטֶ",1
"716",366,"יטז",1
"1707",530,"יטזַ",1
"1708",531,"יטֶע",1
"161",161,"יי",37
"717",367,"ֵיי",13
"718",368,"ַיי",17
"162",162,"ַײ",2
"1709",532,"ַּיי",1
"719",369,"ּיי",2
"720",370,"ייב",4
"1710",533,"ייבֶ",1
"1711",534,"ייבּ",3
"1712",535,"ֵייב",1
"1713",536,"ַייב",2
"721",371,"ייג",1
"1714",537,"ייגֶ",1
"1715",538,"ַייג",1
"722",372,"ייד",1
"1716",539,"ּייד",1
"1717",540,"יידע",1
"723",373,"ייז",2
"1718",541,"ייזֵ",1
"1719",542,"ֵייז",2
"1720",543,"ייזד",1
"724",374,"ייט",1
"1721",544,"ֵייט",1
"1722",545,"ייטז",1
"725",375,"ייך",1
"1723",546,"ַייך",1
"1724",547,"ייךא",1
"726",376,"ייל",3
"1725",548,"יילְ",2
"1726",549,"ֵייל",2
"1727",550,"יילו",1
"727",377,"יים",2
"1728",551,"ֵיים",1
"1729",552,"ּיים",1
"1730",553,"ייםב",1
"1731",554,"ייםה",1
"728",378,"יינ",7
"729",379,"יין",3
"163",163,"ײן",2
"1732",555,"יינִ",2
"1733",556,"יינֶ",3
"1734",557,"ֵיין",1
"1735",558,"ַיינ",7
"1736",559,"ַיין",2
"730",380,"ַײן",2
"1737",560,"ייןא",3
"731",381,"ײןד",1
"1738",561,"ײןדַ",1
"1739",562,"ַײןד",1
"732",382,"ײןז",1
"1740",563,"ײןזַ",1
"1741",564,"ַײןז",1
"1742",565,"יינע",2
"733",383,"ייס",6
"1743",566,"ייסְ",5
"1744",567,"ייסֶ",1
"1745",568,"ֵייס",1
"1746",569,"ַייס",3
"734",384,"ייע",4
"1747",570,"ייעֶ",3
"1748",571,"ֵייע",2
"1749",572,"ַייע",1
"1750",573,"ייער",1
"735",385,"ייר",2
"1751",574,"יירַ",2
"1752",575,"ֵייר",2
"164",164,"יכ",2
"165",165,"יך",9
"736",386,"יכֶ",2
"737",387,"ִיכ",2
"738",388,"ִיך",7
"1753",576,"ִיכֶ",2
"739",389,"יךא",4
"1754",577,"יךאִ",1
"1755",578,"יךאַ",1
"1756",579,"ִיךא",2
"1757",580,"יךאו",2
"740",390,"יךד",1
"1758",581,"יךדִ",1
"1759",582,"ִיךד",1
"741",391,"יךה",1
"1760",583,"יךהֶ",1
"1761",584,"ִיךה",1
"742",392,"יךו",1
"1762",585,"יךוֶ",1
"1763",586,"ִיךו",1
"743",393,"יךז",1
"1764",587,"יךזִ",1
"1765",588,"ִיךז",1
"744",394,"יךנ",1
"1766",589,"ִיךנ",1
"1767",590,"יךנא",1
"1768",591,"יכֶע",2
"166",166,"יל",9
"745",395,"ילְ",5
"746",396,"ילֶ",1
"747",397,"ִיל",2
"1769",592,"ִילְ",2
"1770",593,"ִּיל",1
"748",398,"ּיל",1
"1771",594,"ּילְ",1
"1772",595,"ילְב",1
"1773",596,"ילְד",1
"749",399,"ילו",2
"1774",597,"ילוִ",1
"1775",598,"ילוֵ",1
"1776",599,"ילְט",1
"750",400,"ילס",1
"1777",600,"ילסְ",1
"1778",601,"ילֶע",1
"1779",602,"ילְפ",2
"167",167,"ימ",1
"168",168,"ים",3
"751",401,"ימֶ",1
"752",402,"ִימ",1
"753",403,"ִים",1
"1780",603,"ִימֶ",1
"754",404,"יםא",1
"1781",604,"יםאַ",1
"1782",605,"ִיםא",1
"755",405,"יםב",1
"1783",606,"יםבִ",1
"756",406,"יםה",1
"1784",607,"יםהַ",1
"1785",608,"ימֶע",1
"169",169,"ינ",14
"170",170,"ין",4
"757",407,"ינְ",4
"758",408,"ינִ",2
"759",409,"ינֶ",5
"760",410,"ִינ",5
"1786",609,"ִינְ",3
"1787",610,"ִינֶ",1
"1788",611,"ִּין",1
"761",411,"ּין",1
"762",412,"יןא",3
"1789",612,"יןאַ",2
"1790",613,"יןאָ",1
"763",413,"יןב",1
"1791",614,"יןבְ",1
"1792",615,"ּיןב",1
"764",414,"ינד",1
"1793",616,"ינְד",2
"1794",617,"ִינד",1
"1795",618,"ינדב",1
"1796",619,"ינְט",1
"1797",620,"ינִי",2
"765",415,"ינע",2
"1798",621,"ינֶע",5
"1799",622,"ינעא",1
"1800",623,"ינער",1
"1801",624,"ינְק",1
"171",171,"יס",13
"766",416,"יסְ",7
"767",417,"יסֶ",4
"768",418,"ִיס",2
"1802",625,"ִיסֶ",1
"1803",626,"ִּיס",1
"769",419,"ּיס",1
"1804",627,"ּיסֶ",1
"770",420,"יסג",2
"1805",628,"יסגְ",1
"1806",629,"יסגֶ",1
"1807",630,"יסְג",2
"1808",631,"ִיסג",1
"1809",632,"יסְה",1
"1810",633,"יסְו",1
"1811",634,"יסְט",3
"1812",635,"יסֶע",4
"172",172,"יע",7
"771",421,"יעֶ",3
"772",422,"ִיע",2
"1813",636,"יעֶט",1
"773",423,"יעל",1
"1814",637,"יעלְ",1
"1815",638,"ִיעל",1
"1816",639,"יעֶס",1
"774",424,"יעף",1
"1817",640,"יעףב",1
"775",425,"יער",2
"1818",641,"יעֶר",1
"1819",642,"ִיער",1
"1820",643,"יערה",1
"1821",644,"יערט",1
"173",173,"יפ",4
"776",426,"יפְ",1
"777",427,"יפּ",1
"778",428,"ֹיפ",1
"1822",645,"ֹיפּ",1
"1823",646,"יפְג",1
"1824",647,"יפּט",1
"779",429,"יפר",2
"1825",648,"יפרע",2
"174",174,"יק",5
"780",430,"יקְ",4
"781",431,"ִיק",5
"1826",649,"ִיקְ",4
"782",432,"יקא",1
"1827",650,"ִיקא",1
"1828",651,"יקאו",1
"1829",652,"יקְל",4
"175",175,"יר",5
"783",433,"ירְ",2
"784",434,"ירַ",2
"785",435,"ִיר",1
"1830",653,"ירַא",2
"786",436,"ירד",1
"1831",654,"ירדֶ",1
"1832",655,"ִירד",1
"1833",656,"ירְס",1
"1834",657,"ירְק",1
"176",176,"כְ",3
"177",177,"כֶ",6
"178",178,"כּ",1
"179",179,"ְכ",2
"787",437,"ְכֶ",2
"180",180,"ּכ",1
"788",438,"ּכֶ",1
"181",181,"ךא",4
"789",439,"ךאִ",1
"790",440,"ךאַ",1
"791",441,"ךאו",2
"1835",658,"ךאוּ",1
"1836",659,"ךאוי",1
"1837",660,"ךאִי",1
"1838",661,"ךאַי",1
"182",182,"ךד",1
"792",442,"ךדִ",1
"1839",662,"ךדִי",1
"183",183,"ךה",2
"793",443,"ךהֶ",1
"794",444,"ךהָ",1
"1840",663,"ךהָא",1
"1841",664,"ךהֶע",1
"184",184,"ךו",1
"795",445,"ךוֶ",1
"796",446,"כּו",1
"1842",665,"ךוֶו",1
"1843",666,"כּוס",1
"185",185,"ךז",1
"797",447,"ךזִ",1
"1844",667,"ךזִי",1
"798",448,"כְט",3
"1845",668,"כְטֶ",1
"1846",669,"כְטג",2
"186",186,"ךנ",1
"799",449,"ךנא",1
"1847",670,"ךנאך",1
"800",450,"כֶע",6
"1848",671,"ְכֶע",2
"1849",672,"ּכֶע",1
"1850",673,"כֶעו",1
"1851",674,"כֶען",4
"1852",675,"כֶער",1
"187",187,"לְ",22
"188",188,"לִ",14
"189",189,"לֵ",1
"190",190,"לֶ",10
"191",191,"לַ",6
"192",192,"לָ",2
"193",193,"ְל",18
"801",451,"ְלִ",11
"802",452,"ְלֶ",4
"803",453,"ְלָ",1
"804",454,"ְּל",5
"1853",676,"ְּלִ",3
"1854",677,"ְּלַ",2
"194",194,"ַל",7
"805",455,"ַלְ",3
"806",456,"ַלֵ",1
"807",457,"ַלֶ",2
"195",195,"ָל",1
"196",196,"ּל",6
"808",458,"ּלִ",3
"809",459,"ּלַ",2
"197",197,"לא",2
"810",460,"לאֵ",1
"811",461,"לאָ",1
"812",462,"לַא",4
"813",463,"לָא",2
"1855",678,"ְלָא",1
"1856",679,"לאָב",1
"1857",680,"לָאז",2
"1858",681,"לאֵי",1
"1859",682,"לַאכ",1
"1860",683,"לַאנ",1
"1861",684,"לַאס",2
"198",198,"לב",1
"814",464,"לבּ",1
"815",465,"לְב",2
"1862",685,"לְבַ",1
"1863",686,"לְבּ",1
"1864",687,"לבּע",1
"199",199,"לד",2
"816",466,"לְד",1
"817",467,"ָלד",1
"818",468,"לדב",1
"1865",688,"לדבִ",1
"1866",689,"לְדב",1
"1867",690,"ָלדב",1
"819",469,"לדג",1
"1868",691,"לדגֶ",1
"200",200,"לה",1
"820",470,"להִ",1
"1869",692,"להִי",1
"201",201,"לו",6
"821",471,"לוִ",1
"822",472,"לוֵ",1
"823",473,"לוֶ",1
"824",474,"לְו",1
"1870",693,"לְוַ",1
"825",475,"ְלו",2
"1871",694,"ַלְו",1
"826",476,"לוו",1
"1872",695,"לוִו",1
"1873",696,"לוֵו",1
"1874",697,"לוֶו",1
"1875",698,"לווא",1
"827",477,"לוי",2
"1876",699,"ְלוי",2
"1877",700,"לויב",2
"202",202,"לז",1
"828",478,"לזָ",1
"829",479,"לְז",1
"1878",701,"לזָא",1
"1879",702,"לְזה",1
"203",203,"לט",1
"830",480,"לְט",7
"1880",703,"לְטֶ",2
"1881",704,"לְטג",3
"1882",705,"לְטה",1
"831",481,"לטו",1
"1883",706,"לטוֶ",1
"1884",707,"לְטז",1
"204",204,"לי",1
"832",482,"לִי",14
"833",483,"לֵי",1
"834",484,"לַי",2
"1885",708,"ְלִי",11
"1886",709,"ַלֵי",1
"835",485,"ּלי",1
"1887",710,"ּלִי",3
"1888",711,"ּלַי",2
"1889",712,"לִיג",1
"836",486,"ליי",1
"1890",713,"לֵיי",1
"1891",714,"לַיי",2
"1892",715,"ּליי",1
"1893",716,"לייב",1
"1894",717,"לִיכ",2
"1895",718,"לִיך",3
"1896",719,"לִינ",3
"1897",720,"לִיק",5
"837",487,"לְכ",2
"1898",721,"לְכֶ",2
"838",488,"לְנ",1
"1899",722,"לְנַ",1
"1900",723,"ַלְנ",1
"205",205,"לס",1
"839",489,"לסְ",1
"840",490,"לְס",2
"1901",724,"לְסְ",1
"1902",725,"ַלְס",1
"1903",726,"לְסא",1
"1904",727,"לסְט",1
"206",206,"לע",2
"841",491,"לעֶ",1
"842",492,"לֶע",10
"1905",728,"ְלֶע",4
"843",493,"ַלע",1
"1906",729,"ַלעֶ",1
"1907",730,"ַלֶע",2
"1908",731,"לֶעא",1
"1909",732,"לֶעג",4
"1910",733,"לֶעד",1
"1911",734,"לֶעה",1
"1912",735,"לֶעי",1
"1913",736,"לֶעם",1
"844",494,"לען",1
"1914",737,"לֶען",1
"1915",738,"לעןב",1
"1916",739,"לעֶס",1
"845",495,"לְפ",4
"846",496,"לְף",1
"1917",740,"לְפְ",2
"1918",741,"לְפֶ",2
"1919",742,"לְףה",1
"207",207,"מְ",1
"208",208,"מִ",1
"209",209,"מֶ",2
"210",210,"מַ",2
"211",211,"ְמ",1
"212",212,"ֵם",1
"213",213,"ָמ",1
"214",214,"ּמ",1
"215",215,"ּם",1
"847",497,"ּמֶ",1
"216",216,"םא",3
"848",498,"םאִ",1
"849",499,"םאַ",2
"850",500,"מַא",2
"1920",743,"םאִי",1
"1921",744,"םאַל",2
"1922",745,"מַאן",2
"217",217,"םב",1
"851",501,"םבִ",1
"1923",746,"םבִּ",1
"218",218,"םד",2
"852",502,"םדֶ",1
"853",503,"םדָ",1
"854",504,"ּםד",1
"1924",747,"ּםדָ",1
"1925",748,"םדָא",1
"1926",749,"םדֶע",1
"219",219,"םה",1
"855",505,"םהַ",1
"1927",750,"םהַי",1
"220",220,"םו",2
"856",506,"םוַ",1
"857",507,"םוָ",1
"858",508,"ֵםו",1
"1928",751,"ֵםוָ",1
"1929",752,"םוָא",1
"1930",753,"םוַו",1
"221",221,"םז",1
"859",509,"םזִ",1
"1931",754,"םזִי",1
"860",510,"מְט",1
"1932",755,"מְטג",1
"861",511,"מִי",1
"1933",756,"מִיך",1
"222",222,"מן",1
"862",512,"ָמן",1
"863",513,"מןא",1
"1934",757,"מןאָ",1
"1935",758,"ָמןא",1
"223",223,"מע",1
"864",514,"מֶע",2
"865",515,"ְמע",1
"1936",759,"ּמֶע",1
"1937",760,"מֶעל",1
"1938",761,"מֶען",1
"866",516,"מער",1
"1939",762,"ְמער",1
"1940",763,"מערא",1
"224",224,"נְ",27
"225",225,"נִ",2
"226",226,"נֶ",9
"227",227,"נַ",1
"228",228,"ְנ",2
"867",517,"ְנְ",1
"868",518,"ְנַ",1
"229",229,"ֶנ",1
"230",230,"ֶן",1
"869",519,"ֶּן",1
"231",231,"ַנ",2
"232",232,"ָנ",1
"233",233,"ָן",1
"870",520,"ָנְ",1
"234",234,"ּנ",13
"235",235,"ּן",2
"871",521,"ּנְ",12
"236",236,"נא",1
"237",237,"ןא",16
"872",522,"ןאִ",2
"873",523,"ןאַ",4
"874",524,"ןאָ",4
"875",525,"נְא",1
"876",526,"נַא",1
"1941",764,"ְנְא",1
"1942",765,"ְנַא",1
"877",527,"ֶןא",1
"1943",766,"ֶןאִ",1
"878",528,"ָןא",1
"1944",767,"ָןאָ",1
"879",529,"ּןא",1
"1945",768,"ןאַב",1
"1946",769,"ןאָב",1
"880",530,"ןאו",6
"1947",770,"ןאוּ",4
"1948",771,"ּןאו",1
"1949",772,"ןאוי",2
"1950",773,"ןאִי",2
"1951",774,"ןאַי",2
"1952",775,"נַאי",1
"881",531,"נאך",1
"1953",776,"נְאך",1
"1954",777,"ןאַל",1
"1955",778,"ןאָנ",1
"1956",779,"ןאָן",1
"1957",780,"ןאָר",1
"238",238,"ןב",9
"882",532,"ןבְ",4
"1958",781,"ןבְּ",4
"883",533,"ןבֶ",2
"1959",782,"ןבֶּ",2
"884",534,"ןבּ",3
"1960",783,"ֶּןב",1
"885",535,"ּןב",1
"1961",784,"ּןבּ",1
"1962",785,"ןבּע",3
"239",239,"נג",1
"240",240,"ןג",9
"886",536,"ןגְ",1
"887",537,"ןגֶ",5
"888",538,"ןגָ",1
"889",539,"נְג",12
"1963",786,"נְגְ",6
"1964",787,"נְגֶ",4
"1965",788,"ָנְג",1
"890",540,"ּנג",1
"1966",789,"ּנְג",7
"891",541,"נגא",1
"1967",790,"ןגָא",1
"1968",791,"ּנגא",1
"1969",792,"נגאו",1
"1970",793,"נְגב",1
"892",542,"ןגו",1
"1971",794,"ןגוּ",1
"1972",795,"נְגמ",1
"893",543,"ןגע",1
"1973",796,"ןגֶע",5
"1974",797,"ןגעב",1
"1975",798,"ןגְר",1
"241",241,"נד",2
"242",242,"ןד",5
"894",544,"ןדִ",1
"895",545,"ןדֶ",2
"896",546,"ןדַ",1
"897",547,"נְד",3
"1976",799,"נְדֶ",2
"898",548,"ַנד",1
"899",549,"ןדא",1
"1977",800,"ןדאָ",1
"900",550,"נדב",1
"1978",801,"נדבְ",1
"901",551,"נדה",1
"1979",802,"נדהָ",1
"1980",803,"נְדה",1
"1981",804,"ַנדה",1
"1982",805,"ןדִי",1
"1983",806,"ןדַי",1
"1984",807,"ןדֶע",2
"243",243,"ןה",8
"902",552,"ןהִ",2
"903",553,"ןהֵ",1
"904",554,"ןהֶ",3
"905",555,"ןהָ",1
"906",556,"נְה",1
"1985",808,"נְהֵ",1
"1986",809,"ּנְה",1
"907",557,"ןהא",1
"1987",810,"ןהאַ",1
"1988",811,"ןהָא",1
"1989",812,"ןהִי",2
"1990",813,"ןהֵי",1
"1991",814,"ןהֶע",3
"244",244,"נו",2
"245",245,"ןו",3
"908",558,"ןוִ",1
"909",559,"ןוֶ",2
"910",560,"נוּ",2
"911",561,"ֶנו",1
"1992",815,"ֶנוּ",1
"1993",816,"נוּג",1
"1994",817,"ןוִו",1
"1995",818,"ןוֶו",2
"1996",819,"נוּמ",1
"246",246,"ןז",6
"912",562,"ןזְ",1
"913",563,"ןזֶ",2
"914",564,"ןזַ",1
"915",565,"ןזָ",2
"916",566,"נְז",4
"1997",820,"ּנְז",4
"1998",821,"ןזָא",2
"1999",822,"נְזא",1
"2000",823,"ןזַי",1
"2001",824,"ןזֶע",2
"2002",825,"נְזע",3
"2003",826,"ןזְש",1
"247",247,"נט",2
"248",248,"ןט",1
"917",567,"ןטָ",1
"918",568,"נְט",1
"2004",827,"נְטֶ",1
"2005",828,"ןטָא",1
"919",569,"נטע",1
"2006",829,"נטעו",1
"920",570,"נטש",1
"2007",830,"נטשע",1
"249",249,"ןי",1
"921",571,"נִי",2
"2008",831,"נִיג",1
"922",572,"ןיו",1
"2009",832,"ןיוּ",1
"2010",833,"נִינ",1
"250",250,"ןל",2
"923",573,"ןלַ",2
"2011",834,"ןלַא",2
"251",251,"נע",2
"924",574,"נֶע",9
"925",575,"נעא",1
"2012",835,"נעאַ",1
"2013",836,"נֶעא",3
"2014",837,"נֶעד",1
"2015",838,"נֶעז",1
"2016",839,"נֶעם",1
"2017",840,"נֶען",2
"926",576,"נער",1
"2018",841,"נֶער",1
"2019",842,"נערא",1
"927",577,"נְצ",2
"2020",843,"נְצֶ",2
"252",252,"נק",1
"928",578,"נְק",3
"2021",844,"נְקֶ",1
"2022",845,"נְקד",1
"2023",846,"נְקו",1
"929",579,"נקע",1
"2024",847,"נקעל",1
"253",253,"נש",1
"930",580,"ַנש",1
"931",581,"נשט",1
"2025",848,"ַנשט",1
"2026",849,"נשטא",1
"254",254,"סְ",17
"255",255,"סֶ",6
"256",256,"ְס",5
"932",582,"ְסְ",4
"257",257,"ֶס",2
"258",258,"ּס",1
"259",259,"סא",2
"933",583,"סאַ",1
"934",584,"סאָ",1
"935",585,"ְסא",1
"2027",850,"ְסאַ",1
"936",586,"ֶסא",1
"2028",851,"ֶסאָ",1
"2029",852,"סאַל",1
"2030",853,"סאָמ",1
"260",260,"סג",3
"937",587,"סגְ",1
"938",588,"סגֶ",1
"939",589,"סְג",2
"2031",854,"סְגֶ",2
"940",590,"סגו",1
"2032",855,"סגוּ",1
"2033",856,"סגֶע",1
"2034",857,"סגְר",1
"261",261,"סד",1
"941",591,"סדָ",1
"2035",858,"סדָא",1
"942",592,"סְה",1
"2036",859,"סְהַ",1
"262",262,"סו",3
"943",593,"סוָ",2
"944",594,"סְו",1
"2037",860,"סְוֵ",1
"2038",861,"סוָו",2
"945",595,"סות",1
"2039",862,"סותל",1
"263",263,"סט",1
"946",596,"סְט",12
"2040",863,"ְסְט",4
"947",597,"ּסט",1
"948",598,"סטב",1
"2041",864,"סטבּ",1
"2042",865,"ּסטב",1
"2043",866,"סְטה",3
"2044",867,"סְטו",7
"2045",868,"סְטז",2
"264",264,"סי",1
"949",599,"סיָ",1
"950",600,"ֶסי",1
"2046",869,"ֶסיָ",1
"2047",870,"סיָא",1
"951",601,"סְל",1
"2048",871,"סְלִ",1
"952",602,"סֶע",6
"2049",872,"סֶעז",1
"2050",873,"סֶעל",1
"2051",874,"סֶענ",2
"2052",875,"סֶען",2
"265",265,"עֶ",8
"266",266,"עָ",1
"267",267,"ֶע",134
"953",603,"ֶּע",14
"268",268,"ָע",2
"269",269,"ּע",20
"270",270,"עא",7
"954",604,"עאִ",1
"955",605,"עאֶ",1
"956",606,"עאַ",4
"957",607,"ֶעא",6
"2053",876,"ֶעאִ",1
"2054",877,"ֶעאֶ",1
"2055",878,"ֶעאַ",3
"958",608,"עאו",1
"2056",879,"ֶעאו",1
"2057",880,"עאוי",1
"2058",881,"עאַז",1
"2059",882,"עאִי",1
"2060",883,"עאַי",2
"2061",884,"עאַל",1
"2062",885,"עאֶפ",1
"271",271,"עב",4
"959",609,"עבְ",1
"2063",886,"עבְּ",1
"960",610,"עבֶ",1
"2064",887,"עבֶּ",1
"961",611,"עבַ",1
"2065",888,"עבַּ",1
"962",612,"עבּ",1
"963",613,"ֶעב",2
"2066",889,"ֶעבְ",1
"2067",890,"ֶעבֶ",1
"2068",891,"עבּע",1
"272",272,"עג",8
"964",614,"עגְ",1
"965",615,"עגֶ",3
"966",616,"עגַ",1
"967",617,"ֶעג",6
"2069",892,"ֶעגְ",1
"2070",893,"ֶעגֶ",3
"2071",894,"ֶעגַ",1
"2072",895,"עגַא",1
"968",618,"עגו",2
"2073",896,"עגוּ",2
"2074",897,"ֶעגו",1
"2075",898,"עגְט",1
"2076",899,"עגֶן",1
"969",619,"עגע",1
"2077",900,"עגֶע",2
"2078",901,"עגען",1
"273",273,"עד",4
"970",620,"עדְ",1
"971",621,"עדִ",3
"972",622,"ֶעד",4
"2079",902,"ֶעדְ",1
"2080",903,"ֶעדִ",3
"2081",904,"עדְט",1
"2082",905,"עדִי",3
"274",274,"עה",16
"973",623,"עהִ",1
"974",624,"עהֵ",1
"975",625,"עהֶ",6
"976",626,"עהַ",1
"977",627,"ֶעה",15
"2083",906,"ֶעהִ",1
"2084",907,"ֶעהֵ",1
"2085",908,"ֶעהֶ",6
"2086",909,"ֶעהַ",1
"2087",910,"עהַא",1
"978",628,"עהג",1
"2088",911,"עהגֶ",1
"2089",912,"ֶעהג",1
"979",629,"עהו",1
"2090",913,"עהוֶ",1
"980",630,"עהז",1
"2091",914,"עהזֶ",1
"2092",915,"ֶעהז",1
"981",631,"עהט",1
"2093",916,"ֶעהט",1
"2094",917,"עהטג",1
"2095",918,"עהִי",1
"2096",919,"עהֵי",1
"982",632,"עהן",2
"2097",920,"ֶעהן",2
"2098",921,"עהןג",1
"2099",922,"עהןז",1
"983",633,"עהס",1
"2100",923,"עהסְ",1
"2101",924,"ֶעהס",1
"2102",925,"עהֶע",6
"275",275,"עו",5
"984",634,"עוֶ",1
"985",635,"עוָ",2
"986",636,"עוּ",1
"987",637,"ֶעו",4
"2103",926,"ֶעוֶ",1
"2104",927,"ֶעוָ",2
"988",638,"עוו",1
"2105",928,"עווִ",1
"2106",929,"עוֶו",1
"2107",930,"עוָו",2
"2108",931,"ֶעוו",1
"2109",932,"עוּת",1
"276",276,"עז",6
"989",639,"עזֶ",1
"990",640,"עזַ",2
"991",641,"עזָ",1
"992",642,"ֶעז",4
"2110",933,"ֶעזֶ",1
"2111",934,"ֶעזַ",2
"2112",935,"ֶעזָ",1
"2113",936,"ֶּעז",1
"993",643,"ּעז",2
"2114",937,"עזָא",1
"994",644,"עזב",1
"2115",938,"עזבֶ",1
"2116",939,"ּעזב",1
"995",645,"עזו",1
"2117",940,"עזוּ",1
"2118",941,"ּעזו",1
"2119",942,"עזַי",2
"2120",943,"עזֶע",1
"277",277,"עט",5
"996",646,"עטֶ",1
"997",647,"עטַ",1
"998",648,"עטָ",1
"999",649,"עֶט",1
"2121",944,"עֶטְ",1
"1000",650,"עָט",1
"1001",651,"ֶעט",2
"2122",945,"ֶעטַ",1
"2123",946,"ֶעטָ",1
"2124",947,"ֶּעט",1
"1002",652,"ּעט",1
"2125",948,"ּעטֶ",1
"2126",949,"עטַא",1
"2127",950,"עטָא",1
"1003",653,"עטג",1
"2128",951,"עטגֶ",1
"1004",654,"עטו",1
"2129",952,"עטוֶ",1
"2130",953,"עטֶע",1
"2131",954,"עָטע",1
"278",278,"עי",1
"1005",655,"ֶעי",1
"1006",656,"עיו",1
"2132",955,"עיוּ",1
"2133",956,"ֶעיו",1
"279",279,"עכ",2
"1007",657,"עכְ",1
"1008",658,"עכּ",1
"1009",659,"ֶעכ",2
"2134",957,"ֶעכְ",1
"2135",958,"ֶעכּ",1
"2136",959,"עכּו",1
"2137",960,"עכְט",1
"280",280,"על",14
"1010",660,"עלְ",6
"1011",661,"עלֶ",1
"1012",662,"עלַ",2
"1013",663,"ֶעל",9
"2138",961,"ֶעלְ",3
"2139",962,"ֶעלֶ",1
"2140",963,"ֶעלַ",2
"1014",664,"עלא",1
"2141",964,"עלאָ",1
"2142",965,"עלַא",2
"2143",966,"ֶעלא",1
"1015",665,"עלב",1
"2144",967,"עלבּ",1
"1016",666,"עלד",1
"2145",968,"ֶעלד",1
"2146",969,"עלדג",1
"1017",667,"עלה",1
"2147",970,"עלהִ",1
"2148",971,"ֶעלה",1
"1018",668,"עלו",1
"2149",972,"עלוֶ",1
"2150",973,"עלְט",1
"2151",974,"עלְכ",2
"2152",975,"עלֶע",1
"2153",976,"עלְפ",2
"2154",977,"עלְף",1
"281",281,"עמ",1
"282",282,"עם",3
"1019",669,"עמְ",1
"1020",670,"ֶעמ",1
"1021",671,"ֶעם",3
"2155",978,"ֶעמְ",1
"1022",672,"עםא",1
"2156",979,"עםאַ",1
"2157",980,"ֶעםא",1
"1023",673,"עםד",1
"2158",981,"עםדֶ",1
"2159",982,"ֶעםד",1
"1024",674,"עםז",1
"2160",983,"עםזִ",1
"2161",984,"ֶעםז",1
"2162",985,"עמְט",1
"283",283,"ענ",12
"284",284,"ען",44
"1025",675,"ענְ",5
"1026",676,"ענֶ",4
"1027",677,"ֶענ",10
"1028",678,"ֶען",35
"2163",986,"ֶענְ",5
"2164",987,"ֶענֶ",4
"2165",988,"ֶּען",4
"1029",679,"ּענ",2
"1030",680,"ּען",5
"1031",681,"עןא",8
"2166",989,"עןאִ",1
"2167",990,"עןאַ",2
"2168",991,"עןאָ",1
"2169",992,"ֶעןא",6
"2170",993,"ּעןא",1
"2171",994,"עןאו",4
"1032",682,"עןב",6
"2172",995,"עןבְ",2
"2173",996,"עןבֶ",2
"2174",997,"עןבּ",2
"2175",998,"ֶעןב",3
"2176",999,"ּעןב",1
"1033",683,"עןג",8
"2177",1000,"עןגְ",1
"2178",1001,"עןגֶ",4
"2179",1002,"עןגָ",1
"2180",1003,"ענְג",3
"2181",1004,"ֶעןג",6
"2182",1005,"ּעןג",2
"2183",1006,"עןגו",1
"2184",1007,"עןגע",1
"1034",684,"עןד",4
"2185",1008,"עןדִ",1
"2186",1009,"עןדֶ",2
"2187",1010,"ענְד",1
"2188",1011,"ֶעןד",4
"2189",1012,"עןדא",1
"1035",685,"עןה",8
"2190",1013,"עןהִ",2
"2191",1014,"עןהֵ",1
"2192",1015,"עןהֶ",3
"2193",1016,"עןהָ",1
"2194",1017,"ֶעןה",7
"2195",1018,"ּעןה",1
"2196",1019,"עןהא",1
"1036",686,"ענו",1
"1037",687,"עןו",3
"2197",1020,"עןוִ",1
"2198",1021,"עןוֶ",2
"2199",1022,"ענוּ",1
"2200",1023,"ֶענו",1
"2201",1024,"ֶעןו",2
"1038",688,"עןז",4
"2202",1025,"עןזְ",1
"2203",1026,"עןזֶ",1
"2204",1027,"עןזָ",2
"2205",1028,"ֶעןז",4
"1039",689,"ענט",1
"1040",690,"עןט",1
"2206",1029,"עןטָ",1
"2207",1030,"ֶעןט",1
"2208",1031,"ּענט",1
"2209",1032,"ענטש",1
"1041",691,"עןל",2
"2210",1033,"עןלַ",2
"2211",1034,"ֶעןל",2
"2212",1035,"ענֶע",4
"1042",692,"ענק",1
"2213",1036,"ענְק",1
"2214",1037,"ּענק",1
"2215",1038,"ענקע",1
"285",285,"עס",3
"1043",693,"עסְ",2
"1044",694,"עֶס",2
"1045",695,"ֶעס",2
"2216",1039,"ֶעסְ",1
"2217",1040,"עֶסא",1
"1046",696,"עסג",1
"2218",1041,"ֶעסג",1
"2219",1042,"עסגו",1
"2220",1043,"עסְט",1
"2221",1044,"עֶסי",1
"2222",1045,"עסְל",1
"286",286,"עפ",2
"287",287,"עף",1
"1047",697,"עפִ",1
"1048",698,"ֶעפ",2
"2223",1046,"ֶעפִ",1
"1049",699,"עףב",1
"2224",1047,"עףבְ",1
"1050",700,"עפי",1
"2225",1048,"עפִי",1
"2226",1049,"ֶעפי",1
"2227",1050,"עפיי",1
"288",288,"עצ",1
"1051",701,"ּעצ",1
"1052",702,"עצא",1
"2228",1051,"עצאָ",1
"2229",1052,"ּעצא",1
"289",289,"עק",1
"1053",703,"עקו",1
"2230",1053,"עקוֶ",1
"290",290,"ער",44
"1054",704,"ערְ",13
"1055",705,"ערֶ",6
"1056",706,"ערַ",1
"1057",707,"עֶר",5
"2231",1054,"עֶרֶ",1
"1058",708,"ֶער",26
"2232",1055,"ֶערְ",7
"2233",1056,"ֶערֶ",5
"2234",1057,"ֶּער",8
"1059",709,"ָער",2
"2235",1058,"ָערְ",2
"1060",710,"ּער",9
"2236",1059,"ּערְ",4
"2237",1060,"ּערַ",1
"1061",711,"ערא",6
"2238",1061,"עראִ",1
"2239",1062,"עראֵ",1
"2240",1063,"עראָ",2
"2241",1064,"ערַא",1
"2242",1065,"עֶרא",3
"2243",1066,"ֶערא",2
"2244",1067,"ּערא",2
"2245",1068,"עראו",2
"1062",712,"ערב",3
"2246",1069,"ערבֶ",1
"2247",1070,"ערבּ",2
"2248",1071,"ֶערב",3
"1063",713,"ערג",2
"2249",1072,"ערגְ",1
"2250",1073,"ערגָ",1
"2251",1074,"ֶערג",2
"1064",714,"ערד",3
"2252",1075,"ערדַ",2
"2253",1076,"ערדָ",1
"2254",1077,"ֶערד",2
"1065",715,"ערה",3
"2255",1078,"ערהַ",1
"2256",1079,"ערהָ",1
"2257",1080,"ֶערה",1
"2258",1081,"ּערה",1
"2259",1082,"ערהו",1
"1066",716,"ערו",1
"2260",1083,"ערוֶ",1
"1067",717,"ערט",2
"2261",1084,"ערטָ",1
"2262",1085,"ערְט",3
"2263",1086,"ֶערט",1
"2264",1087,"ערטג",1
"2265",1088,"ערְל",4
"1068",718,"ערמ",2
"2266",1089,"ערמַ",2
"2267",1090,"ֶערמ",1
"2268",1091,"ּערמ",1
"2269",1092,"ערְנ",1
"2270",1093,"עֶרן",1
"2271",1094,"ערְס",2
"1069",719,"ערע",1
"2272",1095,"ערעָ",1
"2273",1096,"ערֶע",6
"2274",1097,"ֶערע",1
"1070",720,"ערצ",1
"2275",1098,"ערצֶ",1
"2276",1099,"ערְצ",1
"2277",1100,"ערְץ",1
"2278",1101,"ֶערצ",1
"2279",1102,"ערְר",1
"291",291,"פְ",4
"292",292,"פִ",1
"293",293,"פֶ",3
"294",294,"פּ",1
"295",295,"ְפ",4
"296",296,"ְף",1
"1071",721,"ְפְ",2
"1072",722,"ְפֶ",2
"297",297,"ֶפ",1
"1073",723,"ֶפְ",1
"298",298,"ָפ",1
"1074",724,"ָפֶ",1
"299",299,"ףב",1
"1075",725,"ףבְ",1
"2280",1103,"ףבְּ",1
"1076",726,"פְג",1
"2281",1104,"פְגֶ",1
"300",300,"ףה",1
"1077",727,"ףהֶ",1
"1078",728,"ְףה",1
"2282",1105,"ְףהֶ",1
"2283",1106,"ףהֶע",1
"1079",729,"פְט",1
"1080",730,"פּט",1
"2284",1107,"ְפְט",1
"2285",1108,"פּטא",1
"2286",1109,"פְטה",1
"301",301,"פי",1
"1081",731,"פִי",1
"1082",732,"פיי",1
"2287",1110,"פייע",1
"2288",1111,"פִיע",1
"1083",733,"פְל",1
"2289",1112,"פְלָ",1
"2290",1113,"ְפְל",1
"1084",734,"פֶע",3
"2291",1114,"ְפֶע",2
"2292",1115,"ָפֶע",1
"2293",1116,"פֶעה",1
"2294",1117,"פֶענ",1
"2295",1118,"פֶען",1
"302",302,"פר",2
"1085",735,"פרע",2
"2296",1119,"פרעג",2
"1086",736,"פְש",1
"2297",1120,"פְשֶ",1
"2298",1121,"ֶפְש",1
"303",303,"צֶ",4
"304",304,"ְצ",3
"305",305,"ְץ",1
"1087",737,"ְצֶ",3
"306",306,"צא",1
"1088",738,"צאָ",1
"2299",1122,"צאָה",1
"307",307,"ץה",1
"1089",739,"ץהֶ",1
"1090",740,"ְץה",1
"2300",1123,"ְץהֶ",1
"2301",1124,"ץהֶע",1
"1091",741,"צֶע",4
"2302",1125,"ְצֶע",3
"2303",1126,"צֶעג",1
"2304",1127,"צֶעל",1
"2305",1128,"צֶען",1
"2306",1129,"צֶער",1
"308",308,"קְ",6
"309",309,"קֶ",1
"310",310,"ְק",4
"1092",742,"ְקְ",1
"1093",743,"ְקֶ",1
"311",311,"ַק",1
"312",312,"ָק",1
"313",313,"קא",1
"1094",744,"קאו",1
"2307",1130,"קאוּ",1
"314",314,"קד",1
"1095",745,"קדָ",1
"1096",746,"ְקד",1
"2308",1131,"ְקדָ",1
"2309",1132,"קדָא",1
"315",315,"קו",2
"1097",747,"קוִ",1
"1098",748,"קוֶ",1
"1099",749,"ְקו",1
"2310",1133,"ְקוִ",1
"2311",1134,"קוִו",1
"2312",1135,"קוֶו",1
"316",316,"קט",2
"1100",750,"קְט",1
"2313",1136,"קְטָ",1
"1101",751,"ַקט",1
"1102",752,"ָקט",1
"1103",753,"קטא",1
"2314",1137,"קטאַ",1
"2315",1138,"ַקטא",1
"1104",754,"קטע",1
"2316",1139,"ָקטע",1
"2317",1140,"קטער",1
"1105",755,"קְל",5
"2318",1141,"קְלִ",5
"2319",1142,"ְקְל",1
"317",317,"קע",1
"1106",756,"קֶע",1
"2320",1143,"ְקֶע",1
"1107",757,"קעל",1
"2321",1144,"קעלב",1
"2322",1145,"קֶען",1
"318",318,"רְ",17
"319",319,"רֵ",2
"320",320,"רֶ",12
"321",321,"רַ",6
"322",322,"רָ",1
"323",323,"ְר",7
"1108",758,"ְרֵ",2
"1109",759,"ְרַ",1
"1110",760,"ְרָ",1
"1111",761,"ְּר",4
"2323",1146,"ְּרֶ",2
"2324",1147,"ְּרַ",1
"324",324,"ֶר",6
"1112",762,"ֶרֶ",1
"325",325,"ַר",1
"1113",763,"ַרַ",1
"326",326,"ָר",1
"1114",764,"ָרְ",1
"327",327,"ּר",6
"1115",765,"ּרֶ",2
"1116",766,"ּרַ",1
"328",328,"רא",12
"1117",767,"ראִ",3
"1118",768,"ראֵ",1
"1119",769,"ראַ",1
"1120",770,"ראָ",2
"1121",771,"רַא",4
"1122",772,"רָא",1
"2325",1148,"ְרָא",1
"1123",773,"ֶרא",4
"2326",1149,"ֶראִ",1
"2327",1150,"ֶראַ",1
"2328",1151,"ּרַא",1
"2329",1152,"רָאג",1
"2330",1153,"ראָד",1
"1124",774,"ראו",5
"2331",1154,"ראוּ",3
"2332",1155,"ֶראו",2
"2333",1156,"ראוי",2
"2334",1157,"רַאט",2
"2335",1158,"ראִי",3
"2336",1159,"ראֵי",1
"2337",1160,"רַאכ",1
"2338",1161,"רַאל",1
"2339",1162,"ראַק",1
"2340",1163,"ראָת",1
"329",329,"רב",3
"1125",775,"רבֶ",1
"2341",1164,"רבֶּ",1
"1126",776,"רבּ",2
"2342",1165,"רבּי",1
"2343",1166,"רבּר",1
"330",330,"רג",3
"1127",777,"רגְ",1
"1128",778,"רגָ",1
"2344",1167,"רגָא",1
"1129",779,"רגו",1
"2345",1168,"רגוּ",1
"2346",1169,"רגְל",1
"331",331,"רד",4
"1130",780,"רדֶ",1
"1131",781,"רדַ",2
"1132",782,"רדָ",1
"2347",1170,"רדַא",1
"2348",1171,"רדַײ",1
"2349",1172,"רדֶע",1
"2350",1173,"רדָע",1
"332",332,"רה",4
"1133",783,"רהַ",2
"1134",784,"רהָ",1
"1135",785,"רֶה",1
"1136",786,"ְרה",1
"2351",1174,"ְרהַ",1
"2352",1175,"רֶה'",1
"1137",787,"רהו",1
"2353",1176,"רהוֹ",1
"2354",1177,"רהַל",1
"2355",1178,"רהָע",1
"2356",1179,"רהַש",1
"333",333,"רו",6
"1138",788,"רוֶ",1
"1139",789,"רוּ",3
"1140",790,"ְרו",2
"2357",1180,"ְּרו",1
"1141",791,"ּרו",2
"2358",1181,"ּרוּ",2
"2359",1182,"רוּד",1
"2360",1183,"רוֶו",1
"1142",792,"רוי",2
"2361",1184,"ְרוי",2
"2362",1185,"רויס",2
"2363",1186,"רוּם",1
"2364",1187,"רוּס",1
"334",334,"רט",3
"1143",793,"רטָ",1
"1144",794,"רְט",4
"2365",1188,"רטָא",1
"2366",1189,"רְטא",1
"1145",795,"רטג",1
"2367",1190,"רטגֶ",1
"2368",1191,"רְטג",1
"2369",1192,"רְטד",1
"2370",1193,"רְטה",1
"1146",796,"רטו",1
"2371",1194,"רטוִ",1
"335",335,"רי",1
"1147",797,"רֵי",2
"1148",798,"רַי",2
"2372",1195,"ְרֵי",2
"2373",1196,"ְרַי",1
"2374",1197,"ַרַי",1
"1149",799,"ּרי",1
"2375",1198,"רֵיי",2
"2376",1199,"רַיי",2
"1150",800,"ריע",1
"2377",1200,"ּריע",1
"2378",1201,"ריעף",1
"1151",801,"רְל",4
"2379",1202,"רְלֶ",4
"336",336,"רמ",2
"1152",802,"רמַ",2
"1153",803,"רְמ",1
"2380",1203,"ָרְמ",1
"2381",1204,"רמַא",2
"2382",1205,"רְמע",1
"337",337,"רן",1
"1154",804,"רְנ",1
"2383",1206,"רְנְ",1
"1155",805,"ֶרן",1
"1156",806,"רןא",1
"2384",1207,"ֶרןא",1
"2385",1208,"רןאו",1
"1157",807,"רְס",3
"2386",1209,"רְסְ",3
"338",338,"רע",3
"1158",808,"רעָ",1
"1159",809,"רֶע",11
"2387",1210,"ֶרֶע",1
"2388",1211,"ּרֶע",2
"2389",1212,"רֶעא",1
"1160",810,"רעג",2
"2390",1213,"רעגו",1
"2391",1214,"רעגע",1
"2392",1215,"רֶעד",1
"2393",1216,"רֶעה",1
"2394",1217,"רעָט",1
"2395",1218,"רֶעכ",2
"2396",1219,"רֶענ",2
"2397",1220,"רֶען",4
"339",339,"רצ",1
"1161",811,"רצֶ",1
"1162",812,"רְצ",1
"1163",813,"רְץ",1
"2398",1221,"רְצֶ",1
"2399",1222,"רְץה",1
"2400",1223,"רצֶע",1
"1164",814,"רְק",1
"2401",1224,"רְקְ",1
"1165",815,"רְר",1
"2402",1225,"רְרה",1
"340",340,"שֵ",1
"341",341,"שֶ",2
"342",342,"ְש",2
"1166",816,"ְשֶ",2
"343",343,"ַש",1
"1167",817,"ַשֵ",1
"344",344,"שט",1
"1168",818,"שטא",1
"2403",1226,"שטאַ",1
"1169",819,"שֵם",1
"2404",1227,"ַשֵם",1
"2405",1228,"שֵםו",1
"345",345,"שע",1
"1170",820,"שֶע",1
"2406",1229,"ְשֶע",1
"2407",1230,"שֶעט",1
"1171",821,"שען",1
"2408",1231,"שעןב",1
"1172",822,"שֶר",1
"2409",1232,"ְשֶר",1
"2410",1233,"שֶרא",1
"346",346,"ָת",1
"347",347,"ּת",1
"348",348,"תב",1
"1173",823,"תבּ",1
"1174",824,"ָתב",1
"2411",1234,"ָתבּ",1
"2412",1235,"תבּא",1
"349",349,"תט",1
"1175",825,"תטְ",1
"1176",826,"ּתט",1
"2413",1236,"ּתטְ",1
"2414",1237,"תטְר",1
"350",350,"תל",1
"1177",827,"תלָ",1
"2415",1238,"תלָא",1
