"","WORD","FREQ","cor.tok"
"1"," ",11782,""
"1198"," ּ",1,""
"301","  ",6,""
"1199","   ",1,""
"1200","     ",1,""
"85","-",31,""
"24","—",105,""
"107","⸗",20,""
"2",",",764,""
"151",";",15,""
"3",":",636,""
"6","!",376,""
"7","?",294,""
"4",".",636,""
"717","‘",2,""
"1201","“",1,""
"8","(",233,""
"9",")",232,""
"1202","00",1,""
"1203","033",1,""
"1204","1000",1,""
"718","12",2,""
"302","13",6,""
"1205","14",1,""
"1206","15",1,""
"522","16",3,""
"1207","17",1,""
"1208","1908",1,""
"523","2",3,""
"524","22",3,""
"719","23",2,""
"1209","25",1,""
"1210","27",1,""
"720","28",2,""
"721","3",2,""
"722","33",2,""
"723","34",2,""
"1211","35",1,""
"1212","37",1,""
"1213","38",1,""
"525","4",3,""
"526","43",3,""
"1214","44",1,""
"1215","45",1,""
"1216","5",1,""
"724","50",2,""
"354","5000",5,""
"725","53",2,""
"1217","55",1,""
"1218","59",1,""
"1219","60",1,""
"1220","7",1,""
"1221","8",1,""
"1222","9",1,""
"129","א",17,""
"11","אַ",230,""
"121","אָ",18,""
"1223","א.ז",1,""
"1224","אאָ",1,""
"1225","אאָקען",1,""
"192","אב",11,""
"240","אַב",8,""
"193","אָב",11,""
"208","אָבּ",10,""
"727","אָבּוואהל",2,""
"1227","אַבּי",1,""
"1228","אַבֵּי",1,""
"1229","אָבֶּןאנען",1,""
"303","אָבֶּער",6,""
"1230","אַבּערגְלויבֶּען",1,""
"1231","אָבּצוּקויפען",1,""
"1232","אָבּקויפען",1,""
"1233","אַבְּשִיער",1,""
"1234","אָדער",1,""
"1235","אַדרבּה",1,""
"1236","אַה",1,""
"130","אָה",17,""
"528","אַהֵיים",3,""
"425","אַהין",4,""
"1237","אַהינגֶעהן",1,""
"142","אָהן",16,""
"728","אָהנע",2,""
"1238","אַהעָר",1,""
"268","אַהֶער",7,""
"1239","אָהרען",1,""
"1240","אואונטע",1,""
"1241","אוָואס",1,""
"1242","אוֵוייסְ",1,""
"529","אוֶועק",3,""
"729","אַוֶועק",2,""
"1243","אוופטריט",1,""
"74","אוי",38,""
"730","אוֹי",2,""
"426","אויבּ",4,""
"1244","אויבּען",1,""
"1245","אויג",1,""
"530","אויגענבּליק",3,""
"1246","אויגענליכט",1,""
"1247","אויגענקראנקהייט",1,""
"355","אויךְ",5,""
"731","אוים",2,""
"732","אוינ",2,""
"1248","אוינען",1,""
"531","אוינענבּליק",3,""
"1249","אוינענקראנקהייט",1,""
"122","אויס",18,""
"1250","אויסאגען",1,""
"1251","אויסְבְּלֵייבֶּען",1,""
"532","אויסגֶעהאפּט",3,""
"1252","אויסְגֶעוֶועהלְט",1,""
"733","אויסְגֶעזֶעהן",2,""
"1253","אויסגעלאט",1,""
"1254","אויסגעלאָןט",1,""
"1255","אויסְגֶעלאסֶענֶע",1,""
"1258","אויסגעלייוט",1,""
"1259","אויסגעפוצט",1,""
"1260","אויסגעקראצט",1,""
"1261","אויסְגֶעשְטְרֶעְקְט",1,""
"1262","אויסְגֶעשְרִיען",1,""
"533","אויסחאפּען",3,""
"1263","אויסחאפּעניש",1,""
"1264","אויסלָאזֶען",1,""
"1265","אויסְמָאהלֶען",1,""
"1266","אויסניצען",1,""
"1267","אויסס",1,""
"734","אויסער",2,""
"1268","אויסֶערְוֶועהלְט",1,""
"1269","אויסרייסען",1,""
"1270","אויסרעדֶען",1,""
"1271","אויפ",1,""
"38","אויף",81,""
"1272","אויפגעכאפּט",1,""
"1273","אויפגערענט",1,""
"1274","אויפגעשטאנען",1,""
"1275","אויפהֶערֶען",1,""
"123","אויפטריט",18,""
"736","אויפֿטריט",2,""
"1276","אויפטרעטען",1,""
"1278","אויקרוּפען",1,""
"209","אוּם",10,""
"1279","אומארמונג",1,""
"534","אומארמט",3,""
"738","אוּמאַרמען",2,""
"1280","אוּמגליק",1,""
"1281","אוּמגעוֶוערפען",1,""
"739","אונ",2,""
"143","און",16,""
"1282","אוּנְאַנְגֶענֶעהם",1,""
"535","אוּנְגְלִיקליך",3,""
"1284","אוּנְגְלִיקליךְ",1,""
"1286","אוּנְגְלִיקליכען",1,""
"1288","אוּנְגְלִיקליכעס",1,""
"1289","אוּנְגלִיקְלִיכֶער",1,""
"427","אוּנְגְלִיקליכער",4,""
"1291","אונְז",1,""
"132","אוּנְזער",17,""
"1293","אוּנְזֶער",1,""
"1295","אוּנְזערע",1,""
"269","אונטער",7,""
"1296","אונטערברעכענד",1,""
"1297","אוּנטערזוּכוּנג",1,""
"1298","אונטערשרייבט",1,""
"1299","אוּנטערשרייבּען",1,""
"1300","אונטערשריעבּען",1,""
"1301","אוּנטערשריעבּען",1,""
"1302","אונטערשריפט",1,""
"1303","אוּנכאפּען",1,""
"1304","אונמאכט",1,""
"1305","אוּנמעכטיג",1,""
"1306","אונמענליך",1,""
"1307","אוּנס",1,""
"1308","אוּנערפארענעס",1,""
"1309","אונצופריעדענער",1,""
"428","אוּנרעכט",4,""
"742","אונשוּלד",2,""
"1310","אוּנשוּלד",1,""
"1311","אונשוּלדִיג",1,""
"1312","אונשוּלדִיגען",1,""
"1313","אונשוּלדִיגעס",1,""
"1314","אוּרזָאכע",1,""
"59","אַז",51,""
"1315","אַזַאַ",1,""
"1316","אָזָאַ",1,""
"34","אַזוי",89,""
"1317","אַזויפְיעל",1,""
"536","אָט",3,""
"1318","אַטען",1,""
"1319","אַיָא",1,""
"1320","אִיבֶּערגעזִינגען",1,""
"1321","אִיבֶּערדָאשט",1,""
"745","אִיבֶּערלָאזֶען",2,""
"1325","אִיבֶּערנאַנג",1,""
"1326","אִיבֶּערצוּקוּמען",1,""
"1327","אִיבערציהֶער",1,""
"747","אִיבֶּערציינט",2,""
"1328","אִיבֶּערציינע",1,""
"1329","אִיבֶּערקוּמען",1,""
"1330","אִיבֶּערקעהרט",1,""
"1331","אִיבֶּערקעהרען",1,""
"1332","אִיבֶּערראשט",1,""
"1333","אִיבּרינענס",1,""
"1334","אִיה",1,""
"1335","אִיה'ש",1,""
"1336","איהם",1,""
"537","איהר",3,""
"1337","איהרע",1,""
"194","אִיהרע",11,""
"748","אִיהרען",2,""
"1338","אִייבּיג",1,""
"1339","אִייבּערשטער",1,""
"1340","אִייגאַ",1,""
"1341","אֵייגֶענֶען",1,""
"1342","אֵיידֶעם",1,""
"751","אִיידֶער",2,""
"1343","אֵיידֶער",1,""
"1344","אַייזען",1,""
"1345","אִייזער",1,""
"1346","איין",1,""
"357","אֵיין",5,""
"1347","אַיינבּיינען",1,""
"1348","אִיינגעוִויקעלטען",1,""
"1349","אַיינגֶערֶעדְט",1,""
"1350","אַיינדרוּק",1,""
"1351","אִיינהַאלְטען",1,""
"1352","אַיינווענדֶען",1,""
"1353","אִיינזֶעהן",1,""
"1354","אִיינסיי",1,""
"753","אַיינעם",2,""
"538","אַיינען",3,""
"1355","אַיינענטהימער",1,""
"754","אַיינענע",2,""
"1356","אַיינענער",1,""
"1357","אַיינְפַאכֶע",1,""
"1358","אִיינציג",1,""
"1359","אַיינציג",1,""
"1360","אִיינצינע",1,""
"1361","אִיינצינער",1,""
"539","אַייעֶר",3,""
"540","אֵייעֶרע",3,""
"1362","אֵייעֶרֶע",1,""
"1363","אַייעֶרֶע",1,""
"541","אִיךְ",3,""
"1365","אִימה",1,""
"429","אִימער",4,""
"756","אין",2,""
"28","אִין",101,""
"430","אֵין",4,""
"1366","אִינהיילכּאר",1,""
"1367","אִינטאָשע",1,""
"1368","אִינטערעסע",1,""
"1369","אִינקוִויזִיציָאָנען",1,""
"1370","אִינשע",1,""
"304","איסר",6,""
"54","אִיסר",55,""
"1371","אִיסָר",1,""
"757","אִיצט",2,""
"1372","אִירגענד",1,""
"154","אַך",15,""
"1373","אָך",1,""
"1374","אַכְטוּנְג",1,""
"1375","אַכטען",1,""
"1376","אָכנע",1,""
"758","אל",2,""
"1377","אַל",1,""
"1378","אָל",1,""
"759","אַלא",2,""
"1379","אַלאז",1,""
"1380","אַלְזָא",1,""
"1381","אָלחנן",1,""
"1382","אַלט",1,""
"1383","אַלטאר",1,""
"1384","אָלטער",1,""
"75","אלטעריל",38,""
"62","אַלטעריל",47,""
"760","אַלְטֶערִיל",2,""
"1385","אַלטעריל'ס",1,""
"1386","אַלטערל'ן",1,""
"1387","אַלטערל'ס",1,""
"1388","אַלטרלען",1,""
"1389","אַליָא",1,""
"1390","אֵלִיהוּ",1,""
"358","אֵלִיָהוּ",5,""
"1391","אֶליהוּ",1,""
"761","אַלִיָהוּ",2,""
"762","אָליהוּ",2,""
"1392","אַלמעכטינער",1,""
"1393","אַלע",1,""
"1394","אַלֶעא",1,""
"1395","אַלֶעזִיסֶע",1,""
"1396","אַלֶעמען",1,""
"1397","אַלֶען",1,""
"103","אַלֶעס",22,""
"1399","אֶלקִים",1,""
"1400","אַמאַל",1,""
"1401","אַמאָל",1,""
"543","אָמֵן",3,""
"1402","אַמעריקא",1,""
"1403","אמקרויט",1,""
"1404","אמשטאַמשטע",1,""
"305","אמת",6,""
"1405","אַנא",1,""
"1406","אַנבּיטען",1,""
"1407","אַנבּיעטען",1,""
"764","אָנגֶעהויבּען",2,""
"1408","אָנגֶעוָוארֶען",1,""
"1409","אָנגעוִוינשען",1,""
"1410","אַנגעכאטען",1,""
"1411","אנדֶערבּארע",1,""
"306","אַנדֶערע",6,""
"1412","אַנדֶערען",1,""
"766","אַנדֶערער",2,""
"1413","אַנדֶערעֵר",1,""
"767","אַנדֶערש",2,""
"1414","אָנְהֶענְגֶען",1,""
"1415","אנט",1,""
"1416","אַנטלאפען",1,""
"1417","אַנטלויפט",1,""
"768","אַנידֶער",2,""
"1418","אַננעהמען",1,""
"1419","אָנפערטרויט",1,""
"1420","אַנצוּבעטען",1,""
"134","אָנקעל",17,""
"1421","אָנשיִקעניש",1,""
"1422","אַפאוט",1,""
"1423","אַפאטש",1,""
"1424","אַפּאר",1,""
"307","אפארט",6,""
"770","אַפאַרט",2,""
"1425","אָפּגענוּמען",1,""
"771","אָפט",2,""
"772","אַפילוּ",2,""
"1426","אפיער",1,""
"773","אפיקומן",2,""
"1427","אַפיקומן",1,""
"1428","אָפֶען",1,""
"1429","אָפער",1,""
"1430","אפּעראציָאָן",1,""
"1431","אפפער",1,""
"545","אָפּפער",3,""
"1432","אָפפערן",1,""
"1433","אָפְּפֶערְן",1,""
"1434","אַצונד",1,""
"155","אַצוּנד",15,""
"1435","אַצוּנְד",1,""
"124","אַצינד",18,""
"1436","אַצִינְד",1,""
"1437","אַקְט",1,""
"1438","אַקטען",1,""
"1439","אראָבּ",1,""
"774","אַראבּ",2,""
"1440","אַראנזִירט",1,""
"1441","אראפ",1,""
"546","ארויס",3,""
"309","אַרויס",6,""
"1442","אַרויסצוּלָאזֶען",1,""
"1443","אַרויסרייסען",1,""
"431","אַרויף",4,""
"1444","ארום",1,""
"1445","ארוּם",1,""
"1446","אַרוּם",1,""
"1447","אָרוּם",1,""
"432","אָרוּמע",4,""
"1448","אַרוּמצוּנעהן",1,""
"775","אַרונטער",2,""
"1449","אַריבּער",1,""
"547","אריין",3,""
"1450","אריינגעקומען",1,""
"1451","אריינקוּמענד",1,""
"1452","אָרים",1,""
"1453","אָרימאָן",1,""
"1454","אַרְם",1,""
"1455","אָרמע",1,""
"1456","ארמעס",1,""
"1457","אַרצט",1,""
"1458","אָשא",1,""
"1459","אִשְתִּי",1,""
"777","אֶת",2,""
"1461","אַתה",1,""
"1462","בַּאבֶּען",1,""
"1463","באלקאָן",1,""
"1464","בּאמבּע",1,""
"1465","בּאנקיער",1,""
"1466","באס",1,""
"1467","בָּאק",1,""
"1468","בַּאקְט",1,""
"1469","בּארג",1,""
"1470","בָּארְד",1,""
"1471","בּארעדֶען",1,""
"1472","בּארקייט",1,""
"1473","בָּאתָ",1,""
"1474","בּהלה",1,""
"1475","בּהמה",1,""
"1476","בְּהֵמות",1,""
"1477","בּוידֶעם",1,""
"1478","בּויך",1,""
"548","בּוים",3,""
"1479","בּוימערקע",1,""
"1480","בּוּכהאלטער",1,""
"549","בּוּכהַאלְטער",3,""
"1481","בּוּכהַאלְטֶער",1,""
"1482","בוכהאַנדלונג",1,""
"1483","בורה'כע",1,""
"1484","בּחוּר",1,""
"1485","בּיגען",1,""
"241","בִּיזט",8,""
"1486","בִּיזְט",1,""
"433","בִּיזטו",4,""
"360","בִּיזטוּ",5,""
"1487","בִּיזְטו",1,""
"310","בּיט",6,""
"1488","בּיטוּ",1,""
"1489","בּיטע",1,""
"1490","בִּיטֶע",1,""
"1491","בִּיטֶערֶע",1,""
"270","ביי",7,""
"1492","בֵּיי",1,""
"94","בּיי",28,""
"1493","בֵּיי",1,""
"780","בַּיי",2,""
"1494","בֵּיידֶע",1,""
"1495","בייז",1,""
"1496","בּייזערן",1,""
"781","בּיין",2,""
"1497","בּיך",1,""
"1498","בִּיכֶער",1,""
"1499","בִּילְד",1,""
"1500","בִּילְדֶער",1,""
"1501","בּיליכער",1,""
"783","בִּין",2,""
"784","בינדע",2,""
"552","בּינדע",3,""
"361","בִּיןט",5,""
"785","בִּיןטוּ",2,""
"1502","בּיס",1,""
"243","בּיסט",8,""
"553","בּיסטוּ",3,""
"1503","ביסס",1,""
"786","בּית",2,""
"1504","בֵּיתי",1,""
"1505","בּלאז",1,""
"1506","בּלאטע",1,""
"1507","בּלאַסע",1,""
"1508","בּלאסעס",1,""
"1509","בּלאסער",1,""
"1510","בּלאסקייט",1,""
"1511","בּלבּוּל",1,""
"1512","בְּלוט",1,""
"1513","בּלוּטזויגער",1,""
"787","בּלויס",2,""
"1514","בּלוּמע",1,""
"1515","בלייבט",1,""
"363","בְּלַייבּט",5,""
"1516","בְּלֵייבֶּע",1,""
"1517","בְּלַייבּע",1,""
"1518","בְּלַייבֶּען",1,""
"1519","בּלינד",1,""
"788","בְּלִינדהייט",2,""
"1520","בְּלִינדֶע",1,""
"1521","בּלינדער",1,""
"1522","בְּלִינְדֶערהייט",1,""
"1523","בּלינךהייט",1,""
"1524","בּליצען",1,""
"1525","בליקטן",1,""
"789","בּליקען",2,""
"790","בּמקום",2,""
"1526","בְּנֵי",1,""
"1527","בּסט",1,""
"1528","בּסךר",1,""
"555","בּע",3,""
"1529","בּעגלייטען",1,""
"364","בּעגליקען",5,""
"1530","בֶּעגְלִיקֶען",1,""
"1531","בֶּעגֶעהרְט",1,""
"1532","בּעדָארף",1,""
"1533","בּעדָארפט",1,""
"1534","בּעדוירע",1,""
"1535","בּעדענקע",1,""
"1536","בעהַאלְט",1,""
"791","בּעהַאלְטען",2,""
"792","בּעהט",2,""
"1537","בּעהייטע",1,""
"1538","בּעהילפליך",1,""
"1539","בעוואוּסטלאַז",1,""
"1540","בעוואוּסטלאָז",1,""
"1541","בּעוואוּּסטלאז",1,""
"435","בּעוִויזען",4,""
"1542","בעוועגליך",1,""
"1543","בּעזָארגע",1,""
"1544","בֶּעזוּך",1,""
"1545","בֶּעזוּכְט",1,""
"1546","בּעזוּנדֶערן",1,""
"1547","בּעזִיענען",1,""
"557","בּעט",3,""
"1548","בֶּעטְלֶער",1,""
"1549","בּעטסטוּ",1,""
"1550","בֶּעטְרַאכְט",1,""
"1551","בעטראַנט",1,""
"1552","בעטראנטעט",1,""
"1553","בּעטרוּג",1,""
"1554","בּעטריגען",1,""
"436","בּעל",4,""
"1555","בּעלאהנען",1,""
"1556","בּעליידִיגען",1,""
"1557","בּעליידִינט",1,""
"1558","בּעמיהט",1,""
"1559","בּעמיהעָן",1,""
"1560","בעמערקען",1,""
"1561","בּען",1,""
"1562","בּענאנגען",1,""
"1563","בּענגט",1,""
"1564","בּענעָהן",1,""
"1565","בּענעהען",1,""
"1566","בֶּענְקִיל",1,""
"796","בֶּענְשְט",2,""
"1567","בעס",1,""
"1568","בּעסן",1,""
"365","בּעסער",5,""
"1569","בֶּעסֶער",1,""
"1570","בּעסערע",1,""
"1571","בּעפאר",1,""
"1572","בּעפינדעט",1,""
"1573","בּעקאנט",1,""
"1574","בּעקאנטע",1,""
"558","בּעקוּמט",3,""
"438","בּעקוּמען",4,""
"1575","בּער'ער",1,""
"1576","בּערוּהיג",1,""
"1577","בּערוישט",1,""
"1578","בּערייהע",1,""
"798","בּערייט",2,""
"1579","בערמאן",1,""
"1580","בּערמאן",1,""
"64","בֶּערמַאָן",42,""
"1582","בּעשולדִיגוּנג",1,""
"1583","בּעשולדִיגט",1,""
"1584","בּעשטימטע",1,""
"1585","בּעשטעה",1,""
"1586","בּעשטעטינוּנג",1,""
"1587","בּעשטראפט",1,""
"799","בּעשטראפען",2,""
"1588","בּעשעהרט",1,""
"1589","בּעשערט",1,""
"1590","בּראך",1,""
"800","בְּרוּדֶער",2,""
"1591","בְּרוּדֶערְס",1,""
"1592","בּרויט",1,""
"1593","בּרויטינאם",1,""
"1594","בּרויךְ",1,""
"1595","בְּרויכְסְטוּ",1,""
"559","בּרוּך",3,""
"1596","בּרייטינאם",1,""
"1597","בְּרִינְג",1,""
"1598","בּרינגען",1,""
"1599","בריער",1,""
"1600","בּריקאַלֶע",1,""
"801","בְּרָכָה",2,""
"1601","בְּרֶעכְט",1,""
"1602","בּרעכען",1,""
"803","בְּרֶענְגט",2,""
"804","בּרענען",2,""
"805","בְּשוּרָה",2,""
"1603","בְּשוּרות",1,""
"1604","בְּשוּרות",1,""
"1605","בְּשָלום",1,""
"1606","בּשמחה",1,""
"806","ג",2,""
"1607","גָאט'ס",1,""
"1608","גאלדפארבּ",1,""
"1609","גאלדפאָרבּ",1,""
"1610","גַאנץ",1,""
"1611","גָארטען",1,""
"561","גביר",3,""
"163","גוּט",13,""
"366","גוּלדֶען",5,""
"808","גולם",2,""
"1612","גור",1,""
"1613","גִיבּ",1,""
"367","גיבט",5,""
"564","גיט",3,""
"1614","גייט",1,""
"1615","גִיכֶער",1,""
"565","גִיס",3,""
"1616","גְלויבּסט",1,""
"368","גְלויבּע",5,""
"1617","גליהֶענְדע",1,""
"1618","גליהֶענְדֶער",1,""
"1619","גלייבּט",1,""
"809","גלייך",2,""
"1620","גליעדֶערן",1,""
"244","גליק",8,""
"1621","גְלִיק",1,""
"441","גליקליך",4,""
"1622","גליקליכע",1,""
"1623","גליקליכען",1,""
"1624","גליקליכער",1,""
"1625","גנבות",1,""
"1626","גןעדן",1,""
"1627","גֶעאנְט",1,""
"1628","געב",1,""
"1629","געבּאטען",1,""
"1630","געבּוירען",1,""
"1631","גֶעבּוירֶענֶער",1,""
"1632","געבּוּנדֶען",1,""
"1633","גֶעבִּילְדֶעטֶער",1,""
"810","געבּליבּען",2,""
"1634","געבלענדעט",1,""
"1635","גֶעבֶּע",1,""
"1636","געבּעך",1,""
"1637","גֶעבְּרָאטֶענְס",1,""
"1638","גֶעבְּרַאכְט",1,""
"1639","געבְּרֶענְגט",1,""
"1640","געגְלויבּט",1,""
"442","געגעבּען",4,""
"811","געגענוֶוערט",2,""
"1641","געגענטייל",1,""
"1642","געגענייטיג",1,""
"1643","געדָאכט",1,""
"1644","געדַאנְק",1,""
"1645","געדַאנְקען",1,""
"812","געדענק",2,""
"1646","גֶעדֶענְקְט",1,""
"1647","געדרענג",1,""
"443","גֶעהָאט",4,""
"1648","גֶעהַאלְזְט",1,""
"1649","גֶעהאַקטע",1,""
"1650","גֶעהארט",1,""
"1651","גֶעהַייסְען",1,""
"1652","גֶעהָערְט",1,""
"1653","גֶעהֶערֶען",1,""
"1654","גֶעהרנ'עט",1,""
"1655","געוואוּּסט",1,""
"278","געוואלד",7,""
"1656","גֶעווָאלְט",1,""
"815","געוואנט",2,""
"1657","געוִויין",1,""
"313","גֶעוִויס",6,""
"1659","גֶעוִויסהייט",1,""
"1660","גֶעוִויסער",1,""
"1661","געוִויעען",1,""
"1662","געווֶעהן",1,""
"1663","געוֶועהן",1,""
"1664","געוֶועהנליך",1,""
"227","געוועזען",9,""
"1665","געוועזענע",1,""
"1666","געוועָן",1,""
"157","געוֶוען",14,""
"1667","געוֶועןען",1,""
"1668","געוֶוערפען",1,""
"1669","געוןארען",1,""
"816","געזָאַגט",2,""
"1670","גֶעזָאגֶט",1,""
"817","געזָאנג",2,""
"245","געזָאנט",8,""
"818","געזָאַנט",2,""
"1671","געזוּכט",1,""
"819","געזוּנגען",2,""
"566","געזוּנד",3,""
"1672","גֶעזוּנְד",1,""
"1673","געזוּנדהייט",1,""
"820","געזוּנדטערהייט",2,""
"1674","געזוּנדֶער",1,""
"821","געזִיכט",2,""
"1675","גֶעזֶעגְנֶען",1,""
"822","געזֶעהן",2,""
"567","גֶעזֶעהן",3,""
"445","געזֶעהֶען",4,""
"1676","גֶעזֶעהען",1,""
"1677","געחאפּט",1,""
"1678","געחלע'ט",1,""
"1679","געחלש'ט",1,""
"1680","געטהון",1,""
"568","געטהוּן",3,""
"823","געטליכע",2,""
"824","געטראפען",2,""
"1681","געךרענג",1,""
"1682","געלאָזט",1,""
"1683","גֶעלָאזְט",1,""
"569","געלאט",3,""
"570","געלאכט",3,""
"1684","געלאפען",1,""
"1685","גֶעלדגעריגען",1,""
"825","געלונגען",2,""
"1686","געליינט",1,""
"1687","געלינדֶערט",1,""
"1688","געליעבּט",1,""
"826","געליעבּטע",2,""
"1689","געליעבּטען",1,""
"827","געליעבּטער",2,""
"1690","גֶעלִיעבְּטֶער",1,""
"1691","געלעגט",1,""
"1692","געלעגענהייט",1,""
"1693","געלעכטער",1,""
"828","געלענענהייט",2,""
"1694","גֶעלֶערְנְט",1,""
"829","געם",2,""
"571","געמאכט",3,""
"830","געמאַכט",2,""
"1695","געמארטערט",1,""
"1696","געמה",1,""
"246","געמיינט",8,""
"572","געמליך",3,""
"1697","געמעגט",1,""
"831","געמען",2,""
"1698","געןאלט",1,""
"1699","גענאנגען",1,""
"1700","געןאנט",1,""
"1701","גֶענוּמֶען",1,""
"1702","געניכ'עט",1,""
"1703","גֶענִיס",1,""
"1704","געננכעט",1,""
"1705","גענעבּען",1,""
"1706","גענעזוּנג",1,""
"1707","גענרייט",1,""
"446","געסט",4,""
"1708","גֶעסְטוּ",1,""
"1709","געעפנעטע",1,""
"832","געעפענט",2,""
"1710","גֶעעֶפֶענְט",1,""
"574","געפאהר",3,""
"833","געפּאטערט",2,""
"834","געפאַלֶען",2,""
"1711","געפאסט",1,""
"1712","געפוּן",1,""
"370","געפוּנען",5,""
"371","געפיהרט",5,""
"1713","געפייערט",1,""
"1716","געפלאסען",1,""
"1717","געפלויגען",1,""
"1718","געפעלט",1,""
"1719","געפעלינסט",1,""
"1720","געפענגניס",1,""
"1721","געפרענט",1,""
"1722","געצימבּעלט",1,""
"1723","געקויפט",1,""
"199","געקוּמען",11,""
"835","גֶעקוּמֶען",2,""
"1724","געקט",1,""
"1725","גֶעקִישְט",1,""
"1726","געקליידעט",1,""
"575","געקענט",3,""
"1727","געראטעוֶועט",1,""
"1728","גערוּהט",1,""
"1729","גערויבּט",1,""
"1730","גערויבּטעס",1,""
"1731","גערירט",1,""
"836","גערנע",2,""
"1733","געשוִויגען",1,""
"1734","גֶעשְוִוינְד",1,""
"1735","געשוועסטער",1,""
"1736","געשוועסטערקינד",1,""
"1737","געשטאלטען",1,""
"1738","געשטעהע",1,""
"837","געשטעלט",2,""
"1739","געשטערט",1,""
"1740","געשטערקט",1,""
"1741","געשטראפט",1,""
"1742","געשיהט",1,""
"1743","געשיעהט",1,""
"838","געשיקט",2,""
"1744","געשלאגען",1,""
"1745","געשלאפען",1,""
"1746","געשלעכט",1,""
"279","געשעהן",7,""
"839","געשעהען",2,""
"1747","געשענק",1,""
"1748","געשענקאָבּעֶר",1,""
"1749","גֶעשֶענְקְט",1,""
"1750","געשעצט",1,""
"1751","געשפּראכען",1,""
"840","געשריי",2,""
"1752","געשריעבּען",1,""
"1753","גראדע",1,""
"1754","גראטוּליערען",1,""
"1755","גראשען",1,""
"1756","גרוּבּ",1,""
"842","גְרויסע",2,""
"448","גְרויסען",4,""
"577","גְרויסער",3,""
"1758","גְרוּס",1,""
"1759","גְרֵייו",1,""
"1761","גרייט",1,""
"1762","גְרֵיין",1,""
"1763","גרימאסען",1,""
"1764","גרעסטע",1,""
"843","גרעסטער",2,""
"1765","גרעסערע",1,""
"578","ד",3,""
"844","דָאָ",2,""
"1766","דָאגעגען",1,""
"845","דָאדוּרך",2,""
"579","דָאַזַא",3,""
"846","דָאָזָא",2,""
"1767","דָאָזָאַ",1,""
"847","דָאִיק",2,""
"848","דָאִיקע",2,""
"49","דָאך",57,""
"1768","דָאָך",1,""
"1769","דָאכט",1,""
"247","דָאם",8,""
"1770","דָאמאלס",1,""
"1771","דָאמאַלְס",1,""
"1772","דאמִיט",1,""
"849","דָאמיט",2,""
"1773","דאן",1,""
"850","דַאן",2,""
"1774","דָאַן",1,""
"248","דָאָן",8,""
"1775","דַאנֶין",1,""
"1776","דַאנְקבּארקייט",1,""
"851","דַאנְקע",2,""
"1777","דַאנְקָע",1,""
"1778","דַאנְקען",1,""
"1779","דַאנְקֶען",1,""
"1780","דָאעען",1,""
"852","דַאפִיר",2,""
"1781","דָאפיר",1,""
"1782","דָאפּעלט",1,""
"1783","דָאצוּ",1,""
"449","דָאַקטאר",4,""
"853","דָאָקטאר",2,""
"1784","דָאקטְוירִים",1,""
"1785","דָאקְטוירִים",1,""
"1787","דָאָקטער",1,""
"1788","דָארגעבּאטען",1,""
"1789","דָארְטען",1,""
"580","דָאריבּער",3,""
"1790","דָארך",1,""
"167","דָארף",13,""
"1791","דָארְף",1,""
"1792","דָארפסט",1,""
"68","דבורה",41,""
"1793","דבורה'לע",1,""
"1794","דבורֶה'לֶע",1,""
"1795","דְבורה'לֶע",1,""
"855","דְבורָה'לֶע",2,""
"450","דְבורֶה'לֶען",4,""
"856","דְבורֶה'לֶעס",2,""
"451","דבורהלע",4,""
"857","דבירה",2,""
"1796","דד",1,""
"168","דו",13,""
"32","דוּ",92,""
"1797","דוּא",1,""
"1798","דוּל",1,""
"452","דועט",4,""
"581","דורה",3,""
"858","דורה'לע",2,""
"372","דוּרך",5,""
"1799","די",1,""
"373","דִיָא",5,""
"1801","דַייטְש",1,""
"144","דַיין",16,""
"1802","דִייניט",1,""
"1803","דֵיינֶע",1,""
"1804","דַיינֶעם",1,""
"1805","דַיינֶער",1,""
"314","דִיךְ",6,""
"453","דִיע",4,""
"229","דִיעזע",9,""
"1806","דִיעזעם",1,""
"454","דִיעזען",4,""
"455","דִיעזעס",4,""
"374","דִיעזער",5,""
"1807","דִיענער",1,""
"860","דִיעע",2,""
"1808","דִיעער",1,""
"1809","דִיציטערסט",1,""
"1810","דִירה",1,""
"1811","דנורה'לע",1,""
"861","דעם",2,""
"1812","דעמאלס",1,""
"1813","דענקט",1,""
"1814","דעפּאנירט",1,""
"1815","דער",1,""
"1816","דֶערבּסטוּ",1,""
"1817","דֶערוַוייל",1,""
"1818","דֶערזֶעהט",1,""
"1819","דֶערזֶעהן",1,""
"863","דֶעריבּער",2,""
"315","דֶערלעבּען",6,""
"1820","דֶערמאנט",1,""
"1821","דֶערמאנסטוּ",1,""
"864","דֶערפאר",2,""
"1822","דֶערפון",1,""
"865","דֶערפוּן",2,""
"866","דֶערציילט",2,""
"867","דֶערצעהל",2,""
"1823","דֶערצעהלט",1,""
"868","דֶערקענען",2,""
"1824","דֶערשראקען",1,""
"869","דרויסען",2,""
"1825","דְרויסֶען",1,""
"1826","דריטען",1,""
"1827","דריטער",1,""
"1828","דרינגען",1,""
"870","ה",2,""
"456","הַ",4,""
"871","ה'",2,""
"280","הא",7,""
"1829","הָאבֶּען",1,""
"125","הָאבּען",18,""
"1830","הָאבּעֶן",1,""
"583","האכצייט",3,""
"874","הָאלְבּּער",2,""
"1831","הַאלְזט",1,""
"875","הַאלְזֶען",2,""
"1832","הַאלְטְסְט",1,""
"316","הַאלְטען",6,""
"1833","האלירע",1,""
"1834","האַמאַ",1,""
"877","האָנד",2,""
"878","הַאנְד",2,""
"1835","האַנדלען",1,""
"1836","האַנדעלט",1,""
"879","האפּ",2,""
"880","הָאפְנוּנְג",2,""
"1837","הָאפֶע",1,""
"881","האפען",2,""
"1838","הָאפֶען",1,""
"1839","הארבּ",1,""
"882","הארץ",2,""
"1840","הבּא",1,""
"883","הבּית",2,""
"1841","הבּית'עלע",1,""
"1842","הַגָבִיא",1,""
"1843","הַגָבִיא'ס",1,""
"1844","הגדה",1,""
"1845","הגדות",1,""
"884","הַגויִם",2,""
"585","הד",3,""
"1846","ההרים",1,""
"458","הוּא",4,""
"1847","הוה",1,""
"586","הויז",3,""
"1848","הוֹיז",1,""
"1849","הויזען",1,""
"1850","הויט",1,""
"1851","הויך",1,""
"1852","הויפּט",1,""
"1853","הונד",1,""
"1854","הַזָן'טֶע",1,""
"1855","הזן'ם",1,""
"1856","הִיזִינֶער",1,""
"1857","היטץ",1,""
"1858","הייבט",1,""
"1859","הייַבּט",1,""
"1860","הייזער",1,""
"587","הייט",3,""
"1861","הייטע",1,""
"1862","הייכט",1,""
"1863","הייכלערין",1,""
"1864","היילוּנג",1,""
"1865","הייליג",1,""
"1866","הֵיילִיג",1,""
"1867","הייליגע",1,""
"885","הייליגען",2,""
"1868","הֵיילִיגֶען",1,""
"1869","היילינע",1,""
"886","היילען",2,""
"145","היינט",16,""
"1870","הַיינְטִיגֶעס",1,""
"1871","היינטינען",1,""
"1872","הַייסְטוּ",1,""
"1873","הַייסְע",1,""
"888","הַייסְען",2,""
"1876","הֵיירַאטְהֶען",1,""
"1878","הִילֶע",1,""
"1879","הִילְף",1,""
"1880","הין",1,""
"1881","הינאויס",1,""
"1882","הינגעבּונג",1,""
"890","הירצעלעס",2,""
"1884","הל",1,""
"317","הַלְוַאִי",6,""
"1885","הלוואִי",1,""
"318","הַלְנַאִי",6,""
"1887","המלע",1,""
"589","הן",3,""
"460","הן'ס",4,""
"1888","הנג",1,""
"1889","הנונד",1,""
"892","הנכיָא",2,""
"319","הַנָכִיא",6,""
"1890","הסתּם",1,""
"590","הע",3,""
"1891","העבּען",1,""
"1892","העהֶערֶעס",1,""
"1893","העכסטע",1,""
"1894","העלדענטאט",1,""
"1895","העלדענטהָאט",1,""
"1896","הֶעלְפְטע",1,""
"281","הען",7,""
"321","הען'ס",6,""
"1898","הענד",1,""
"1900","העָסליכקייט",1,""
"1901","העסעכעט",1,""
"1902","הָער",1,""
"1903","הֶערגעקאמען",1,""
"1904","הֶערויס",1,""
"1905","הֶערְט",1,""
"1907","הֶערְצִינְיוּ",1,""
"1908","הֶערצלען",1,""
"1909","הערצעל",1,""
"282","הֶערְצֶעלע",7,""
"897","הֶערְצֶענְיוּ",2,""
"1910","הר",1,""
"1911","הרב",1,""
"1912","הָרַחְֵמָן",1,""
"1913","הָרַחְֵמָן",1,""
"1914","הָרַחֶמָן",1,""
"1915","התן",1,""
"899","ואָרץ",2,""
"1917","וְאָת",1,""
"1918","וּברוּך",1,""
"900","ודָאִי",2,""
"1919","ודָאַלֶע",1,""
"1920","וּדאלע",1,""
"1921","והשנית",1,""
"378","וו",5,""
"1922","וואָ",1,""
"901","וואגע",2,""
"902","וואגען",2,""
"1923","וואָגען",1,""
"1924","וָואהִין",1,""
"1925","וואהל",1,""
"1926","וואהלטהָאט",1,""
"1927","וואהניין",1,""
"323","וואהר",6,""
"903","וואהרהייט",2,""
"1928","וואהרשיינליך",1,""
"230","וואוּּ",9,""
"592","וואוּהין",3,""
"1930","וואוּינט",1,""
"1931","וואוּנדֶען",1,""
"1932","וואוּּנדֶען",1,""
"1933","וואוּנדֶער",1,""
"904","וואוּּנדֶער",2,""
"1934","וואוּנדֶערט",1,""
"1935","וואוּנדֶערן",1,""
"905","וואוּּנש",2,""
"1936","וואזְשֶע",1,""
"906","וואך",2,""
"1937","וואכען",1,""
"1938","וואכענד",1,""
"907","וואכערס",2,""
"1939","וואלד",1,""
"184","וואלדמאן",12,""
"33","וואלדמאָן",91,""
"1940","וואַלדמאן",1,""
"73","וואַלדמאָן",39,""
"908","ווָאלדמאָן",2,""
"1941","ווָאלדמאַנען",1,""
"169","ווָאלט",13,""
"1942","ווָאלְט",1,""
"1943","וָואלְט",1,""
"593","וואלךמאָן",3,""
"909","ווָאלסט",2,""
"910","וואלסטוּ",2,""
"1944","ווָאלסטוּ",1,""
"1946","וָואם",1,""
"1947","וואנגען",1,""
"1948","וואנד",1,""
"1949","וואַנד",1,""
"1950","וואנען",1,""
"1951","וואַנען",1,""
"212","ווָאס",10,""
"1952","וֶואס",1,""
"1953","וָואַס",1,""
"911","וַואס'זְשֶע",2,""
"1954","וַואס׳זְשֶע",1,""
"912","וָואסזְשֶע",2,""
"1955","וַואסער",1,""
"1956","וָואסעשע",1,""
"1957","וואקסען",1,""
"1958","ווַאקְסֶען",1,""
"1959","וואַרוּם",1,""
"1960","וַוארְט",1,""
"1961","ווארעל",1,""
"1962","וואַרפט",1,""
"1963","וואש",1,""
"1964","וודָאַלֶע",1,""
"595","ווִי",3,""
"1965","וִויָא",1,""
"913","וִוידֶער",2,""
"1966","וִוידֶערהאַלֶע",1,""
"379","ווֵייבּּ",5,""
"915","ווֵייבּּעלע",2,""
"1967","וִוייַבּער",1,""
"1968","וַוייז",1,""
"596","וִוייזט",3,""
"1969","וִוייזע",1,""
"1970","וִוייזען",1,""
"597","וִוייט",3,""
"1971","וַוייט",1,""
"1972","וִוייַטען",1,""
"380","וִוייטער",5,""
"1973","וֵוייטֶער",1,""
"1974","וַויילע",1,""
"598","וִויים",3,""
"1975","וַויין",1,""
"462","וִויינט",4,""
"916","וִויינסטוּ",2,""
"1976","וִויינען",1,""
"917","וִויינענד",2,""
"1977","וִויינקעל",1,""
"1978","וִויכְטִיגֶעס",1,""
"1979","וִוילד",1,""
"1980","וִוילדע",1,""
"1981","וִוילדֶען",1,""
"283","וִוילט",7,""
"1982","וִוילסט",1,""
"1983","וִוילְסְט",1,""
"600","וִוילְסְטוּ",3,""
"1984","וִוילסְטוּז",1,""
"918","וִוילען",2,""
"919","וִוילקאמען",2,""
"1986","וִוינואט",1,""
"1987","וִוינשען",1,""
"1988","וִויסט",1,""
"1989","וִויסטע",1,""
"601","וִויסען",3,""
"1990","וִויעגעלע",1,""
"159","וִויעדֶער",14,""
"1991","וִויענעלע",1,""
"1992","וִויפִיעל",1,""
"1993","וִויקעלט",1,""
"921","וִויר",2,""
"213","וִוירד",10,""
"922","וִוירְד",2,""
"1994","וִוירסט",1,""
"1995","וִוירְסְטו",1,""
"1997","וִוירְסְטוּּ",1,""
"602","וועג",3,""
"1998","וֶועג",1,""
"1999","וועגעלע",1,""
"214","וועגען",10,""
"923","וֶועגֶען",2,""
"2000","וֶועהלט",1,""
"2001","וֶועהלען",1,""
"2002","וֶועהמען",1,""
"2003","וֶועהנליך",1,""
"2004","וֶועהרט",1,""
"2005","וֶועהרענד",1,""
"924","וועזען",2,""
"2006","וָועט",1,""
"603","ווֶעל",3,""
"251","וֶועלט",8,""
"2007","וֶועלְט",1,""
"925","וֶועלטען",2,""
"231","וֶועלכע",9,""
"927","וֶועלכעם",2,""
"463","וֶועלכען",4,""
"464","וֶועלכעס",4,""
"604","וֶועלכער",3,""
"232","וֶועלען",9,""
"2009","וועמעם",1,""
"284","וועמען",7,""
"928","וועמעס",2,""
"2010","וועָן",1,""
"2011","ווענדעסט",1,""
"2012","ווענטיל",1,""
"2013","וועניג",1,""
"2014","ווענינקטענס",1,""
"605","וועסט",3,""
"2015","וועסטו",1,""
"2016","וֶוערד",1,""
"929","וֶוערדע",2,""
"2017","וֶוערדֶען",1,""
"2018","וֶוערוּם",1,""
"252","וֶוערט",8,""
"382","וֶוערטה",5,""
"2019","וֶוערטי",1,""
"2020","וֶוערטע",1,""
"2021","וֶוערטען",1,""
"466","וֶוערטער",4,""
"930","וֶוערין",2,""
"170","וֶוערען",13,""
"2022","וֶוערָען",1,""
"931","וֶוערפט",2,""
"2023","וֶוערפֿט",1,""
"932","וֶוערפען",2,""
"2024","וֶוערקצייג",1,""
"933","וִיבַשֵר",2,""
"2025","וַייט",1,""
"2026","וכט",1,""
"2027","ומז'ט",1,""
"2028","וְנֶהָמות",1,""
"2029","וְשָלום",1,""
"2030","ושקר",1,""
"606","ז",3,""
"2031","זָאָ",1,""
"2032","זָאאָל",1,""
"2033","זָאַאַל",1,""
"2034","זָאגַאר",1,""
"2035","זאַגְט",1,""
"607","זָאגט",3,""
"2036","זָאגְסְט",1,""
"608","זָאגען",3,""
"2037","זָאַכע",1,""
"2038","זָאלזִי",1,""
"253","זָאלט",8,""
"2039","זָאלכט",1,""
"934","זָאלכע",2,""
"609","זָאלסט",3,""
"185","זָאלסטוּ",12,""
"935","זָאלֶען",2,""
"328","זָאַלֶען",6,""
"936","זָאלצען",2,""
"2040","זָאמען",1,""
"2041","זָאנאר",1,""
"468","זָאנט",4,""
"937","זָאַנט",2,""
"2042","זָאָנט",1,""
"2043","זָאנסט",1,""
"2044","זָאנע",1,""
"2045","זָאנען",1,""
"2046","זַאנְפְט",1,""
"611","זָאנפטע",3,""
"2047","זָארגע",1,""
"2048","זָארְגֶען",1,""
"2049","זבריה",1,""
"2050","זו",1,""
"469","זוהן",4,""
"938","זוּהן",2,""
"2051","זוּכט",1,""
"2052","זוּכסטוּ",1,""
"383","זוּכען",5,""
"939","זוּנדֶערן",2,""
"286","זי",7,""
"470","זִיָא",4,""
"2053","זִידְבורֶה'לֶע",1,""
"2054","זִיהן",1,""
"146","זִיי",16,""
"2056","זִייד",1,""
"2057","זַיידֶען",1,""
"2058","זֵייטע",1,""
"940","זיין",2,""
"2059","זֵײן",1,""
"204","זַיין",11,""
"2060","זֵיינִיטְוֶועגֶען",1,""
"2061","זִיינים",1,""
"2062","זִיינינע",1,""
"2063","זיינע",1,""
"2064","זֵיינֶע",1,""
"2065","זֵיינֶעט",1,""
"942","זַיינֶער",2,""
"2067","זֵייעֶר",1,""
"2068","זייערע",1,""
"2069","זִייפצער",1,""
"384","זִיךְ",5,""
"471","זִיכער",4,""
"2070","זִיכערן",1,""
"2071","זיכֶערֶע",1,""
"2072","זִינג",1,""
"329","זִינגט",6,""
"385","זִינגען",5,""
"2073","זִינגענד",1,""
"2074","זינגענדיג",1,""
"612","זִינד",3,""
"943","זִינען",2,""
"2075","זִינקען",1,""
"2076","זִיס",1,""
"2077","זִיסֶעם",1,""
"2078","זִיען",1,""
"330","זִיעס",6,""
"2079","זִיעסע",1,""
"2080","זִיעָסע",1,""
"2081","זִיפּעט",1,""
"2082","זיפץ",1,""
"2083","זִיפצט",1,""
"386","זִיצט",5,""
"2084","זָכוּר",1,""
"2085","זכוּתו",1,""
"2086","זמר",1,""
"2087","זֶעגְנֶע",1,""
"2088","זֶעגֶענְט",1,""
"2089","זֶעהזִי",1,""
"287","זֶעהט",7,""
"2090","זֶעהנזוּכט",1,""
"2091","זֶעהנע",1,""
"473","זֶעהסְטוּ",4,""
"945","זֶעהע",2,""
"2092","זֶעהֶענְדִיג",1,""
"2093","זֶעהֶענְדִיגען",1,""
"613","זֶעהֶענְדֶען",3,""
"946","זֶעהֶענְדֶער",2,""
"387","זֶעהר",5,""
"2094","זעלבסט",1,""
"331","זעלבּסט",6,""
"388","זעלבּע",5,""
"2095","זעלבּען",1,""
"947","זעלטענע",2,""
"2096","זעליגען",1,""
"172","זענט",13,""
"2097","זֶענְט",1,""
"2098","זעסעלע",1,""
"389","זעעלע",5,""
"2099","זעצט",1,""
"2100","זעצען",1,""
"332","ח",6,""
"2101","חַ",1,""
"288","חא",7,""
"2102","חאַ",1,""
"948","חאטש",2,""
"2103","חאטשע",1,""
"2104","חַאפּ",1,""
"2105","חאפט",1,""
"2106","חאפּט",1,""
"139","חד",17,""
"2107","חודש",1,""
"474","חוזק",4,""
"2108","חון",1,""
"949","חופה",2,""
"2109","חוּפה",1,""
"289","חוּפּה",7,""
"615","חזן",3,""
"616","חַזָן",3,""
"2110","חַּזָן",1,""
"2111","חַזֶנְ'טֶע",1,""
"2112","חַזָן'טֶע",1,""
"2113","חַזָן'ס",1,""
"2114","חַזָן‘ס",1,""
"2115","חַזָןטֶע",1,""
"2116","חזניש",1,""
"186","חי",12,""
"2117","חילק",1,""
"2118","חין",1,""
"2119","חָכָם",1,""
"2120","חכמה",1,""
"950","חלום",2,""
"475","חָלום",4,""
"2121","חָלום'ט",1,""
"2122","חלומות",1,""
"617","חלילה",3,""
"2123","חליפעט",1,""
"2124","חליפענד",1,""
"2125","חלעבּען",1,""
"2126","חלען",1,""
"2127","חלש'ן",1,""
"2128","חלשן",1,""
"2129","חלשען",1,""
"2130","חְֵמָתְך",1,""
"2131","חְֵמָתְך",1,""
"951","חן'טע",2,""
"952","חן'ס",2,""
"2132","חנוּת",1,""
"2133","חַס",1,""
"953","חסרון",2,""
"2134","חען",1,""
"954","חרוסת",2,""
"955","חתוּנה",2,""
"390","חתן",5,""
"2135","חתנ'ס",1,""
"2136","ט",1,""
"2137","טאבּילע",1,""
"2138","טַאגֶע",1,""
"2139","טַאטֶעס",1,""
"2140","טָאכְטֶערס",1,""
"2141","טאנע",1,""
"618","טאנץ",3,""
"2142","טַאנְצְט",1,""
"957","טאנצעשע",2,""
"2143","טאַפט",1,""
"2144","טאַקטען",1,""
"476","טאקי",4,""
"958","טאקע",2,""
"959","טאָקע",2,""
"2145","טארבּעס",1,""
"218","טאש",10,""
"477","טאשע",4,""
"2146","טהָאטען",1,""
"2147","טהוּ",1,""
"290","טהוּט",7,""
"960","טְהוּט",2,""
"173","טהון",13,""
"233","טהוּן",9,""
"333","טְהון",6,""
"391","טְהוּן",5,""
"2148","טְהוסְטוּ",1,""
"961","טְהוּסְטוּ",2,""
"2149","טהוּע",1,""
"2150","טהייערע",1,""
"2151","טהייערער",1,""
"962","טהיר",2,""
"2152","טְהְיר",1,""
"619","טְהִיר",3,""
"160","טוב",14,""
"963","טובָה",2,""
"620","טובות",3,""
"2153","טוֶועה",1,""
"2154","טויבּ",1,""
"964","טויג",2,""
"478","טויזענד",4,""
"965","טויזֶענְד",2,""
"2155","טויזענדע",1,""
"2156","טויזענר",1,""
"2157","טועה",1,""
"2158","טייבּעלע",1,""
"621","טייערע",3,""
"2159","טייערעם",1,""
"622","טייפעל",3,""
"2160","טיען",1,""
"479","טיש",4,""
"2161","טֶע",1,""
"966","טעכטעריל",2,""
"2162","טעכטערליך",1,""
"967","טעלער",2,""
"2163","טֶערְק",1,""
"2164","טפוי",1,""
"2165","טראגען",1,""
"2166","טראַכט",1,""
"2167","טראנען",1,""
"2168","טרויָאוּנג",1,""
"969","טרוים",2,""
"2169","טרויסט",1,""
"2170","טרויען",1,""
"2171","טְרוּקֶענְט",1,""
"2172","טרייבט",1,""
"2173","טריימענד",1,""
"2174","טְרַייעֶם",1,""
"970","טְרַייעֶס",2,""
"2176","טְרַייעֶר",1,""
"2177","טריישאפט",1,""
"2178","טְרִינְקֶען",1,""
"971","טרעטען",2,""
"482","טרעפען",4,""
"2179","טרער",1,""
"392","טרערען",5,""
"972","טשעק",2,""
"205","יָאָ",11,""
"623","יָאהר",3,""
"484","יָאָהר",4,""
"973","יָאהרען",2,""
"974","יָאהרֶען",2,""
"2180","יָאכגע",1,""
"255","יָאַכגע",8,""
"975","יָאָכגע",2,""
"976","יאכנע",2,""
"2181","יאַכנע",1,""
"2182","יַאכְנֶע",1,""
"624","יָאכנע",3,""
"91","יָאַכנע",29,""
"485","יָאָכנע",4,""
"2183","יָאַמער",1,""
"2184","יְבָרֵך",1,""
"2185","יגן",1,""
"2186","ידַאלֶען",1,""
"2187","יהוּדָא'לע",1,""
"2188","יהוּרהלע",1,""
"2189","יוגֶענְד",1,""
"393","יוּד",5,""
"2190","יוּדָא'לע",1,""
"291","יודאלע",7,""
"2191","יודָאַלֶע",1,""
"2192","יוּדאלע",1,""
"2193","יוּדַאלֶע'ן",1,""
"2194","יוּדַאלֶע'ס",1,""
"256","יוּדַאלֶען",8,""
"2195","יודָאַלֶעס",1,""
"2196","יוּדַאלֶעס",1,""
"2197","יוּדִישע",1,""
"2198","יוּדִישֶע",1,""
"2199","יודעל",1,""
"977","יוּדעלע",2,""
"978","יוּדעלעך",2,""
"2200","יודֶען",1,""
"2201","יוּדען",1,""
"2202","יוּדֶען",1,""
"2203","יוּדענעס",1,""
"2204","יוּך",1,""
"2205","יוּךאַלֶע",1,""
"2206","יום",1,""
"979","יוּנג",2,""
"2207","יוּנגסטע",1,""
"980","יונגע",2,""
"981","יוּנגעל",2,""
"982","יונגער",2,""
"625","יוּנגער",3,""
"983","יוּנְגֶערמַאָן",2,""
"2209","יוסף",1,""
"2210","יוראַלֶע",1,""
"2211","יורש",1,""
"985","יחיד",2,""
"2212","יָחִיד’ל",1,""
"2213","יחידל",1,""
"986","יידָאַלֶע",2,""
"2214","יכא",1,""
"2215","יסוּרים",1,""
"2216","יסוּרים'לעך",1,""
"2217","יעדע",1,""
"2218","יעדֶעם",1,""
"626","יעדֶען",3,""
"486","יעדֶער",4,""
"2219","יעהריג",1,""
"2220","יעהרינער",1,""
"2221","יֶעכְטְץ",1,""
"2222","יעמאַנד",1,""
"2223","יעמאנדֶען",1,""
"487","יענע",4,""
"2224","יענעם",1,""
"2225","יענער",1,""
"2226","יעָנקעלע",1,""
"257","יעצט",8,""
"627","יֶעצְט",3,""
"46","ירוהם",63,""
"394","ירוּהם",5,""
"2227","ירוהס",1,""
"2228","ירוחט",1,""
"99","ירוחם",26,""
"2229","ירוּחם",1,""
"2230","ירוחם'ס",1,""
"987","ירוחס",2,""
"2231","יש",1,""
"2232","יְשועות",1,""
"988","יִשְלַח",2,""
"2233","ישמרני",1,""
"2234","יתום",1,""
"2235","יָתום",1,""
"2236","יְתומִים",1,""
"2237","כְ’הָאבּ",1,""
"2238","כּהן",1,""
"2239","כַּוָנָה",1,""
"2240","כּוס",1,""
"2241","כּחַ",1,""
"2242","כּל",1,""
"2243","כָּל",1,""
"174","כּלה",13,""
"989","כַּלָה",2,""
"2244","כע",1,""
"2245","לאהן",1,""
"258","לאז",8,""
"990","לאַז",2,""
"488","לאזט",4,""
"991","לאָזט",2,""
"992","לֶאזְט",2,""
"993","לָאזְט",2,""
"630","לאט",3,""
"994","לאָט",2,""
"995","לאטיינער",2,""
"996","לאטישע",2,""
"2246","לאך",1,""
"2247","לאַכט",1,""
"2248","לַאכְסְט",1,""
"2249","לָאמֶער",1,""
"2250","לַאנְגאם",1,""
"997","לַאנְגזָאם",2,""
"2251","לאַנט",1,""
"631","לאסט",3,""
"2252","לאַסט",1,""
"2253","לאָסט",1,""
"998","לאסען",2,""
"2254","לאען",1,""
"2255","לבנוּ",1,""
"632","לויט",3,""
"2256","לויף",1,""
"633","לויפט",3,""
"2257","לויפען",1,""
"2258","לוּפט",1,""
"2259","לַטוב",1,""
"2260","לטובה",1,""
"2261","לֵיבּ",1,""
"2262","לִיגְט",1,""
"2263","ליגען",1,""
"634","ליגענד",3,""
"2264","ליגענט",1,""
"2265","ליגעער",1,""
"2266","לידעלע",1,""
"999","לייד",2,""
"2267","ליידֶען",1,""
"2268","לֵיידֶען",1,""
"2269","לַיידֶען",1,""
"2270","ליידענשאפט",1,""
"2271","ליידענשאפטליך",1,""
"1000","ליידֶער",2,""
"1001","לייכט",2,""
"2272","לייצעס",1,""
"206","ליכט",11,""
"1002","ליכטיגע",2,""
"2273","לִיכְטֶענְדֶער",1,""
"2274","לינען",1,""
"2275","לינקער",1,""
"219","ליעבּ",10,""
"2276","לִיעב",1,""
"1003","לִיעבּ",2,""
"1004","ליעבּט",2,""
"128","ליעבּע",18,""
"2277","לִיעבֶּע",1,""
"1005","לִיעבֶּע",2,""
"1006","ליעבּען",2,""
"490","ליעבּעס",4,""
"2278","לִיעבֶּעס",1,""
"2279","ליעבּעספאַלֶע",1,""
"2280","ליעבֶּער",1,""
"334","ליעבּער",6,""
"635","לִיעבֶּער",3,""
"2281","ליעגט",1,""
"2282","ליעגע",1,""
"2283","ליעד",1,""
"2284","ליעכע",1,""
"491","ליענט",4,""
"2285","ליענען",1,""
"1007","ליפּען",2,""
"2286","לכבוך",1,""
"2287","לְכָכוֹד",1,""
"2288","לְמַעְן",1,""
"2289","למְָשָל",1,""
"2290","לֶנוּ",1,""
"636","לָנוּ",3,""
"2291","לעבּ",1,""
"2292","לעבּט",1,""
"2293","לעבען",1,""
"92","לעבּען",29,""
"395","לֶעבֶּען",5,""
"396","לֶעבֶּען",5,""
"637","לעגט",3,""
"2294","לעגען",1,""
"2295","לעוִוין",1,""
"2296","לעזט",1,""
"2297","לעך",1,""
"2298","לעכטיגע",1,""
"2299","לעמעלע",1,""
"2300","לעצט",1,""
"638","לעצטע",3,""
"2301","לעקעש",1,""
"2302","לעקציע",1,""
"2303","לערנט",1,""
"1008","לערנען",2,""
"2304","לֶערְנֶען",1,""
"1009","לשון",2,""
"2305","מ",1,""
"2306","מ05",1,""
"639","מאהל",3,""
"2307","מאָהל",1,""
"2308","מָאהל",1,""
"2309","מאָהלער",1,""
"2310","מאַין",1,""
"2311","מַאַיִן",1,""
"492","מאך",4,""
"640","מאכט",3,""
"493","מאַכט",4,""
"1010","מאכסט",2,""
"2312","מאכסטוּ",1,""
"1011","מאכע",2,""
"189","מאכען",12,""
"2313","מאַכען",1,""
"1012","מאכער",2,""
"292","מאל",7,""
"494","מאַל",4,""
"1013","מאָל",2,""
"1014","מָאל",2,""
"2314","מאַלֶער",1,""
"397","מאמע",5,""
"641","מאמען",3,""
"2315","מַאמֶען",1,""
"117","מאָן",19,""
"1015","מַאן",2,""
"2316","מאָן'ס",1,""
"2317","מאנט",1,""
"1016","מאנכע",2,""
"2318","מאָסט",1,""
"2319","מאָסטוּ",1,""
"2320","מאסקע",1,""
"642","מארגען",3,""
"2321","מאָרגען",1,""
"1017","מָארְגֶען",2,""
"2322","מָארְגֶענשְְטֶערְן",1,""
"2323","מארטירערין",1,""
"2324","מארנען",1,""
"2325","מארק",1,""
"2326","מארקט",1,""
"2327","מבינות",1,""
"2328","מדר",1,""
"1018","מַה",2,""
"2329","מהוּמה",1,""
"2330","מוז",1,""
"175","מוּז",13,""
"2331","מוּזט",1,""
"2332","מוזיק",1,""
"2333","מוּזִיק",1,""
"2334","מוּזִיקאלישער",1,""
"2335","מוזֶען",1,""
"2336","מוחַ",1,""
"495","מוחל",4,""
"2337","מוּט",1,""
"398","מוטער",5,""
"2338","מוּטער",1,""
"643","מוּטֶער",3,""
"220","מויד",10,""
"644","מויך",3,""
"2339","מוּמחה",1,""
"2340","מומֶען",1,""
"2341","מון",1,""
"1019","מוּן",2,""
"2342","מונְטֶער",1,""
"2343","מוּס",1,""
"2344","מוסטוּ",1,""
"1020","מוּסָר",2,""
"1021","מוּען",2,""
"2345","מוצא",1,""
"1022","מורא",2,""
"2346","מורֶא",1,""
"2347","מורָא",1,""
"2348","מורה",1,""
"2349","מורינוּ",1,""
"2350","מזוג",1,""
"259","מזל",8,""
"645","מחוּתן",3,""
"2351","מחילה",1,""
"2352","מטריח",1,""
"2353","מיהע",1,""
"2354","מיון",1,""
"20","מיט",115,""
"147","מִיט",16,""
"646","מיט'ן",3,""
"2355","מִיטָאג",1,""
"2356","מיטגעריסען",1,""
"1023","מיטלייד",2,""
"399","מיטעל",5,""
"496","מיטען",4,""
"2357","מִיטֶערְנַאכְט",1,""
"335","מיידעל",6,""
"1024","מיידעלע",2,""
"2358","מיידעלעך",1,""
"2359","מייך",1,""
"2360","מיימיימיין",1,""
"23","מיין",106,""
"647","מייַן",3,""
"260","מֵיין",8,""
"101","מַיין",24,""
"1025","מיינט",2,""
"2361","מֵיינְט",1,""
"2362","מייןישוועסטער",1,""
"2363","מיינסטוּ",1,""
"648","מֵיינְסְטוּ",3,""
"80","מיינע",37,""
"2364","מייַנע",1,""
"2365","מֵיינֶע",1,""
"1026","מַיינֶע",2,""
"2366","מיינעט",1,""
"2367","מַיינֶעטְוֶועגֶען",1,""
"497","מיינעם",4,""
"2368","מֵיינֶען",1,""
"498","מיינער",4,""
"2369","מֵייעֶרְן",1,""
"2370","מיישטער",1,""
"2371","מִיךְ",1,""
"2372","מיליָאנען",1,""
"2373","מימלייך",1,""
"1027","מין",2,""
"649","מינוּט",3,""
"2374","מינוּטע",1,""
"2375","מינע",1,""
"13","מיר",157,""
"96","מִיר",28,""
"1028","מיש",2,""
"2376","מִישֶען",1,""
"2377","מיתה",1,""
"2378","מכּה",1,""
"2379","מל",1,""
"1029","מלא",2,""
"1030","מַלְאָך",2,""
"2380","מלאָכיל",1,""
"2381","מלאָכים",1,""
"1031","מן",2,""
"400","מע",5,""
"1032","מעג",2,""
"2382","מעגט",1,""
"401","מעגליך",5,""
"650","מעדִיצין",3,""
"2383","מעדכען",1,""
"106","מעהר",21,""
"261","מֶעהר",8,""
"2384","מעךכען",1,""
"651","מעל",3,""
"1033","מעם",2,""
"118","מען",19,""
"234","מֶען",9,""
"2385","מענגע",1,""
"2386","מענסט",1,""
"1034","מענער",2,""
"1035","מענשהייט",2,""
"2387","מענשט",1,""
"402","מענשען",5,""
"1036","מעשה",2,""
"2388","מצות",1,""
"2389","מציה",1,""
"1037","מרדכי",2,""
"1038","משאַלות",2,""
"2390","משבּחה",1,""
"2391","משֶה",1,""
"1039","משוגע",2,""
"2392","משוּנה",1,""
"2393","משוּנע",1,""
"1040","משורר",2,""
"652","משוררים",3,""
"2394","משל",1,""
"2395","מִשְפָּחָה",1,""
"2396","משרת",1,""
"2397","מַתָּנָה",1,""
"235","נא",9,""
"2398","נאַ",1,""
"2399","נאָ",1,""
"236","נָא",9,""
"2400","נאאר",1,""
"110","נאט",20,""
"2401","נאָט",1,""
"2402","נָאט",1,""
"2403","נאט'יניוּ",1,""
"2404","נאט'ס",1,""
"2405","נאטיילך",1,""
"2406","נאטירליכע",1,""
"2407","נאַטירליכען",1,""
"403","נאטען",5,""
"2408","נאָטען",1,""
"1041","נָאטֶען",2,""
"1042","נאטעניוּ",2,""
"2409","נאַטעניוּ",1,""
"2410","נאטעס",1,""
"1043","נאךְ",2,""
"404","נאָך",5,""
"2411","נאכדֶעם",1,""
"2412","נאָכדֶעם",1,""
"2413","נָאכְדֶעם",1,""
"2414","נאכהֶער",1,""
"1044","נאכט",2,""
"653","נאַכט",3,""
"336","נַאכְט",6,""
"2415","נַאכְטְמָאל",1,""
"2416","נאכלעסינקייט",1,""
"2417","נַאכְרִיכְט",1,""
"2418","נאלד",1,""
"2419","נאָלד",1,""
"2420","נאַלדָאַרבּ",1,""
"2421","נאלסטוּ",1,""
"2422","נאלץ",1,""
"1045","נאמען",2,""
"1046","נאָמען",2,""
"2423","נָאמֶען",1,""
"654","נאנץ",3,""
"2424","נאנצע",1,""
"655","נאנצען",3,""
"2425","נאנצער",1,""
"2426","נאַנצער",1,""
"405","נאר",5,""
"406","נאָר",5,""
"2427","נארטען",1,""
"2428","נארישעס",1,""
"2429","נארישער",1,""
"2430","נאָרישער",1,""
"2431","נג",1,""
"2432","נגון",1,""
"1047","נגידִיש",2,""
"2433","נגם",1,""
"119","נדִיָא",19,""
"2434","נדן",1,""
"2435","נו",1,""
"140","נוּ",17,""
"499","נוּט",4,""
"1048","נוּטע",2,""
"2436","נוּטען",1,""
"2437","נוּטעס",1,""
"2438","נוּטער",1,""
"500","נוּלדֶען",4,""
"2439","נון",1,""
"221","נוּן",10,""
"262","נור",8,""
"56","נוּר",55,""
"2440","ניָא",1,""
"2441","ניב",1,""
"501","ניבּ",4,""
"2442","ניבּט",1,""
"2443","נִיבְּט",1,""
"2444","ניבּסטוּ",1,""
"2445","ניגאַלֶע",1,""
"2446","נידֶערטרעכטיינען",1,""
"293","ניט",7,""
"502","נִיט",4,""
"2447","ניטינסט",1,""
"2448","ניי",1,""
"1049","נייגעריג",2,""
"2449","נייגֶערִיג",1,""
"66","ניין",42,""
"1050","נײַן",2,""
"503","נֵיין",4,""
"263","נַיין",8,""
"656","נייע",3,""
"1051","נייעס",2,""
"657","ניכ",3,""
"2450","ניכט",1,""
"658","ניע",3,""
"2451","נִיע",1,""
"2452","ניר",1,""
"16","נישט",153,""
"337","נִישט",6,""
"72","נִישְט",40,""
"2453","נךיָא",1,""
"2454","נליהען",1,""
"2455","נִמְאָס",1,""
"2456","ננב",1,""
"2457","ננוּן",1,""
"2458","נע",1,""
"2459","נעאַנטוָוארטעט",1,""
"659","נעב",3,""
"2460","נעבּיך",1,""
"2461","נֶעבִּיך",1,""
"2462","נעבּליבּען",1,""
"2463","נעבּליעכען",1,""
"2464","נעבּעך",1,""
"2465","נעבּעל",1,""
"2466","נעבּען",1,""
"2467","נעבּראַכט",1,""
"2468","נֶעבְּרֶענְגְט",1,""
"2469","נעדענק׳זְשֶע",1,""
"2470","נֶעה",1,""
"1052","נעהָאט",2,""
"2471","נעהאלפען",1,""
"1053","נעהט",2,""
"2472","נֶעהם",1,""
"1054","נעהמען",2,""
"2473","נֶעהמֶען",1,""
"2474","נעהן",1,""
"2475","נעהָערְט",1,""
"2476","נעוואלד",1,""
"2477","נעוועזען",1,""
"2478","נעחאפט",1,""
"2479","נעטראפען",1,""
"2480","נעיועזען",1,""
"2481","נעלאט",1,""
"660","נעלד",3,""
"2482","נעלוּנען",1,""
"1055","נעמט",2,""
"2483","נעמען",1,""
"2484","נעסטע",1,""
"2485","נעפפע",1,""
"2486","נעקוּמען",1,""
"2487","נערוּפען",1,""
"2488","נערירט",1,""
"2489","נֶערֶעטֶעט",1,""
"2490","נערעכט",1,""
"2491","נקמה",1,""
"2492","נראבּ",1,""
"2493","נְריין",1,""
"2494","נשמה",1,""
"2495","נִשְתַּנֶה",1,""
"1056","ס'אִיז",2,""
"2496","ס'הָאבּען",1,""
"2497","ס'וָוארט",1,""
"2498","ס'צוּגֶעהט",1,""
"2499","ס'רעךט",1,""
"2500","ס'שטעהט",1,""
"2501","סָאלדַאטְסְקִי",1,""
"2502","סאַפענדִיג",1,""
"2503","סגוּלה",1,""
"1057","סְגוּלֶה",2,""
"2504","סְגוּלָה",1,""
"2505","סדר",1,""
"2506","סודֶען",1,""
"2507","סוהר",1,""
"2508","סוחרן",1,""
"2509","סוּמע",1,""
"2510","סוּמען",1,""
"661","סוף",3,""
"2511","סטער",1,""
"2512","סימן",1,""
"2513","סע",1,""
"2514","סעקוּנדע",1,""
"2515","ספּאדעק",1,""
"2516","ספּעציָאַליסט",1,""
"1058","סֵפֶר",2,""
"2517","סְקְרִיפֶּעט",1,""
"2518","עאלט",1,""
"2519","עָבּען",1,""
"1059","עבר",2,""
"2520","עִבְרִי",1,""
"2521","עדבורה",1,""
"2522","עֵדות",1,""
"2523","עדלעס",1,""
"2524","עדעל",1,""
"1060","עֶדֶעל",2,""
"1061","עדעלמאן",2,""
"84","עדעלמאָן",33,""
"2525","עדעלקייט",1,""
"2526","עהעלמאָן",1,""
"662","עהרליכען",3,""
"2527","עהרליכעס",1,""
"2528","עהרליכקייט",1,""
"407","עוִויג",5,""
"2529","עוִויגע",1,""
"2530","עֶווִיגֶע",1,""
"2531","עוִויגען",1,""
"2532","עוִוינ",1,""
"2533","עָוִוינ",1,""
"2534","עָוִוינען",1,""
"2535","עולם",1,""
"1062","עושה",2,""
"2536","עזוּת",1,""
"2537","עזרי",1,""
"2538","עָזרי",1,""
"2539","עט",1,""
"2540","עטוָואס",1,""
"2541","עֶטְווָאס",1,""
"2542","עטויך",1,""
"2543","עטצ",1,""
"2544","עטץ",1,""
"2545","עיני",1,""
"1063","עַל",2,""
"504","עלטערן",4,""
"2546","עֶלטֶערְן",1,""
"1064","עלטערע",2,""
"2547","עָלינוּ",1,""
"408","עם",5,""
"2548","עמוד",1,""
"2549","עמוּד",1,""
"505","ענגעל",4,""
"2550","ענגשאפט",1,""
"2551","ענדִיגען",1,""
"2552","ענדִינען",1,""
"1065","ענדליך",2,""
"338","ענדע",6,""
"2553","ענטאנען",1,""
"2554","ענטגעגען",1,""
"1066","ענטגענען",2,""
"2555","ענטזָאנט",1,""
"2556","עֶנְטֵיישונְג",1,""
"2557","ענטפליהט",1,""
"2558","ענטפערן",1,""
"2559","עֶנְטְשוּלְדִיגוּנְג",1,""
"2560","ענטשוּלדִיגען",1,""
"2561","ענטשוּלדִינען",1,""
"2562","ענטשלאסען",1,""
"2563","עֶנְטְשְלָאסֶען",1,""
"31","עס",97,""
"176","עֶס",13,""
"1067","עָס",2,""
"2564","עסען",1,""
"2565","עֶסֶען",1,""
"2566","עָסען",1,""
"1068","עעמט",2,""
"2567","עענט",1,""
"2568","עֶפְטֶער",1,""
"663","עפּיס",3,""
"664","עִפִּיס",3,""
"1069","עפנען",2,""
"2569","עֶפנֶען",1,""
"2570","עֶפֶען",1,""
"1070","עֶפֶענְט",2,""
"2571","עפענען",1,""
"665","עפּעס",3,""
"2572","עצה",1,""
"2573","עֶקְסְטְרֶען",1,""
"30","ער",99,""
"2574","עֵר",1,""
"148","עֶר",16,""
"666","עָר",3,""
"2575","עֶרבַּארְמְט",1,""
"2576","ערבליקט",1,""
"2577","ערבּליקט",1,""
"2578","עֶרְגֶעבֶּען",1,""
"2579","ערגרייפֿט",1,""
"409","ערד",5,""
"1071","עֶרְד",2,""
"1072","עָרד",2,""
"2580","ערדע",1,""
"2581","ערהַאלְטען",1,""
"2582","ערוואך",1,""
"667","ערוואכט",3,""
"2583","עָרוואכע",1,""
"2584","ערוואננים",1,""
"2585","ערוואקסען",1,""
"2586","עֶרְוֶועק",1,""
"668","ערוֶוערטעט",3,""
"2587","ערזעצען",1,""
"2588","ערינערוּנג",1,""
"2589","ערינערוּנגען",1,""
"1073","ערלעבּט",2,""
"2590","ערנסט",1,""
"2591","עֶרנְסְט",1,""
"1074","ערסט",2,""
"2592","ערעלמאן",1,""
"1075","ערעלמאָן",2,""
"2593","ערפּרעָסען",1,""
"2594","ערצעהל",1,""
"1076","ערצעהלט",2,""
"2595","עֶרקָאנְט",1,""
"2596","עֶרְקְוִויקֶען",1,""
"2597","ערקלעהר",1,""
"2598","ערקלעהרט",1,""
"2599","עֶרְקְלֶעהרְט",1,""
"2600","עֶרְקְלֶעהרֶע",1,""
"1077","ערקלעהרען",2,""
"2601","ערקלערט",1,""
"2602","ערקען",1,""
"2603","עֶרקֶענְט",1,""
"264","ערשט",8,""
"294","ערשטען",7,""
"2604","ערשטער",1,""
"2605","ערשיינט",1,""
"2606","ערשראקען",1,""
"2607","ערשרעקט",1,""
"2608","עשירות",1,""
"2609","פא",1,""
"2610","פּא",1,""
"2611","פּאוואַלֶע",1,""
"2612","פֵּאות",1,""
"102","פאטער",23,""
"265","פאַטער",8,""
"2613","פֶאטֶער",1,""
"2614","פַאטֶער",1,""
"190","פָאטֶער",12,""
"2615","פַאל",1,""
"2616","פָאלְגֶען",1,""
"2617","פאלט",1,""
"2618","פאַלט",1,""
"669","פֿאַלט",3,""
"2619","פּאליציי",1,""
"2620","פאלֶען",1,""
"2621","פאַלֶען",1,""
"2622","פַאלֶען",1,""
"2623","פאלקאמען",1,""
"2624","פאָלקסשטיק",1,""
"2625","פאלשהייט",1,""
"2626","פאלשהיייט",1,""
"670","פאלשע",3,""
"1078","פאמיליע",2,""
"2627","פאַנגט",1,""
"2628","פֿאַנגט",1,""
"2629","פאנטאזִיע",1,""
"2630","פאַנטאזִיע",1,""
"2631","פאסירענדִיג",1,""
"2632","פּאפּאוואַלֶע",1,""
"2633","פאפיער",1,""
"2634","פאַפיער",1,""
"506","פּאפּיער",4,""
"2635","פּאק",1,""
"2636","פאָקט",1,""
"2637","פַּאקְט",1,""
"47","פאר",60,""
"88","פאַר",30,""
"2638","פאָר",1,""
"161","פַאר",14,""
"2639","פָאר",1,""
"2640","פּאר",1,""
"2641","פֿאַר",1,""
"2642","פַּארַאדִיז",1,""
"2643","פאראִיבֶּערנעהֶענְד",1,""
"2644","פַארְבָּארְגֶען",1,""
"2645","פארבּרייטען",1,""
"2646","פארגֶעהֶען",1,""
"2647","פָארְגֶעלֶעזֶען",1,""
"2648","פארגענוּמען",1,""
"2649","פַארְגֶעס",1,""
"2650","פארגעצוינען",1,""
"2651","פארגעשטעלט",1,""
"1079","פארהאנג",2,""
"2652","פארהאַנג",1,""
"2653","פַארווָאס",1,""
"2654","פאָרוִוירפע",1,""
"2655","פאָרזָאל",1,""
"2656","פַארטִיג",1,""
"2657","פָארְלֶעזֶען",1,""
"2658","פארם",1,""
"2659","פארניפּלוישט",1,""
"1080","פארשטעלוּנג",2,""
"410","פהיליפּ",5,""
"2660","פובליקוּם",1,""
"2661","פּויק",1,""
"671","פוּל",3,""
"52","פון",57,""
"43","פוּן",71,""
"672","פֿון",3,""
"1081","פֿוּן",2,""
"2662","פוּנ'ם",1,""
"2663","פוּנים",1,""
"2664","פּוּנְקְט",1,""
"1082","פוּס",2,""
"2665","פּטוּר",1,""
"2666","פיהל",1,""
"2667","פִיהל",1,""
"673","פיהלע",3,""
"2668","פיהלען",1,""
"2669","פִיהלֶען",1,""
"2670","פיהר",1,""
"674","פיהרט",3,""
"2671","פּיהרט",1,""
"2672","פֿיהרט",1,""
"507","פיהרער",4,""
"2673","פִיהרֶער",1,""
"2674","פֵייוִויש",1,""
"2675","פּיימ'על",1,""
"2676","פיינד",1,""
"1083","פייער",2,""
"2677","פייעריגע",1,""
"2678","פייערינע",1,""
"675","פילייכט",3,""
"676","פִילֵייכְט",3,""
"2679","פינדעט",1,""
"1084","פינסטער",2,""
"2680","פינסטערניס",1,""
"2681","פִינְסְטֶערְנִיס",1,""
"2682","פינסטערניש",1,""
"677","פינף",3,""
"1085","פיס",2,""
"2683","פִיס",1,""
"2684","פִּיסְק",1,""
"411","פיעל",5,""
"2685","פִיעל",1,""
"2686","פיעלע",1,""
"2687","פיער",1,""
"2688","פיערטער",1,""
"177","פיר",13,""
"2689","פִיר",1,""
"2690","פירכטען",1,""
"61","פישל",48,""
"2691","פְישְלֶען",1,""
"2692","פִישְלֶען",1,""
"222","פישעל",10,""
"2693","פֿישעל",1,""
"2694","פּלאטע",1,""
"2695","פְּלֵאטְצֶען",1,""
"2696","פּלאטקע",1,""
"2697","פּלאָן",1,""
"2698","פְּלַאן",1,""
"2699","פּלאנע",1,""
"2700","פּלאנען",1,""
"1086","פּלוּצים",2,""
"2701","פֿליהט",1,""
"2702","פּלייצע",1,""
"2703","פּלייצעס",1,""
"2704","פליעסען",1,""
"2705","פלעגעריז",1,""
"1087","פּלעהנע",2,""
"2706","פלעטעל",1,""
"1088","פלעצליך",2,""
"678","פּלעצליך",3,""
"2707","פְּלֶעצְלִיך",1,""
"2708","פּלעצליכעס",1,""
"2709","פּלעצליכער",1,""
"1089","פלעשיל",2,""
"1090","פּנים",2,""
"2710","פסח",1,""
"679","פּסח",3,""
"2711","פעדֶער",1,""
"339","פעהלט",6,""
"1091","פֶעהלְט",2,""
"2712","פעהלסטוּ",1,""
"508","פעהלען",4,""
"1092","פעטער",2,""
"680","פֶעטֶער",3,""
"1093","פּעטש",2,""
"2713","פענסטער",1,""
"2714","פּעסעלע",1,""
"2715","פעפער'ן",1,""
"681","פער",3,""
"682","פעראִיבּעל",3,""
"2716","פערבּאטען",1,""
"2717","פערבּיינענאנגען",1,""
"2718","פערבּרענט",1,""
"2719","פערגיעסען",1,""
"2720","פערגניגען",1,""
"2721","פערגעטערט",1,""
"2722","פערגעטערע",1,""
"2723","פערגעס",1,""
"683","פערגעסט",3,""
"340","פערגעסען",6,""
"1094","פערד",2,""
"684","פערדַאנְקען",3,""
"685","פערדִיענט",3,""
"1095","פערדֶערבּען",2,""
"2724","פערדרעהט",1,""
"1096","פערוָואלטער",2,""
"341","פערוואַנדלונג",6,""
"2725","פערוואַנדלוּנג",1,""
"2726","פערוואנדעלסטוּ",1,""
"2727","פערוִוייטערען",1,""
"2728","פערוִוירט",1,""
"2729","פֶערְוֶועהרֶען",1,""
"2730","פּערזאנען",1,""
"2731","פערזָארנט",1,""
"2732","פערזִיכערוּנג",1,""
"686","פערטיג",3,""
"1097","פערטינ",2,""
"2733","פערלאבּוּנגען",1,""
"2734","פֿערלאַג",1,""
"412","פערלאט",5,""
"1098","פערלַאנְג",2,""
"2735","פערלאננסט",1,""
"2736","פערלארען",1,""
"509","פערלוירען",4,""
"2737","פערליהרען",1,""
"2738","פֿערלייגען",1,""
"2739","פערליימדעט",1,""
"1099","פערליינט",2,""
"413","פערליעבּט",5,""
"1100","פערליעבּען",2,""
"2740","פערליערען",1,""
"2741","פֶערְלִיערֶען",1,""
"2742","פערמעגען",1,""
"2743","פֶערְמֶעגֶען",1,""
"1101","פערמענען",2,""
"2744","פערנאכלעסיגע",1,""
"2745","פערנאנגענהייט",1,""
"2746","פערנוּמען",1,""
"2747","פערניפטעט",1,""
"2748","פֶערְנֶע",1,""
"2749","פערסמאַלֶעט",1,""
"2750","פערפאלנט",1,""
"2751","פערפאלנען",1,""
"2752","פערפיהרטער",1,""
"2753","פערפינוּנג",1,""
"2754","פערפלוּכטען",1,""
"2755","פערפלוּכטעס",1,""
"2756","פערפלוּכטער",1,""
"2757","פערפליכטעט",1,""
"2758","פערצוִוייפעלט",1,""
"2759","פערצייהען",1,""
"2760","פערציכטען",1,""
"2761","פערצעהרענד",1,""
"2762","פערקויפט",1,""
"2763","פערקויפען",1,""
"2764","פערקעהרט",1,""
"2765","פערקרענקען",1,""
"2766","פערר",1,""
"2767","פערראטען",1,""
"2768","פערשוואוּּנדע",1,""
"2769","פערשוואוּנדֶען",1,""
"2770","פערשוִוינדֶען",1,""
"2771","פֶערְשְוִוינְדֶען",1,""
"2772","פערשטאנד",1,""
"2773","פערשטאנדֶען",1,""
"2774","פערשטאנען",1,""
"2775","פערשטייט",1,""
"2776","פערשטימט",1,""
"342","פערשטעה",6,""
"2777","פֶערְשְטֶעה",1,""
"510","פערשטעהט",4,""
"1102","פערשטעהן",2,""
"2778","פֶערְשְטֶעהסְט",1,""
"2779","פערשטעהען",1,""
"2780","פערשטעלוּנג",1,""
"2781","פערשטעקט",1,""
"2782","פֿערשטעקט",1,""
"2783","פערשיעדענע",1,""
"1103","פֶערְשִיעדֶענֶע",2,""
"2784","פערשפּראכען",1,""
"687","פּפליכט",3,""
"2785","פּראבּע",1,""
"2786","פּראַבּע",1,""
"2787","פראגע",1,""
"2788","פּראפעסאד",1,""
"688","פראָפֿעסאָר",3,""
"178","פּראפעסאר",13,""
"2789","פּראפעסאַר",1,""
"1104","פּראצענטניק",2,""
"2790","פּראָצענטניק",1,""
"295","פרוי",7,""
"2791","פרויענ",1,""
"1105","פרויען",2,""
"2792","פֿרויען",1,""
"1106","פרוּם",2,""
"2793","פרוּמע",1,""
"2794","פְרוּמֶע",1,""
"2795","פריהלינגס",1,""
"689","פריהעָר",3,""
"296","פריהֶער",7,""
"1107","פְריהֶער",2,""
"2796","פריהֶערֶען",1,""
"1108","פריי",2,""
"1109","פְרֵייא",2,""
"266","פריידָאַלֶע",8,""
"2797","פֿריידָאַלֶעאלטעריל",1,""
"2798","פריידאלען",1,""
"149","פריידע",16,""
"2799","פְרֵיידֶע",1,""
"2800","פֿריידע",1,""
"2801","פריידעדע",1,""
"67","פריידעלע",42,""
"1110","פְרֵיידֶעלֶע",2,""
"2802","פְרַיידֶעלֶע",1,""
"2803","פֿריידעלע",1,""
"2804","פריידעלען",1,""
"2805","פְרֵיידֶעלֶען",1,""
"2806","פרייוִויליג",1,""
"2807","פרייט",1,""
"2808","פְרֵייט",1,""
"2809","פרייליך",1,""
"343","פריינד",6,""
"2810","פְרֵיינְד",1,""
"1111","פריינדע",2,""
"2811","פרייע",1,""
"2812","פרייעט",1,""
"344","פרייען",6,""
"2813","פריעדהאף",1,""
"2814","פריער",1,""
"2815","פֿריער",1,""
"2816","פריש",1,""
"2817","פְרִישְטִיק",1,""
"2818","פרישע",1,""
"690","פרעג",3,""
"691","פרעגט",3,""
"2819","פְרֶעגֶט",1,""
"1112","פרעגען",2,""
"2820","פרֶעגֶען",1,""
"1113","פרעהליך",2,""
"2821","פרעכטיגער",1,""
"2822","פרעכער",1,""
"414","פרעמד",5,""
"692","פרענט",3,""
"2823","פרענסט",1,""
"1114","פרענען",2,""
"2824","פרענקט",1,""
"2825","פְרֶעסְט",1,""
"2826","פרעסער",1,""
"2827","פשעמישל",1,""
"2828","צאהל",1,""
"2829","צאָהלט",1,""
"2830","צאהלען",1,""
"2831","צארטע",1,""
"2832","צארן",1,""
"2833","צדק",1,""
"76","צו",38,""
"27","צוּ",102,""
"2834","צוּא",1,""
"1115","צואָה",2,""
"2835","צוגֶעהן",1,""
"2836","צוּגענוּמען",1,""
"2837","צוּגעקוּקט",1,""
"2838","צוּגעשפּרינגען",1,""
"2839","צְווַאר",1,""
"2840","צוִויבעל",1,""
"415","צוִויי",5,""
"2841","צוִוייטע",1,""
"1116","צוִוייטען",2,""
"2842","צְוֵוייטֶער",1,""
"2843","צוִויינגען",1,""
"2844","צוִוייפעלסטוּ",1,""
"345","צוִוישען",6,""
"1117","צוֶועלף",2,""
"2845","צוֶועק",1,""
"1118","צוזָאמען",2,""
"2846","צוזָאַמען",1,""
"2847","צוּזַאמֶען",1,""
"1119","צוּזָאמען",2,""
"2848","צויגט",1,""
"1120","צוּליעבּ",2,""
"346","צום",6,""
"111","צוּם",20,""
"2849","צוּמָאלְס",1,""
"2850","צוּנאמען",1,""
"511","צוּפאל",4,""
"1121","צוּפאַל",2,""
"2851","צוּקוּנפט",1,""
"2852","צוּקוּנפטיגע",1,""
"2853","צוּקֶער",1,""
"1122","צור",2,""
"2854","צוּר",1,""
"2855","צוּריבּען",1,""
"416","צוריק",5,""
"347","צוּריק",6,""
"1123","צוּרִיק",2,""
"693","צוּשטאנד",3,""
"2856","צי",1,""
"2857","ציהע",1,""
"694","ציטערט",3,""
"2858","ציטערן",1,""
"1124","ציטערסטוּ",2,""
"1125","ציטערענד",2,""
"2859","צייגט",1,""
"417","צייט",5,""
"2860","צֵייט",1,""
"695","צַייט",3,""
"2861","ציילען",1,""
"2862","ציינען",1,""
"2863","צִימֶעס",1,""
"418","צימער",5,""
"696","צינאַלֶע",3,""
"2864","צינד",1,""
"1126","צינעלע",2,""
"1127","צִיעג",2,""
"2865","ציעגאַלֶע",1,""
"1128","צִיענ",2,""
"2866","צִיפִּינִיש",1,""
"2867","צִיפֶּעט",1,""
"1129","צעבּראכענע",2,""
"2868","צעהלען",1,""
"2869","צעטרעטען",1,""
"2870","צענאנגען",1,""
"2871","צענערס",1,""
"2872","צעפּ",1,""
"2873","צערבּראכען",1,""
"2874","צערייסט",1,""
"2875","צערמאניע",1,""
"2876","צערפלאסען",1,""
"2877","צערשטערען",1,""
"2878","צרה",1,""
"2879","צרות",1,""
"2880","ק",1,""
"2881","קאבּ",1,""
"2882","קאהלען",1,""
"223","קאהר",10,""
"1130","קאָהר",2,""
"1131","קאטץ",2,""
"2883","קאליסען",1,""
"2884","קאמעדִיע",1,""
"1132","קאמפּאזִיציע",2,""
"2885","קאָמפאניערט",1,""
"2886","קאַן",1,""
"2887","קאָן",1,""
"512","קָאן",4,""
"2888","קאנט",1,""
"2889","קאנסט",1,""
"2890","קאנסטוּ",1,""
"2891","קאָסט",1,""
"2892","קָאסְט",1,""
"2893","קָאסְטֶען",1,""
"2894","קאסירער",1,""
"2895","קאפ",1,""
"348","קאפּ",6,""
"2896","קאַפּ",1,""
"1133","קָאפּ",2,""
"2897","קאפּעליש",1,""
"513","קאפּף",4,""
"2898","קבּען",1,""
"2899","קבּצן",1,""
"2900","קבצנים",1,""
"2901","קבּצניש",1,""
"1134","קבצנישע",2,""
"2902","קבּצנישע",1,""
"2903","קֵבֶר",1,""
"2904","קדוּשין",1,""
"2905","קדִיש",1,""
"2906","קודֶם",1,""
"2907","קודס",1,""
"2908","קוִויטשט",1,""
"2909","קוֶועהלען",1,""
"2910","קוֶועלע",1,""
"2911","קויל",1,""
"697","קוים",3,""
"2912","קויפלייטע",1,""
"2913","קויפען",1,""
"1135","קוליסען",2,""
"349","קוּם",6,""
"237","קומט",9,""
"120","קוּמט",19,""
"514","קוּמְט",4,""
"297","קוּמען",7,""
"2914","קומענד",1,""
"2915","קוּמענד",1,""
"1136","קוּנסט",2,""
"1137","קוּק",2,""
"1138","קוקט",2,""
"698","קוּקט",3,""
"1139","קוּקְט",2,""
"1140","קוּקֶען",2,""
"2916","קורירט",1,""
"2917","קורִירט",1,""
"2918","קורִירְט",1,""
"2919","קוּרירען",1,""
"1141","קוּרץ",2,""
"2920","קוּרצע",1,""
"2921","קוּרְצֶע",1,""
"2922","קוּש",1,""
"2923","קי",1,""
"2924","קייזער",1,""
"141","קיין",17,""
"419","קֵיין",5,""
"1142","קַיין",2,""
"1143","קיינמאל",2,""
"2925","קיינע",1,""
"2926","קֵיינֶע",1,""
"2927","קיינעם",1,""
"2928","קֵיינֶעם",1,""
"699","קיינער",3,""
"2929","קֵיינֶער",1,""
"2930","קייסערטע",1,""
"2931","קילעס",1,""
"77","קינד",38,""
"350","קִינְד",6,""
"2932","קינדהייט",1,""
"2933","קִינְדִיש",1,""
"2934","קינדִישען",1,""
"1144","קינדער",2,""
"298","קינדֶער",7,""
"2935","קִינדֶער",1,""
"1145","קִינְדֶער",2,""
"2936","קינך'ס",1,""
"2937","קיסט",1,""
"2938","קִיש",1,""
"191","קישט",12,""
"2939","קישעלע",1,""
"420","קישען",5,""
"515","קִישֶען",4,""
"2940","קכצן",1,""
"2941","קכר",1,""
"2942","קְלָאג",1,""
"2943","קְלָאהר",1,""
"2944","קלאפּט",1,""
"2945","קלוּנער",1,""
"2946","קליידֶער",1,""
"2947","קליינינקייט",1,""
"2948","קליינענקי",1,""
"2949","קליפּה",1,""
"2950","קנות",1,""
"2951","קניָאַש",1,""
"2952","קנייךלעך",1,""
"421","קניעט",5,""
"2953","קניען",1,""
"2954","קניענט",1,""
"150","קען",16,""
"351","קֶען",6,""
"1146","קענט",2,""
"2955","קעָנסטוּ",1,""
"2956","קענעל",1,""
"238","קענען",9,""
"2957","קֶענֶען",1,""
"2958","קֶעסְט",1,""
"2959","קעשענע",1,""
"1147","קראנץ",2,""
"700","קראנק",3,""
"1148","קראַנקע",2,""
"1149","קְרַאנְקֶע",2,""
"2960","קראעטוּר",1,""
"2961","קראעץ",1,""
"2962","קרוין",1,""
"1150","קְרֵייטֶער",2,""
"1151","קריכט",2,""
"2963","קריכסטוּ",1,""
"1152","קריכען",2,""
"2964","קריענעלע",1,""
"1153","קריפּעל",2,""
"2965","קְרֶעכְץ",1,""
"1154","קרענציל",2,""
"2966","קרענק",1,""
"1155","קרענקט",2,""
"2967","קרענקעלע",1,""
"1156","קרענקען",2,""
"1157","קשיָא",2,""
"224","ר",10,""
"207","ר'",11,""
"1158","ראא",2,""
"239","ראזא",9,""
"100","ראַזַא",26,""
"2968","ראָזא",1,""
"516","ראָזָא",4,""
"2969","ראָזָאָ",1,""
"2970","רָאזַא",1,""
"2971","ראַזַא'ן",1,""
"2972","ראזע",1,""
"1159","ראָזע",2,""
"2973","ראנא",1,""
"2974","ראנא'ן",1,""
"2975","ראָפ",1,""
"2976","ראפגעלאזט",1,""
"2977","ראשית",1,""
"2978","ראשען",1,""
"2979","רבּה",1,""
"2980","רבּונו",1,""
"1160","רבּי",2,""
"2981","רבּש'ע",1,""
"701","רבּש״ע",3,""
"2982","רבּשיע",1,""
"2983","רבשע",1,""
"1161","רבּשע",2,""
"2984","רהאנג",1,""
"2985","רוהע",1,""
"2986","רוּהע",1,""
"2987","רוּח",1,""
"2988","רוּחַ",1,""
"2989","רויבּט",1,""
"2990","רויס",1,""
"1162","רוּם",2,""
"1163","רוּף",2,""
"2991","רופא",1,""
"1164","רופט",2,""
"702","רוּפט",3,""
"2992","רוּפֿט",1,""
"703","רוּפען",3,""
"2993","רייזע",1,""
"1165","רייך",2,""
"2994","רייכט",1,""
"2995","רייכטהום",1,""
"704","רייכטהוּם",3,""
"2996","רייכע",1,""
"1166","רייכען",2,""
"1167","ריין",2,""
"2997","רייסט",1,""
"2998","רייסען",1,""
"2999","רייץ",1,""
"3000","רינען",1,""
"3001","רִיפֶּעט",1,""
"3002","ריקאַלֶע",1,""
"3003","ריקפאל",1,""
"3004","רס",1,""
"1168","רע",2,""
"705","רעד",3,""
"3005","רעדסט",1,""
"3006","רעדסטוּ",1,""
"3007","רעדע",1,""
"299","רעדֶען",7,""
"1169","רֶעדֶען",2,""
"3008","רֶעזִיקִירְט",1,""
"1170","רעטעט",2,""
"1171","רעטען",2,""
"3009","רֶעטֶען",1,""
"3010","רעטענדֶער",1,""
"352","רעכט",6,""
"1172","רעךט",2,""
"3011","רעךסטוּ",1,""
"3012","רעכענדֶער",1,""
"422","רְפוּאָה",5,""
"3013","ש",1,""
"3014","שאו",1,""
"3015","שאַן",1,""
"3016","שאָן",1,""
"3017","שאַנטאָקטע",1,""
"353","שדוּך",6,""
"3018","שִדוּך",1,""
"3019","שדכן",1,""
"3020","שדכנות",1,""
"3021","שוואגער",1,""
"1173","שוואך",2,""
"3022","שוואַך",1,""
"3023","שוואכעם",1,""
"3024","שוואכעס",1,""
"3025","שוואנער",1,""
"3026","שוִוייג",1,""
"3027","שוִוייגסט",1,""
"3028","שוִוייגען",1,""
"3029","שוִויינט",1,""
"3030","שוִויינע",1,""
"3031","שוֶועהר",1,""
"86","שוועסטער",31,""
"3032","שְוועסְטֶער",1,""
"3033","שְוֶועסְטֶער",1,""
"1174","שוועסטערס",2,""
"3034","שוועסטערקינד",1,""
"3035","שוֶוער",1,""
"706","שְוֶוער",3,""
"1175","שוֶוערע",2,""
"1176","שוֶוערען",2,""
"3036","שוֶוערץ",1,""
"1177","שוֶוערצער",2,""
"3037","שְוַוערְצֶער",1,""
"3038","שוטצענגעל",1,""
"53","שוין",56,""
"3039","שוינשטיקען",1,""
"3040","שוּלד",1,""
"517","שוּלדִיג",4,""
"3041","שונאִים",1,""
"3042","שוּצענגעל",1,""
"3043","שורקע",1,""
"1178","שוּרקע",2,""
"3044","שוּרקעריי",1,""
"3045","שוּשקען",1,""
"3046","שטאאאָ",1,""
"3047","שטאלץ",1,""
"3048","שטאנד",1,""
"3049","שטאַר",1,""
"707","שטארק",3,""
"3050","שטאָרק",1,""
"3051","שטארקען",1,""
"3052","שטוב",1,""
"1179","שטוּב",2,""
"3053","שטוּבּ",1,""
"3054","שטויגען",1,""
"1180","שטוינען",2,""
"3055","שטויסט",1,""
"1181","שטונדע",2,""
"708","שטוּנדע",3,""
"3056","שטייט",1,""
"1182","שטיין",2,""
"1183","שטיינער",2,""
"423","שטיל",5,""
"3057","שְטִיל",1,""
"3058","שטילע",1,""
"3059","שְטִילֶע",1,""
"3060","שטילער",1,""
"3061","שטילערהייט",1,""
"709","שטימע",3,""
"1184","שטיעבּ",2,""
"1185","שטיצע",2,""
"3062","שְטִיצֶע",1,""
"3063","שטיק",1,""
"3064","שטיקאַלֶע",1,""
"3065","שְטִיקֶעל",1,""
"3066","שְטִיקֶען",1,""
"1186","שטירצט",2,""
"1187","שטירצען",2,""
"3067","שָטָן'ס",1,""
"1188","שְטֶעה",2,""
"710","שטעהט",3,""
"3068","שְטֶעהט",1,""
"711","שטעהן",3,""
"3069","שטעהען",1,""
"3070","שטעהעָן",1,""
"3071","שטעטס",1,""
"3072","שטעל",1,""
"1189","שטעלען",2,""
"3073","שטענדִיגער",1,""
"3074","שטענע",1,""
"3075","שטעקט",1,""
"3076","שטְֶערֶען",1,""
"3077","שטערקען",1,""
"3078","שטראהלט",1,""
"3079","שטראף",1,""
"3080","שטראפע",1,""
"3081","שְטְרַיימֶעל",1,""
"3082","שטריקעלע",1,""
"3083","שטש",1,""
"3084","שידך",1,""
"1190","שיידֶען",2,""
"3085","שֵיידֶען",1,""
"3086","שיין",1,""
"3087","שיינט",1,""
"3088","שיינסט",1,""
"3089","שיינעם",1,""
"3090","שימפּפען",1,""
"3091","שיקט",1,""
"3092","שיקען",1,""
"3093","שכל",1,""
"3094","של",1,""
"3095","שלאגט",1,""
"3096","שלאגסטוּ",1,""
"712","שלאגען",3,""
"3097","שלאָגען",1,""
"3098","שְלָאף",1,""
"3099","שְלָאפֶען",1,""
"3100","שָלוחַ",1,""
"3101","שלוכצענד",1,""
"1191","שליח",2,""
"3102","שְלִיחָות",1,""
"3103","שלים",1,""
"3104","שלימלדִיגער",1,""
"3105","שלינגט",1,""
"3106","שלעכט",1,""
"3107","שלעפט",1,""
"1192","שם",2,""
"3108","שמהה",1,""
"3109","שמו",1,""
"3110","שְמוּסְט",1,""
"713","שמחה",3,""
"3111","שִמְחָה",1,""
"1193","שמים",2,""
"3112","שְמֶך",1,""
"3113","שמערצען",1,""
"3114","שנארער",1,""
"1194","שנעל",2,""
"424","שעה",5,""
"3115","שעהנ",1,""
"518","שעהן",4,""
"3116","שעהנהייט",1,""
"3117","שעהנסטע",1,""
"714","שעהנע",3,""
"3118","שעהנעם",1,""
"3119","שעהנענקער",1,""
"1195","שעהנער",2,""
"3120","שִעוּר",1,""
"3121","שעלטען",1,""
"3122","שעמסט",1,""
"3123","שענדליכען",1,""
"3124","שענדליכער",1,""
"1196","שענקט",2,""
"715","שפּאניען",3,""
"3125","שפּאניענס",1,""
"3126","שפאנישע",1,""
"3127","שפאנישען",1,""
"3128","שפאנישער",1,""
"3129","שפּאס",1,""
"1197","שפּאַס",2,""
"3130","שפּאציערען",1,""
"3131","שפוך",1,""
"519","שְפוך",4,""
"3132","שפּוּר",1,""
"3133","שפּיטאַל",1,""
"3134","שפּיענעל",1,""
"3135","שפּיענעלע",1,""
"3136","שפעטיש",1,""
"3137","שפּעטיש",1,""
"3138","שפעטער",1,""
"225","שפּעטער",10,""
"3139","שפּעסעלע",1,""
"3140","שפּראכע",1,""
"3141","שפּרינגסט",1,""
"3142","שפּרינגען",1,""
"3143","שקלאווע",1,""
"520","שקר",4,""
"3144","שרויט",1,""
"3145","שריט",1,""
"3146","שריַיַבּען",1,""
"300","שרייט",7,""
"3147","שרייסטוּ",1,""
"3148","שרינען",1,""
"3149","שריפט",1,""
"521","שרעק",4,""
"3150","שרעקט",1,""
"716","שרעקליך",3,""
"3151","שְרֶעקְלִיך",1,""
"3152","תּאִים",1,""
"3153","תּכריכים",1,""
"3154","תּנאִים",1,""
