"","WORD","FREQ"
"1"," ",11786
"1192"," ּ",1
"302","  ",6
"1193","   ",1
"1194","     ",1
"85","-",31
"24","—",105
"108","⸗",20
"2",",",764
"152",";",15
"4",":",636
"6","!",375
"7","?",292
"3",".",637
"727","‘",2
"1195","“",1
"8","(",235
"9",")",233
"1196","00",1
"1197","033",1
"1198","1000",1
"728","12",2
"303","13",6
"1199","14",1
"1200","15",1
"530","16",3
"1201","17",1
"1202","1908",1
"531","2",3
"532","22",3
"729","23",2
"1203","25",1
"1204","27",1
"730","28",2
"731","3",2
"732","33",2
"733","34",2
"1205","35",1
"1206","37",1
"1207","38",1
"533","4",3
"534","43",3
"1208","44",1
"1209","45",1
"1210","5",1
"734","50",2
"357","5000",5
"735","53",2
"1211","55",1
"1212","59",1
"1213","60",1
"1214","7",1
"1215","8",1
"1216","9",1
"133","א",17
"11","אַ",230
"124","אָ",18
"1217","א.ז",1
"1218","אאָ",1
"1219","אאָקען",1
"192","אב",11
"243","אַב",8
"193","אָב",11
"209","אָבּ",10
"1220","אָבּגֶנוּמֶען",1
"736","אָבּגֶעבֶּען",2
"737","אָבּוואהל",2
"1221","אַבּי",1
"1222","אַבֵּי",1
"535","אַבִּיסֶעל",3
"1223","אָבֶּןאנען",1
"58","אָבֶּער",51
"304","אָבֶּער",6
"1224","אַבּערגְלויבֶּען",1
"1225","אָבּצוּקויפען",1
"1226","אָבּקויפען",1
"1227","אַבְּשִיער",1
"1228","אָדער",1
"267","אָדעֶר",7
"1229","אַדרבּה",1
"1230","אַה",1
"134","אָה",17
"536","אַהֵיים",3
"427","אַהין",4
"1231","אַהינגֶעהן",1
"143","אָהן",16
"738","אָהנע",2
"739","אַהעָר",2
"305","אַהֶער",6
"1232","אָהרען",1
"1233","אואונטע",1
"1234","אוָואס",1
"1235","אוֵוייסְ",1
"537","אוֶועק",3
"740","אַוֶועק",2
"1236","אוופטריט",1
"77","אוי",37
"741","אוֹי",2
"428","אויבּ",4
"1237","אויבּען",1
"1238","אויג",1
"81","אויגֶען",36
"538","אויגענבּליק",3
"1239","אויגענליכט",1
"1240","אויגענקראנקהייט",1
"70","אויך",40
"358","אויךְ",5
"742","אוים",2
"743","אוינ",2
"1241","אוינען",1
"153","אוינֶען",15
"539","אוינענבּליק",3
"1242","אוינענקראנקהייט",1
"125","אויס",18
"1243","אויסאגען",1
"1244","אויסְבְּלֵייבֶּען",1
"540","אויסגֶעהאפּט",3
"1245","אויסְגֶעוֶועהלְט",1
"744","אויסְגֶעזֶעהן",2
"1246","אויסגעלאט",1
"1247","אויסגעלאָןט",1
"1248","אויסְגֶעלאסֶענֶע",1
"1249","אויסְגֶעלַאסֶענֶע",1
"1250","אויסְגֶעלַאסֶענֶער",1
"1251","אויסגעלייוט",1
"1252","אויסגעפוצט",1
"1253","אויסגעקראצט",1
"1254","אויסְגֶעשְטְרֶעְקְט",1
"1255","אויסְגֶעשְרִיען",1
"541","אויסחאפּען",3
"1256","אויסחאפּעניש",1
"1257","אויסלָאזֶען",1
"1258","אויסְמָאהלֶען",1
"1259","אויסניצען",1
"1260","אויסס",1
"745","אויסער",2
"1261","אויסֶערְוֶועהלְט",1
"1262","אויסרייסען",1
"1263","אויסרעדֶען",1
"1264","אויפ",1
"38","אויף",81
"746","אויפְגֶעהֶערְט",2
"1265","אויפגעכאפּט",1
"1266","אויפגערענט",1
"1267","אויפגעשטאנען",1
"1268","אויפהֶערֶען",1
"113","אויפטריט",19
"747","אויפֿטריט",2
"1269","אויפטרעטען",1
"748","אויפרעגוּנג",2
"1270","אויפרעגען",1
"1271","אויקרוּפען",1
"210","אוּם",10
"1272","אומארמונג",1
"542","אומארמט",3
"749","אוּמאַרמען",2
"1273","אוּמגליק",1
"1274","אוּמגעוֶוערפען",1
"750","אונ",2
"144","און",16
"10","אוּן",232
"1275","אוּנאַנגענעהם",1
"154","אוּנְגְלִיק",15
"1276","אוּנְגְלִיקְלִיג",1
"543","אוּנְגְלִיקליך",3
"1277","אוּנְגְלִיקליךְ",1
"1278","אוּנְגְלִיקְלִיך",1
"1279","אוּנְגְלִיקליכען",1
"1280","אוּנְגְלִיקְלִיכֶען",1
"1281","אוּנְגְלִיקליכעס",1
"1282","אוּנְגלִיקְלִיכֶער",1
"429","אוּנְגְלִיקליכער",4
"1283","אוּנְגְלִיקְלִיכֶער",1
"751","אוּנְהֵיילְבַּאר",2
"1284","אונְז",1
"135","אוּנְז",17
"126","אוּנְזער",18
"1285","אוּנְזעֶר",1
"1286","אוּנְזעֶרן",1
"1287","אוּנְזערע",1
"752","אוּנְזעֶרֶע",2
"268","אונטער",7
"1288","אוּנטערזוּכוּנג",1
"1289","אונטערנדעכענד",1
"1290","אונטערשרייבט",1
"1291","אוּנטערשרייבּען",1
"1292","אונטערשריעבּען",1
"1293","אוּנטערשריעבּען",1
"1294","אונטערשריפט",1
"1295","אוּנכאפּען",1
"1296","אונמאכט",1
"1297","אוּנמעכטיג",1
"1298","אונמענליך",1
"1299","אוּנס",1
"1300","אוּנערפארענעס",1
"1301","אונצופריעדענער",1
"430","אוּנרעכט",4
"753","אונשוּלד",2
"1302","אוּנשוּלד",1
"1303","אונשוּלדִיג",1
"1304","אונשוּלדִיגען",1
"1305","אונשוּלדִיגעס",1
"1306","אוּרזָאכע",1
"59","אַז",51
"97","אַזַא",26
"1307","אַזַאַ",1
"1308","אָזָאַ",1
"34","אַזוי",89
"1309","אַזויפְיעל",1
"544","אָט",3
"1310","אַטען",1
"359","אִי",5
"1311","אַיָא",1
"177","אִיבֶּער",12
"754","אִיבֶּערַאל",2
"1312","אִיבֶּערגעזִינגען",1
"1313","אִיבֶּערדָאשט",1
"755","אֵיבּערהוֹיפּט",2
"756","אִיבֶּערלָאזֶען",2
"757","אִיבֶּערְלֶעגְט",2
"1314","אִיבֶּערְלֶעגֶן",1
"1315","אִיבֶּערְלֶעגֶע",1
"1316","אִיבֶּערְלֶעגֶען",1
"1317","אִיבֶּערנאַנג",1
"1318","אִיבֶּערצוּקוּמען",1
"1319","אִיבערציהֶער",1
"758","אִיבֶּערציינט",2
"1320","אִיבֶּערציינע",1
"1321","אִיבֶּערקוּמען",1
"1322","אִיבֶּערקעהרט",1
"1323","אִיבֶּערקעהרען",1
"1324","אִיבֶּערראשט",1
"1325","אִיבּרינענס",1
"1326","אִיה",1
"1327","אִיה'ש",1
"1328","איהם",1
"37","אִיהם",85
"545","איהר",3
"15","אִיהר",155
"1329","איהרע",1
"194","אִיהרע",11
"759","אִיהרען",2
"12","אִיז",198
"760","אִיזט",2
"1330","אִייבּיג",1
"1331","אִייבּערשטער",1
"1332","אִייגאַ",1
"761","אַייגֶען",2
"1333","אֵייגֶענֶען",1
"1334","אֵיידֶעם",1
"546","אִיידֶער",3
"1335","אַייזען",1
"1336","אִייזער",1
"48","אַייך",58
"1337","איין",1
"360","אֵיין",5
"35","אַיין",88
"1338","אַיינבּיינען",1
"1339","אִיינגעוִויקעלטען",1
"1340","אַיינגֶערֶעדְט",1
"1341","אַיינדרוּק",1
"1342","אִיינהַאלְטען",1
"1343","אַיינווענדֶען",1
"1344","אִיינזֶעהן",1
"762","אַיינִינֶע",2
"1345","אִיינסיי",1
"114","אַיינע",19
"763","אַיינעם",2
"547","אַיינען",3
"1346","אַיינענטהימער",1
"764","אַיינענע",2
"1347","אַיינענער",1
"765","אַיינער",2
"1348","אַיינְפַאכֶע",1
"1349","אִיינציג",1
"1350","אַיינציג",1
"1351","אִיינצינע",1
"1352","אִיינצינער",1
"115","אֵייעֶר",19
"1353","אַייעֶר",1
"548","אֵייעֶרע",3
"1354","אֵייעֶרֶע",1
"1355","אַייעֶרֶע",1
"5","אִיך",384
"549","אִיךְ",3
"1356","אִים",1
"1357","אִימה",1
"431","אִימער",4
"766","אין",2
"27","אִין",102
"432","אֵין",4
"1358","אִינהיילכּאר",1
"1359","אִינטאָשע",1
"1360","אִינטערעסע",1
"1361","אִינקוִויזִיציָאָנען",1
"1362","אִינשע",1
"306","איסר",6
"54","אִיסר",55
"1363","אִיסָר",1
"767","אִיצט",2
"1364","אִירגענד",1
"155","אַך",15
"1365","אָך",1
"1366","אַכְטוּנְג",1
"1367","אַכטען",1
"1368","אָכנע",1
"768","אל",2
"1369","אַל",1
"1370","אָל",1
"769","אַלא",2
"1371","אַלאז",1
"1372","אַלְזָא",1
"1373","אָלחנן",1
"1374","אַלט",1
"1375","אַלטאר",1
"1376","אָלטער",1
"74","אלטעריל",38
"62","אַלטעריל",47
"770","אַלְטֶערִיל",2
"1377","אַלטעריל'ס",1
"1378","אַלטערל'ן",1
"1379","אַלטערל'ס",1
"1380","אַלטרלען",1
"1381","אַליָא",1
"1382","אֶליהוּ",1
"307","אַליהוּ",6
"433","אָליהוּ",4
"94","אַלֵיין",28
"1383","אַלמעכטינער",1
"195","אַלְס",11
"1384","אַלע",1
"45","אַלֶע",67
"1385","אַלֶעא",1
"1386","אַלֶעזִיסֶע",1
"550","אַלֶעם",3
"1387","אַלֶעמען",1
"1388","אַלֶען",1
"1389","אַלעֶס",1
"103","אַלֶעס",22
"1390","אֶלקִים",1
"1391","אַמאַל",1
"1392","אַמאָל",1
"551","אָמן",3
"771","אָמֵן",2
"1393","אַמעריקא",1
"1394","אמקרויט",1
"1395","אמשטאַמשטע",1
"308","אמת",6
"109","אָן",20
"1396","אַנא",1
"1397","אַנבּיטען",1
"1398","אַנבּיעטען",1
"772","אָנגֶעהויבּען",2
"1399","אָנגֶעוָוארֶען",1
"1400","אָנגעוִוינשען",1
"773","אָנְגֶעזָאגְט",2
"1401","אַנגעכאטען",1
"1402","אנדֶערבּארע",1
"309","אַנדֶערע",6
"1403","אַנדֶערען",1
"774","אַנדֶערער",2
"1404","אַנדֶערעֵר",1
"775","אַנדֶערש",2
"1405","אָנְהֶענְגֶען",1
"1406","אנט",1
"1407","אַנטלאפען",1
"1408","אַנטלויפט",1
"776","אַנידֶער",2
"1409","אַננעהמען",1
"1410","אָנפערטרויט",1
"1411","אַנצוּבעטען",1
"136","אָנקעל",17
"777","אַנשטאַט",2
"1412","אָנשיִקעניש",1
"1413","אַפאוט",1
"1414","אַפאטש",1
"1415","אַפּאר",1
"310","אפארט",6
"778","אַפאַרט",2
"1416","אָפּגענוּמען",1
"779","אָפט",2
"780","אַפילוּ",2
"1417","אפיער",1
"781","אפיקומן",2
"1418","אַפיקומן",1
"1419","אָפֶען",1
"552","אָפֶענֶע",3
"1420","אָפער",1
"1421","אפּעראציָאָן",1
"1422","אפפער",1
"553","אָפּפער",3
"1423","אָפפערן",1
"1424","אָפְּפֶערְן",1
"311","אֶפְשֶר",6
"1425","אַצונד",1
"145","אַצוּנד",16
"127","אַצינד",18
"1426","אַצִינְד",1
"312","אַקט",6
"1427","אַקטען",1
"1428","אראָבּ",1
"782","אַראבּ",2
"1429","אַראנזִירט",1
"1430","אראפ",1
"554","ארויס",3
"313","אַרויס",6
"1431","אַרויסצוּלָאזֶען",1
"1432","אַרויסרייסען",1
"434","אַרויף",4
"1433","ארום",1
"1434","ארוּם",1
"1435","אַרוּם",1
"1436","אָרוּם",1
"435","אָרוּמע",4
"1437","אַרוּמצוּנעהן",1
"783","אַרונטער",2
"1438","אַריבּער",1
"555","אריין",3
"178","אַרַיין",12
"1439","אריינגעקומען",1
"1440","אריינקוּמענד",1
"1441","אָרים",1
"1442","אָרימאָן",1
"1443","אַרְם",1
"1444","אָרמע",1
"1445","ארמעס",1
"784","אָרְמער",2
"1446","אַרצט",1
"1447","אָשא",1
"1448","אָשתּי",1
"436","אָת",4
"1449","אַתה",1
"1450","בַּאבֶּען",1
"116","בּאָלד",19
"1451","באלקאָן",1
"1452","בּאמבּע",1
"1453","בּאנקיער",1
"1454","בּאק",1
"1455","בַּאקְט",1
"1456","בּארג",1
"1457","בּארד",1
"1458","בּארעדֶען",1
"1459","בּארקייט",1
"1460","בּאָת",1
"1461","בּהלה",1
"1462","בּהמה",1
"1463","בְּהֵמות",1
"1464","בּוידֶעם",1
"1465","בּויך",1
"556","בּוים",3
"1466","בּוימערקע",1
"1467","בּוּכהאלטער",1
"557","בּוּכהַאלְטער",3
"1468","בּוּכהַאלְטֶער",1
"1469","בוכהאַנדלונג",1
"1470","בורה'כע",1
"1471","בּחוּר",1
"1472","בּיגען",1
"225","בִּיז",9
"785","בִּיז",2
"244","בִּיזט",8
"1473","בִּיזְט",1
"786","בִּיזְט",2
"437","בִּיזטו",4
"361","בִּיזטוּ",5
"1474","בִּיזְטו",1
"558","בִּיזְטוּ",3
"314","בּיט",6
"1475","בּיטוּ",1
"787","בּיטע",2
"559","בִּיטֶער",3
"1476","בִּיטֶערֶע",1
"269","ביי",7
"1477","בֵּיי",1
"89","בּיי",29
"1478","בֵּיי",1
"788","בַּיי",2
"107","בּיידע",21
"1479","בֵּיידֶע",1
"1480","בייז",1
"1481","בּייזערן",1
"245","בַּיים",8
"789","בּיין",2
"1482","בּיך",1
"1483","בִּיכֶער",1
"1484","בִּילְד",1
"790","בִּילְד",2
"1485","בִּילְדֶער",1
"1486","בּיליכער",1
"791","בִּין",2
"55","בִּין",55
"792","בינדע",2
"560","בּינדע",3
"1487","בּינה",1
"362","בִּיןט",5
"793","בִּיןטוּ",2
"1488","בּיס",1
"246","בּיסט",8
"561","בּיסטוּ",3
"1489","ביסס",1
"794","בּית",2
"1490","בּיתי",1
"1491","בּלאז",1
"1492","בּלאטע",1
"1493","בּלאַסע",1
"1494","בּלאסעס",1
"1495","בּלאסער",1
"1496","בּלאסקייט",1
"1497","בּלבּוּל",1
"1498","בְּלוט",1
"1499","בּלוּטזויגער",1
"795","בּלויס",2
"1500","בּלוּמע",1
"363","בְּלַייבּ",5
"1501","בלייבט",1
"364","בְּלַייבּט",5
"562","בּלייבּט",3
"1502","בְּלֵייבֶּע",1
"1503","בְּלַייבּע",1
"1504","בְּלַייבֶּען",1
"438","בְּלַייבֶּען",4
"110","בְּלִינד",20
"1505","בּלינד",1
"796","בְּלִינדהייט",2
"1506","בְּלִינדֶע",1
"137","בְּלִינְדֶען",17
"270","בְּלִינְדֶער",7
"1507","בּלינדער",1
"1508","בְּלִינְדֶערהייט",1
"1509","בּלינךהייט",1
"1510","בּליצען",1
"1511","בליקטן",1
"797","בּליקען",2
"798","בּמקום",2
"315","בֶּן",6
"1512","בּסט",1
"1513","בּסךר",1
"563","בּע",3
"1514","בּעגלייטען",1
"365","בּעגליקען",5
"1515","בֶּעגֶעהרְט",1
"1516","בּעדָארף",1
"1517","בּעדָארפט",1
"1518","בּעדוירע",1
"1519","בּעדענקע",1
"1520","בעהַאלְט",1
"799","בּעהַאלְטען",2
"800","בּעהט",2
"1521","בּעהייטע",1
"1522","בּעהילפליך",1
"1523","בעוואוּסטלאַז",1
"1524","בעוואוּסטלאָז",1
"1525","בּעוואוּּסטלאז",1
"439","בּעוִויזען",4
"1526","בעוועגליך",1
"564","בּעז",3
"1527","בּעזָארגע",1
"1528","בּעזוּך",1
"1529","בֶּעזוּכְט",1
"801","בֶּעזוּכֶען",2
"1530","בּעזוּנדֶערן",1
"1531","בּעזִיענען",1
"565","בּעט",3
"1532","בֶּעטְלֶער",1
"1533","בּעטסטוּ",1
"802","בֶּעטֶען",2
"1534","בֶּעטְרַאכְט",1
"1535","בעטראַנט",1
"1536","בעטראנטעט",1
"1537","בּעטרוּג",1
"1538","בּעטריגען",1
"440","בּעל",4
"1539","בּעלאהנען",1
"1540","בּעליידִיגען",1
"1541","בּעליידִינט",1
"1542","בּעמיהט",1
"1543","בּעמיהעָן",1
"1544","בעמערקען",1
"1545","בּען",1
"1546","בּענאנגען",1
"1547","בּענגט",1
"803","בּענטשען",2
"1548","בּענליקען",1
"1549","בּענעָהן",1
"1550","בּענעהען",1
"1551","בּענקיל",1
"441","בּענקעל",4
"804","בֶּענְשְט",2
"1552","בעס",1
"1553","בּעסן",1
"316","בּעסער",6
"1554","בּעסערע",1
"1555","בּעפאר",1
"1556","בּעפינדעט",1
"805","בּעצאָהלען",2
"1557","בּעקאנט",1
"1558","בּעקאנטע",1
"566","בּעקוּמט",3
"442","בּעקוּמען",4
"1559","בּער'ער",1
"1560","בּערוּהיג",1
"1561","בּערוישט",1
"1562","בּערייהע",1
"806","בּערייט",2
"1563","בערמאן",1
"1564","בּערמאן",1
"1565","בֶּערמַאן",1
"64","בֶּערמַאָן",42
"1566","בּעשולדִיגוּנג",1
"1567","בּעשולדִיגט",1
"1568","בּעשטימטע",1
"1569","בּעשטעה",1
"1570","בּעשטעטינוּנג",1
"1571","בּעשטראפט",1
"807","בּעשטראפען",2
"1572","בּעשעהרט",1
"1573","בּעשערט",1
"1574","בּראך",1
"808","בְּרוּדֶער",2
"196","בְּרוּדֶער",11
"1575","בְּרוּדֶערְס",1
"1576","בּרויט",1
"1577","בּרויטינאם",1
"1578","בּרויךְ",1
"1579","בְּרויכְסְטוּ",1
"567","בּרוּך",3
"443","בּרוּסט",4
"1580","בּרייטינאם",1
"1581","בּרינג",1
"1582","בּרינגען",1
"271","בּריעף",7
"1583","בריער",1
"1584","בּריקאַלֶע",1
"809","בְּרָכָה",2
"1585","בְּרֶעכְט",1
"1586","בּרעכען",1
"810","בְּרֶענְג",2
"811","בְּרֶענְגט",2
"568","בְּרֶענְגֶען",3
"812","בּרענען",2
"813","בּשוּרה",2
"814","בּשוּרות",2
"1587","בּשלום",1
"1588","בּשמחה",1
"815","ג",2
"226","גָאט",9
"1589","גָאט'ס",1
"1590","גאלדפארבּ",1
"1591","גאלדפאָרבּ",1
"1592","גַאנץ",1
"272","גַאנְצֶע",7
"816","גַאנְצֶער",2
"179","גָאר",12
"1593","גָארטען",1
"569","גביר",3
"163","גוּט",13
"570","גוּטֶע",3
"317","גוּטֶען",6
"571","גוּטֶעס",3
"273","גוּטֶער",7
"366","גוּלדֶען",5
"817","גולם",2
"1594","גור",1
"1595","גִיבּ",1
"367","גיבט",5
"572","גיט",3
"1596","גייט",1
"444","גְלויבּ",4
"1597","גְלויבּסט",1
"368","גְלויבּע",5
"274","גְלויבֶּען",7
"1598","גליהֶענְדע",1
"1599","גליהֶענְדֶער",1
"1600","גלייבּט",1
"818","גלייך",2
"1601","גליעדֶערן",1
"227","גליק",9
"445","גליקליך",4
"1602","גליקליכע",1
"1603","גליקליכען",1
"1604","גליקליכער",1
"1605","גנבות",1
"1606","גןעדן",1
"1607","גֶעאנְט",1
"1608","געב",1
"1609","געבּאטען",1
"1610","געבּוירען",1
"1611","געבּוירענער",1
"1612","געבּוּנדֶען",1
"1613","גֶעבִּילְדֶעטֶער",1
"819","געבּליבּען",2
"1614","געבלענדעט",1
"1615","גֶעבֶּע",1
"1616","געבּעך",1
"275","געבּען",7
"1617","גֶעבְּרָאטֶענְס",1
"1618","גֶעבְּרַאכְט",1
"228","גֶעבְּרַאכְט",9
"1619","געבְּרֶענְגט",1
"1620","געגְלויבּט",1
"446","געגעבּען",4
"820","געגענוֶוערט",2
"1621","געגענטייל",1
"1622","געגענייטיג",1
"1623","געדָאכט",1
"1624","געדַאנְק",1
"1625","געדַאנְקען",1
"821","געדענק",2
"1626","געדרענג",1
"180","גֶעה",12
"447","גֶעהָאט",4
"1627","גֶעהַאלְזְט",1
"822","גֶעהַאלְטֶען",2
"1628","גֶעהאַקטע",1
"1629","גֶעהארט",1
"181","גֶעהט",12
"448","גֶעהֵיילְט",4
"1630","גֶעהַייסְען",1
"164","גֶעהן",13
"823","גֶעהֶען",2
"276","גֶעהֶערְט",7
"1631","גֶעהֶערֶען",1
"1632","גֶעהרנ'עט",1
"1633","געוואוּּסט",1
"277","געוואלד",7
"1634","גֶעווָאלְט",1
"369","גֶעוָואלְט",5
"824","געוואנט",2
"197","גֶעוָוארֶען",11
"1635","געוִויין",1
"1636","גֶעווִיס",1
"318","גֶעוִויס",6
"1637","גֶעוִויסהייט",1
"1638","גֶעוִויסער",1
"1639","געוִויעען",1
"1640","געווֶעהן",1
"1641","געוֶועהן",1
"1642","געוֶועהנליך",1
"229","געוועזען",9
"1643","געוועזענע",1
"1644","געוועָן",1
"157","געוֶוען",14
"1645","געוֶועןען",1
"1646","געוֶוערפען",1
"1647","געוןארען",1
"825","געזָאַגט",2
"1648","גֶעזָאגֶט",1
"826","געזָאנג",2
"247","געזָאנט",8
"827","געזָאַנט",2
"1649","געזוּכט",1
"828","געזוּנגען",2
"573","געזוּנד",3
"1650","גֶעזוּנְד",1
"1651","געזוּנדהייט",1
"829","געזוּנדטערהייט",2
"1652","געזוּנדֶער",1
"830","געזִיכט",2
"1653","גֶעזֶעגְנֶען",1
"831","געזֶעהן",2
"574","גֶעזֶעהן",3
"449","געזֶעהֶען",4
"1654","גֶעזֶעהען",1
"1655","געחאפּט",1
"1656","געחלע'ט",1
"1657","געחלש'ט",1
"1658","געטהון",1
"575","געטהוּן",3
"832","געטליכע",2
"833","געטראפען",2
"1659","געךרענג",1
"1660","געלאזט",1
"1661","געלאָזט",1
"576","געלאט",3
"577","געלאכט",3
"1662","געלאפען",1
"78","גֶעלד",37
"1663","גֶעלדגעריגען",1
"834","געלונגען",2
"1664","געליינט",1
"1665","געלינדֶערט",1
"1666","געליעבּט",1
"835","געליעבּטע",2
"1667","געליעבּטען",1
"578","געליעבּטער",3
"1668","געלעגט",1
"1669","געלעגענהייט",1
"1670","געלעכטער",1
"836","געלענענהייט",2
"1671","גֶעלֶערְנְט",1
"837","געם",2
"579","געמאכט",3
"838","געמאַכט",2
"1672","געמארטערט",1
"1673","געמה",1
"165","גֶעמְט",13
"248","געמיינט",8
"580","געמליך",3
"1674","געמעגט",1
"839","געמען",2
"1675","געןאלט",1
"1676","גענאנגען",1
"1677","געןאנט",1
"581","גֶענוּג",3
"1678","גֶענוּמֶען",1
"1679","געניכ'עט",1
"1680","גֶענִיס",1
"1681","געננכעט",1
"1682","גענעבּען",1
"1683","גענעזוּנג",1
"1684","גענרייט",1
"450","געסט",4
"1685","גֶעסְטוּ",1
"1686","געעפנעטע",1
"582","געעפענט",3
"583","געפאהר",3
"840","געפּאטערט",2
"841","געפאַלֶען",2
"1687","געפאסט",1
"1688","געפוּן",1
"370","געפוּנען",5
"371","געפיהרט",5
"1689","געפייערט",1
"1690","גֶעפייערט",1
"1691","גֶעפִיעלְט",1
"1692","געפלאסען",1
"1693","געפלויגען",1
"1694","געפעלט",1
"1695","געפעלינסט",1
"1696","געפענגניס",1
"1697","געפרענט",1
"1698","געצימבּעלט",1
"1699","געקויפט",1
"182","געקוּמען",12
"1700","גֶעקוּמֶען",1
"1701","געקט",1
"1702","גֶעקִישְט",1
"1703","געקליידעט",1
"584","געקענט",3
"1704","געראטעוֶועט",1
"1705","גערוּהט",1
"1706","גערויבּט",1
"1707","גערויבּטעס",1
"1708","גערירט",1
"842","גערנע",2
"585","גֶערֶעדְט",3
"451","גֶערעָטעט",4
"1709","גֶערֶעכְט",1
"1710","געשוִויגען",1
"1711","גֶעשְוִוינְד",1
"1712","געשוועסטער",1
"1713","געשוועסטערקינד",1
"1714","געשטאלטען",1
"1715","געשטעהע",1
"843","געשטעלט",2
"1716","געשטערט",1
"1717","געשטערקט",1
"1718","געשטראפט",1
"1719","געשיהט",1
"1720","געשיעהט",1
"844","געשיקט",2
"1721","געשלאגען",1
"1722","געשלאפען",1
"1723","געשלעכט",1
"278","געשעהן",7
"845","געשעהען",2
"1724","געשענק",1
"1725","געשענקאָבּעֶר",1
"1726","גֶעשֶענְקְט",1
"1727","געשעצט",1
"1728","געשפּראכען",1
"846","געשריי",2
"1729","געשריעבּען",1
"1730","גראדע",1
"1731","גראטוּליערען",1
"1732","גראשען",1
"1733","גרוּבּ",1
"847","גְרויס",2
"848","גְרויסע",2
"452","גְרויסען",4
"1734","גְרויסֶען",1
"586","גְרויסער",3
"1735","גרוּס",1
"1736","גְרֵייו",1
"1737","גְרֵייז",1
"1738","גרייט",1
"1739","גְרֵיין",1
"1740","גרימאסען",1
"1741","גרעסטע",1
"849","גרעסטער",2
"1742","גרעסערע",1
"587","ד",3
"79","דָא",37
"850","דָאָ",2
"1743","דָאגעגען",1
"851","דָאדוּרך",2
"588","דָאַזַא",3
"852","דָאָזָא",2
"1744","דָאָזָאַ",1
"853","דָאִיק",2
"854","דָאִיקע",2
"49","דָאך",57
"1745","דָאָך",1
"1746","דָאכט",1
"249","דָאם",8
"1747","דָאמאלס",1
"1748","דָאמאַלְס",1
"1749","דאמִיט",1
"855","דָאמיט",2
"1750","דאן",1
"856","דַאן",2
"1751","דָאַן",1
"250","דָאָן",8
"1752","דַאנֶין",1
"251","דַאנְק",8
"1753","דַאנְקבּארקייט",1
"857","דַאנְקע",2
"1754","דַאנְקָע",1
"1755","דַאנְקען",1
"1756","דַאנְקֶען",1
"16","דָאס",153
"1757","דָאעען",1
"858","דַאפִיר",2
"1758","דָאפיר",1
"1759","דָאפּעלט",1
"1760","דָאצוּ",1
"453","דָאַקטאר",4
"859","דָאָקטאר",2
"860","דָאקְטָארֶען",2
"1761","דָאקטְוירִים",1
"1762","דָאקְטוירִים",1
"1763","דאָקטער",1
"1764","דָאָקטער",1
"1765","דָארגעבּאטען",1
"230","דַארוּם",9
"198","דָארְט",11
"1766","דָארְטען",1
"589","דָאריבּער",3
"1767","דָארך",1
"166","דָארף",13
"1768","דָארְף",1
"1769","דָארפסט",1
"68","דבורה",41
"1770","דבורה'לע",1
"1771","דבורֶה'לֶע",1
"1772","דְבורה'לֶע",1
"75","דְבורֶה'לֶע",38
"454","דְבורֶה'לֶען",4
"861","דְבורֶה'לֶעס",2
"455","דבורהלע",4
"862","דבירה",2
"1773","דד",1
"167","דו",13
"32","דוּ",92
"1774","דוּא",1
"1775","דוּל",1
"456","דועט",4
"590","דורה",3
"863","דורה'לע",2
"372","דוּרך",5
"1776","די",1
"17","דִי",135
"373","דִיָא",5
"1777","דִיזֶע",1
"864","דִיזֶען",2
"591","דִיזֶער",3
"1778","דִייטשאוי",1
"146","דַיין",16
"41","דַײן",73
"1779","דִייניט",1
"1780","דֵיינֶע",1
"98","דַיינֶע",26
"1781","דַיינֶעם",1
"1782","דַיינֶער",1
"60","דִיך",50
"319","דִיךְ",6
"457","דִיע",4
"231","דִיעזע",9
"1783","דִיעזעם",1
"458","דִיעזען",4
"459","דִיעזעס",4
"374","דִיעזער",5
"1784","דִיענער",1
"865","דִיעע",2
"1785","דִיעער",1
"1786","דִיציטערסט",1
"39","דִיר",77
"1787","דִירה",1
"1788","דנורה'לע",1
"21","דֶעם",112
"1789","דעמאלס",1
"71","דֶען",40
"1790","דענקט",1
"866","דֶענְקֶען",2
"1791","דעפּאנירט",1
"1792","דער",1
"25","דֶער",104
"1793","דֶערבּסטוּ",1
"1794","דֶערוַוייל",1
"1795","דֶערזֶעהט",1
"1796","דֶערזֶעהן",1
"867","דֶעריבּער",2
"320","דֶערלעבּען",6
"1797","דֶערמאנט",1
"1798","דֶערמאנסטוּ",1
"375","דָערְנְאך",5
"868","דֶערפאר",2
"1799","דֶערפון",1
"869","דֶערפוּן",2
"870","דֶערציילט",2
"871","דֶערצעהל",2
"1800","דֶערצעהלט",1
"872","דֶערקענען",2
"1801","דֶערשראקען",1
"592","דרויסען",3
"1802","דריטען",1
"1803","דריטער",1
"1804","דרינגען",1
"873","ה",2
"460","הַ",4
"874","ה'",2
"279","הא",7
"36","הָאבּ",86
"1805","הָאבֶּען",1
"128","הָאבּען",18
"1806","הָאבּעֶן",1
"875","הָאבֶּען",2
"18","הָאט",132
"593","האכצייט",3
"876","הָאלְבּ",2
"877","הָאלְבּּער",2
"594","הַאלְז",3
"1807","הַאלְזט",1
"878","הַאלְזֶען",2
"461","הַאלְט",4
"1808","הַאלְטְסְט",1
"321","הַאלְטען",6
"879","הַאלְטֶען",2
"1809","האלירע",1
"1810","האַמאַ",1
"183","האַנד",12
"880","האָנד",2
"881","הַאנְד",2
"1811","האַנדלען",1
"1812","האַנדעלט",1
"104","הָאסְט",22
"90","הָאסְטוּ",29
"882","האפּ",2
"883","הָאפְנוּנְג",2
"1813","האפע",1
"884","האפען",2
"1814","הָאפֶען",1
"1815","הארבּ",1
"885","הארץ",2
"1816","הבּא",1
"886","הבּית",2
"1817","הבּית'עלע",1
"1818","הגדה",1
"1819","הגדות",1
"595","הד",3
"1820","ההרים",1
"462","הוּא",4
"1821","הוה",1
"596","הויז",3
"1822","הוֹיז",1
"1823","הויזען",1
"1824","הויט",1
"1825","הויך",1
"1826","הויפּט",1
"1827","הונד",1
"1828","הזן'ם",1
"1829","היזִינער",1
"1830","היטץ",1
"1831","הייבט",1
"1832","הייַבּט",1
"1833","הייזער",1
"597","הייט",3
"1834","הייטע",1
"1835","הייכט",1
"1836","הייכלערין",1
"1837","היילוּנג",1
"1838","הייליג",1
"1839","הֵיילִיג",1
"1840","הייליגע",1
"887","הייליגען",2
"1841","הֵיילִיגֶען",1
"1842","היילינע",1
"888","היילען",2
"598","הֵיים",3
"147","היינט",16
"1843","היינטיגעס",1
"1844","היינטינען",1
"889","הַייסְ",2
"199","הַייסְט",11
"1845","הַייסְטוּ",1
"1846","הַייסְע",1
"890","הַייסְען",2
"1847","הַייסֶען",1
"1848","הֵיירַאטֶה",1
"1849","הֵיירַאטְהֶען",1
"1850","הֵיירַאטֶען",1
"1851","הִילֶע",1
"1852","הִילְף",1
"891","הִילְפְלָאז",2
"463","הִילְפֶע",4
"376","הִימֶעל",5
"1853","הין",1
"1854","הינאויס",1
"1855","הינגעבּונג",1
"1856","הִינְטֶען",1
"377","הִיער",5
"892","הירצעלעס",2
"1857","הל",1
"893","הַלְוַאי",2
"322","הַלְוַאִי",6
"1858","הלוואִי",1
"1859","הַלְנַאי",1
"323","הַלְנַאִי",6
"1860","המלע",1
"599","הן",3
"464","הן'ס",4
"1861","הנא'ס",1
"1862","הנג",1
"894","הנוים",2
"1863","הנונד",1
"232","הנכיָא",9
"1864","הסתּם",1
"600","הע",3
"1865","העבּען",1
"1866","העהֶערֶעס",1
"1867","העכסטע",1
"1868","העלדענטאט",1
"1869","העלדענטהָאט",1
"895","הֶעלְף",2
"324","הֶעלְפְט",6
"1870","הֶעלְפְטע",1
"465","הֶעלְפֶען",4
"280","הען",7
"1871","הען'טע",1
"325","הען'ס",6
"1872","הֶענְגְט",1
"1873","הענד",1
"252","הֶענְד",8
"1874","הֶעסְלִיך",1
"1875","העָסליכקייט",1
"1876","העסעכעט",1
"138","הֶער",17
"1877","הָער",1
"1878","הֶערגעקאמען",1
"1879","הֶערויס",1
"168","הָערְט",13
"896","הֶערְסְט",2
"1880","הֶערְסְטוּ",1
"326","הֶערֶע",6
"897","הֶערֶען",2
"117","הֶערְץ",19
"1881","הֶערְצִינְיוּ",1
"1882","הֶערצלען",1
"1883","הערצעל",1
"281","הֶערְצֶעלע",7
"601","הֶערְצֶעלֶע",3
"898","הֶערצֶען",2
"899","הֶערְצֶענְיוּ",2
"139","הֶערְר",17
"900","הר",2
"1884","הרב",1
"1885","הרהמן",1
"1886","הרעמן",1
"901","הַשֵם",2
"1887","התן",1
"1888","וָאל",1
"902","ואָרץ",2
"1889","וּברוּך",1
"903","ודָאִי",2
"1890","ודָאַלֶע",1
"1891","וּדאלע",1
"1892","והשנית",1
"378","וו",5
"1893","וואָ",1
"904","וואגע",2
"905","וואגען",2
"1894","וואָגען",1
"1895","וָואהִין",1
"1896","וואהל",1
"1897","וואהלטהָאט",1
"1898","וואהניין",1
"327","וואהר",6
"906","וואהרהייט",2
"1899","וואהרשיינליך",1
"1900","וואוּ",1
"233","וואוּּ",9
"602","וואוּהין",3
"1901","וואוּינט",1
"1902","וואוּנדֶען",1
"1903","וואוּּנדֶען",1
"1904","וואוּנדֶער",1
"907","וואוּּנדֶער",2
"1905","וואוּנדֶערט",1
"1906","וואוּנדֶערן",1
"908","וואוּּנש",2
"1907","וואזְשֶע",1
"909","וואך",2
"1908","וואכען",1
"1909","וואכענד",1
"910","וואכערס",2
"1910","וואלד",1
"184","וואלדמאן",12
"33","וואלדמאָן",91
"1911","וואַלדמאן",1
"72","וואַלדמאָן",39
"911","ווָאלדמאָן",2
"1912","ווָאלדמאַנען",1
"169","ווָאלט",13
"1913","ווָאלְט",1
"200","וָואלט",11
"603","וואלךמאָן",3
"912","ווָאלסט",2
"913","וואלסטוּ",2
"1914","ווָאלסטוּ",1
"1915","וֶואם",1
"1916","וָואם",1
"1917","וואנגען",1
"1918","וואנד",1
"1919","וואַנד",1
"1920","וואנען",1
"1921","וואַנען",1
"253","ווָאס",8
"1922","וֶואס",1
"44","וַואס",70
"22","וָואס",108
"1923","וָואַס",1
"914","וַואס'זְשֶע",2
"1924","וַואס׳זְשֶע",1
"915","וָואסזְשֶע",2
"1925","וַואסער",1
"1926","וָואסעשע",1
"1927","וואקסען",1
"1928","ווַאקְסֶען",1
"1929","וואַרוּם",1
"466","וָוארט",4
"1930","ווארעל",1
"1931","וואַרפט",1
"1932","וואש",1
"1933","וודָאַלֶע",1
"604","ווִי",3
"29","וִוי",101
"1934","וִויָא",1
"916","וִוידֶער",2
"1935","וִוידֶערהאַלֶע",1
"917","ווֵייבּ",2
"379","ווֵייבּּ",5
"918","ווֵייבּּעלע",2
"1936","וִוייַבּער",1
"1937","וַוייז",1
"605","וִוייזט",3
"1938","וִוייזע",1
"1939","וִוייזען",1
"606","וִוייט",3
"1940","וַוייט",1
"1941","וִוייַטען",1
"380","וִוייטער",5
"1942","וֵוייטֶער",1
"158","וַוייל",14
"1943","וַויילע",1
"607","וִויים",3
"1944","וַויין",1
"467","וִויינט",4
"919","וִויינסטוּ",2
"1945","וִויינען",1
"920","וִויינענד",2
"1946","וִויינקעל",1
"608","וֵוייסְ",3
"140","וֵוייסְט",17
"381","ווֵייסְטוּ",5
"1947","וִויכְטִיגֶעס",1
"69","וִויל",41
"1948","וִוילד",1
"1949","וִוילדע",1
"1950","וִוילדֶען",1
"282","וִוילט",7
"1951","וִוילסט",1
"1952","וִוילְסְט",1
"201","וִוילסְטוּ",11
"609","וִוילְסְטוּ",3
"1953","וִוילסְטוּז",1
"921","וִוילען",2
"1954","וִוילֶען",1
"922","וִוילקאמען",2
"1955","וִוינואט",1
"923","וִוינְק",2
"1956","וִוינשען",1
"1957","וִויסט",1
"1958","וִויסטע",1
"610","וִויסען",3
"1959","וִויעגעלע",1
"159","וִויעדֶער",14
"1960","וִויענעלע",1
"1961","וִויפִיעל",1
"1962","וִויקעלט",1
"924","וִויר",2
"185","וִוירד",12
"1963","וִוירסט",1
"1964","וִוירְסְטו",1
"1965","וִוירְסְטוּ",1
"1966","וִוירְסְטוּּ",1
"328","וִוירְקְלִיך",6
"468","וועג",4
"1967","וועגעלע",1
"211","וועגען",10
"1968","וֶועגֶען",1
"202","וֶועה",11
"1969","וֶועהלט",1
"1970","וֶועהלען",1
"1971","וֶועהמען",1
"1972","וֶועהנליך",1
"1973","וֶועהרט",1
"1974","וֶועהרענד",1
"925","וועזען",2
"82","וֶועט",36
"1975","וָועט",1
"611","ווֶעל",3
"65","וֶועל",42
"254","וֶועלט",8
"1976","וֶועלְט",1
"926","וֶועלטען",2
"234","וֶועלכע",9
"927","וֶועלְכֶע",2
"928","וֶועלכעם",2
"469","וֶועלכען",4
"1977","וֶועלְכֶען",1
"470","וֶועלכעס",4
"612","וֶועלכער",3
"235","וֶועלען",9
"1978","וועמעם",1
"283","וועמען",7
"929","וועמעס",2
"1979","וועָן",1
"63","וֶוען",45
"1980","ווענדעסט",1
"1981","ווענטיל",1
"1982","וועניג",1
"1983","ווענינקטענס",1
"1984","ווענען",1
"613","וועסט",3
"1985","וועסטו",1
"329","וֶועסְטוּ",6
"471","וֶועק",4
"91","וֶוער",29
"1986","וֶוערד",1
"930","וֶוערדע",2
"1987","וֶוערדֶען",1
"1988","וֶוערוּם",1
"255","וֶוערט",8
"382","וֶוערטה",5
"1989","וֶוערטי",1
"1990","וֶוערטע",1
"1991","וֶוערטען",1
"472","וֶוערטער",4
"931","וֶוערין",2
"170","וֶוערען",13
"473","וֶוערֶען",4
"1992","וֶוערָען",1
"932","וֶוערפט",2
"1993","וֶוערפֿט",1
"933","וֶוערפען",2
"1994","וֶוערקצייג",1
"934","ויבשר",2
"1995","וַייט",1
"1996","וכט",1
"1997","ומז'ט",1
"1998","ונהמות",1
"1999","ורוהם",1
"2000","וְשָלום",1
"2001","ושקר",1
"614","ז",3
"212","זָא",10
"2002","זָאָ",1
"2003","זָאאָל",1
"2004","זָאַאַל",1
"129","זָאג",18
"2005","זָאגַאר",1
"2006","זאַגְט",1
"615","זָאגט",3
"330","זָאגְט",6
"2007","זָאגְסְט",1
"616","זָאגען",3
"284","זָאגֶען",7
"2008","זָאַכע",1
"50","זָאל",57
"2009","זָאלזִי",1
"256","זָאלט",8
"331","זָאלְט",6
"2010","זָאלכט",1
"935","זָאלכע",2
"617","זָאלסט",3
"618","זָאלְסְט",3
"186","זָאלסטוּ",12
"936","זָאלֶען",2
"332","זָאַלֶען",6
"937","זָאלצען",2
"2011","זָאמען",1
"2012","זָאנאר",1
"474","זָאנט",4
"938","זָאַנט",2
"2013","זָאָנט",1
"2014","זָאנסט",1
"2015","זָאנע",1
"2016","זָאנען",1
"2017","זַאנְפְט",1
"619","זָאנפטע",3
"2018","זָארגע",1
"2019","זָארְגֶען",1
"2020","זבריה",1
"2021","זו",1
"475","זוהן",4
"939","זוּהן",2
"2022","זוּכט",1
"2023","זוּכסטוּ",1
"383","זוּכען",5
"940","זוּנדֶערן",2
"285","זי",7
"19","זִי",120
"476","זִיָא",4
"2024","זִידְבורֶה'לֶע",1
"2025","זִיהן",1
"148","זִיי",16
"2026","זֵיי",1
"2027","זִייד",1
"2028","זַיידֶען",1
"257","זֵייט",8
"2029","זֵייטע",1
"941","זיין",2
"203","זַיין",11
"42","זַײן",73
"942","זַיינִיגֶע",2
"2030","זֵיינִיטְוֶועגֶען",1
"2031","זִיינים",1
"2032","זִיינינע",1
"2033","זיינע",1
"2034","זֵיינֶע",1
"171","זַיינֶע",13
"2035","זֵיינֶעט",1
"2036","זַיינֶעם",1
"943","זַיינֶער",2
"2037","זֵייעֶר",1
"2038","זייערע",1
"2039","זִייפצער",1
"51","זִיך",57
"384","זִיךְ",5
"477","זִיכער",4
"2040","זִיכערן",1
"2041","זיכֶערֶע",1
"2042","זִינג",1
"333","זִינגט",6
"385","זִינגען",5
"2043","זִינגענד",1
"2044","זינגענדיג",1
"620","זִינד",3
"944","זִינען",2
"2045","זִינקען",1
"2046","זִיס",1
"945","זִיסֶע",2
"2047","זִיסֶעם",1
"2048","זִיען",1
"334","זִיעס",6
"2049","זִיעסע",1
"2050","זִיעָסע",1
"2051","זִיפּעט",1
"2052","זיפץ",1
"2053","זִיפצט",1
"386","זִיצט",5
"2054","זכוּר",1
"2055","זכוּתו",1
"2056","זמר",1
"2057","זֶעגְנֶע",1
"2058","זֶעגֶענְט",1
"213","זֶעה",10
"2059","זֶעהזִי",1
"286","זֶעהט",7
"118","זֶעהן",19
"2060","זֶעהנזוּכט",1
"2061","זֶעהנע",1
"478","זֶעהסְט",4
"479","זֶעהסְטוּ",4
"946","זֶעהע",2
"156","זֶעהֶען",15
"2062","זֶעהֶענְדִיג",1
"2063","זֶעהֶענְדִיגען",1
"621","זֶעהֶענְדֶען",3
"947","זֶעהֶענְדֶער",2
"387","זֶעהר",5
"2064","זעלבסט",1
"335","זעלבּסט",6
"388","זעלבּע",5
"2065","זעלבּען",1
"948","זעלטענע",2
"2066","זעליגען",1
"160","זענט",14
"130","זֶענֶען",18
"2067","זעסעלע",1
"389","זעעלע",5
"2068","זעצט",1
"2069","זעצען",1
"622","זְשֶע",3
"336","ח",6
"2070","חַ",1
"287","חא",7
"2071","חאַ",1
"949","חאטש",2
"2072","חאטשע",1
"2073","חַאפּ",1
"2074","חאפט",1
"2075","חאפּט",1
"141","חד",17
"2076","חודש",1
"480","חוזק",4
"2077","חון",1
"950","חופה",2
"2078","חוּפה",1
"288","חוּפּה",7
"623","חזן",3
"951","חַזָן",2
"2079","חַזֶנְ'טֶע",1
"2080","חַזָן'ס",1
"2081","חַזָן‘ס",1
"2082","חזניש",1
"187","חי",12
"2083","חילק",1
"2084","חין",1
"2085","חיןטע",1
"2086","חכם",1
"2087","חכמה",1
"481","חלום",4
"952","חָלום",2
"2088","חָלום'ט",1
"2089","חלומות",1
"624","חלילה",3
"2090","חליפעט",1
"2091","חליפענד",1
"2092","חלעבּען",1
"2093","חלען",1
"2094","חלש'ן",1
"2095","חלשן",1
"2096","חלשען",1
"953","חמתך",2
"2097","חן",1
"625","חן'טע",3
"954","חן'ס",2
"2098","חנוּת",1
"2099","חַס",1
"955","חסרון",2
"2100","חען",1
"956","חרוסת",2
"957","חתוּנה",2
"390","חתן",5
"2101","חתנ'ס",1
"2102","ט",1
"2103","טאבּילע",1
"188","טָאג",12
"2104","טַאגֶע",1
"119","טַאטֶע",19
"214","טַאטֶען",10
"2105","טַאטֶעס",1
"88","טָאכְטֶער",30
"2106","טָאכְטֶערס",1
"958","טָאנ",2
"2107","טאנע",1
"626","טאנץ",3
"2108","טַאנְצְט",1
"959","טאנצעשע",2
"2109","טאַפט",1
"2110","טאַקטען",1
"482","טאקי",4
"960","טאקע",2
"961","טאָקע",2
"2111","טארבּעס",1
"215","טאש",10
"483","טאשע",4
"2112","טהָאטען",1
"2113","טהוּ",1
"289","טהוּט",7
"962","טְהוּט",2
"172","טהון",13
"236","טהוּן",9
"337","טְהון",6
"391","טְהוּן",5
"2114","טְהוסְטוּ",1
"963","טְהוּסְטוּ",2
"2115","טהוּע",1
"2116","טהייערע",1
"2117","טהייערער",1
"290","טהיר",7
"161","טוב",14
"627","טובות",3
"2118","טוֶועה",1
"2119","טויבּ",1
"964","טויג",2
"392","טויזענד",5
"2120","טויזֶענְד",1
"2121","טויזענדע",1
"2122","טויזענר",1
"965","טוכה",2
"2123","טועה",1
"2124","טייבּעלע",1
"628","טייערע",3
"2125","טייערעם",1
"629","טייפעל",3
"2126","טיען",1
"630","טיש",3
"484","טעוּת",4
"966","טעכטעריל",2
"2127","טעכטערליך",1
"967","טעלער",2
"2128","טערק",1
"2129","טפוי",1
"968","טְרָאגְט",2
"2130","טראגען",1
"2131","טראַכט",1
"2132","טראנען",1
"2133","טרויָאוּנג",1
"969","טרוים",2
"2134","טרויסט",1
"2135","טרויען",1
"2136","טְרוּקֶענְט",1
"2137","טרייבט",1
"2138","טריימענד",1
"485","טְרַייעֶ",4
"2139","טְרַייעֶם",1
"2140","טְרֵייעֶס",1
"970","טְרַייעֶס",2
"2141","טְרַייעֶר",1
"2142","טריישאפט",1
"2143","טְרִינְקֶען",1
"971","טרעטען",2
"486","טרעפען",4
"2144","טרער",1
"393","טרערען",5
"972","טשעק",2
"95","יָא",27
"2145","יָאַ",1
"204","יָאָ",11
"487","יָאה",4
"631","יָאהר",3
"488","יָאָהר",4
"489","יָאהרען",4
"2146","יָאכגע",1
"258","יָאַכגע",8
"973","יָאָכגע",2
"2147","יאכנע",1
"2148","יאַכנע",1
"490","יָאכנע",4
"92","יָאַכנע",29
"491","יָאָכנע",4
"2149","יָאַכע",1
"2150","יָאַמער",1
"2151","יברך",1
"2152","יגן",1
"2153","ידַאלֶען",1
"2154","יהוּדָא'לע",1
"2155","יהוּרהלע",1
"2156","יוגֶענְד",1
"394","יוּד",5
"2157","יוּדָא'לע",1
"291","יודאלע",7
"2158","יודָאַלֶע",1
"2159","יוּדאלע",1
"26","יוּדַאלֶע",104
"2160","יוּדַאלֶע'ן",1
"2161","יוּדַאלֶע'ס",1
"259","יוּדַאלֶען",8
"2162","יודָאַלֶעס",1
"2163","יוּדַאלֶעס",1
"2164","יוּדִישע",1
"2165","יוּדִישֶע",1
"2166","יודעל",1
"974","יוּדעלע",2
"975","יוּדעלעך",2
"2167","יודֶען",1
"2168","יוּדען",1
"2169","יוּדֶען",1
"2170","יוּדענעס",1
"2171","יוּך",1
"2172","יוּךאַלֶע",1
"2173","יום",1
"976","יוּנג",2
"2174","יוּנגסטע",1
"977","יונגע",2
"978","יוּנגעל",2
"979","יונגער",2
"632","יוּנגער",3
"2175","יוּנְגֶערמַאן",1
"980","יוּנְגֶערמַאָן",2
"981","יוּנְגֶערֶע",2
"2176","יוסף",1
"2177","יוראַלֶע",1
"2178","יורש",1
"982","יחיד",2
"2179","יָחִיד’ל",1
"2180","יחידל",1
"983","יידָאַלֶע",2
"2181","יכא",1
"2182","יסוּרים",1
"2183","יסוּרים'לעך",1
"2184","יעדע",1
"2185","יעדֶעם",1
"633","יעדֶען",3
"492","יעדֶער",4
"2186","יעהריג",1
"2187","יעהרינער",1
"2188","יֶעכְטְץ",1
"2189","יעמאַנד",1
"2190","יעמאנדֶען",1
"493","יענע",4
"2191","יענעם",1
"2192","יענער",1
"2193","יעָנקעלע",1
"260","יעצט",8
"634","יֶעצְט",3
"46","ירוהם",62
"395","ירוּהם",5
"2194","ירוהס",1
"2195","ירוחט",1
"99","ירוחם",26
"2196","ירוּחם",1
"2197","ירוחם'ס",1
"984","ירוחס",2
"2198","יש",1
"2199","ישועות",1
"985","ישלח",2
"2200","ישמרני",1
"2201","יתום",1
"2202","יָתום",1
"2203","יְתומִים",1
"2204","כְ’הָאבּ",1
"2205","כּהן",1
"2206","כּוס",1
"635","כּוסות",3
"2207","כּחַ",1
"986","כּל",2
"173","כּלה",13
"987","כַּלָה",2
"2208","כע",1
"2209","לאהן",1
"261","לאז",8
"988","לאַז",2
"494","לאזט",4
"989","לאָזט",2
"990","לֶאזְט",2
"991","לָאזְט",2
"636","לָאזֶען",3
"637","לאט",3
"992","לאָט",2
"993","לאטיינער",2
"994","לאטישע",2
"2210","לאך",1
"2211","לאַכט",1
"2212","לַאכְסְט",1
"495","לַאכֶען",4
"2213","לָאמֶער",1
"189","לַאנְג",12
"2214","לַאנְגאם",1
"995","לַאנְגזָאם",2
"2215","לאַנט",1
"638","לאסט",3
"2216","לאַסט",1
"2217","לאָסט",1
"996","לאסען",2
"2218","לאען",1
"2219","לבנוּ",1
"639","לויט",3
"2220","לויף",1
"640","לויפט",3
"2221","לויפען",1
"2222","לוּפט",1
"2223","לטוב",1
"2224","לטובה",1
"2225","לֵיבּ",1
"2226","לִיגְט",1
"2227","ליגען",1
"641","ליגענד",3
"2228","ליגענט",1
"2229","ליגעער",1
"2230","לידעלע",1
"997","לייד",2
"998","ליידֶען",2
"2231","לַיידֶען",1
"2232","ליידענשאפט",1
"2233","ליידענשאפטליך",1
"999","ליידֶער",2
"1000","לייכט",2
"2234","לייצעס",1
"205","ליכט",11
"1001","ליכטיגע",2
"2235","לִיכְטֶענְדֶער",1
"2236","לינען",1
"2237","לינקער",1
"216","ליעבּ",10
"2238","לִיעב",1
"1002","לִיעבּ",2
"1003","ליעבּט",2
"131","ליעבּע",18
"2239","לִיעבֶּע",1
"1004","לִיעבֶּע",2
"1005","ליעבּען",2
"496","ליעבּעס",4
"2240","לִיעבֶּעס",1
"2241","ליעבּעספאַלֶע",1
"217","ליעבּער",10
"2242","ליעגט",1
"2243","ליעגע",1
"2244","ליעד",1
"2245","ליעכע",1
"497","ליענט",4
"2246","ליענען",1
"1006","ליפּען",2
"2247","לכבוך",1
"2248","לְכָכוֹד",1
"2249","לְמַעְן",1
"2250","למְָשָל",1
"498","לנוּ",4
"2251","לעבּ",1
"2252","לעבּט",1
"2253","לעבען",1
"93","לעבּען",29
"396","לֶעבֶּען",5
"397","לֶעבֶּען",5
"642","לעגט",3
"2254","לעגען",1
"2255","לעוִוין",1
"2256","לעזט",1
"2257","לעך",1
"2258","לעכטיגע",1
"2259","לעמעלע",1
"2260","לעצט",1
"643","לעצטע",3
"2261","לעקעש",1
"2262","לעקציע",1
"2263","לערנט",1
"1007","לערנען",2
"2264","לֶערְנֶען",1
"1008","לשון",2
"2265","מ",1
"2266","מ05",1
"644","מאהל",3
"2267","מאָהל",1
"2268","מָאהל",1
"2269","מאָהלער",1
"1009","מאַין",2
"499","מאך",4
"645","מאכט",3
"500","מאַכט",4
"1010","מאכסט",2
"2270","מאכסטוּ",1
"1011","מאכע",2
"190","מאכען",12
"2271","מאַכען",1
"1012","מאכער",2
"292","מאל",7
"501","מאַל",4
"646","מאָל",3
"2272","מָאל",1
"2273","מאַלֶער",1
"398","מאמע",5
"647","מאמען",3
"2274","מַאמֶען",1
"120","מאָן",19
"1013","מַאן",2
"2275","מאָן'ס",1
"2276","מאנט",1
"1014","מאנכע",2
"2277","מאָסט",1
"2278","מאָסטוּ",1
"2279","מאסקע",1
"648","מארגען",3
"2280","מאָרגען",1
"1015","מָארְגֶען",2
"2281","מָארְגֶענשְְטֶערְן",1
"2282","מארטירערין",1
"2283","מארנען",1
"2284","מארק",1
"2285","מארקט",1
"2286","מבינות",1
"2287","מדר",1
"1016","מה",2
"2288","מהוּמה",1
"2289","מוז",1
"174","מוּז",13
"2290","מוּזט",1
"2291","מוזיק",1
"2292","מוּזִיק",1
"2293","מוּזִיקאלישער",1
"2294","מוזֶען",1
"2295","מוחַ",1
"502","מוחל",4
"2296","מוּט",1
"399","מוטער",5
"1017","מוּטער",2
"1018","מוּטֶער",2
"218","מויד",10
"649","מויך",3
"2297","מוּמחה",1
"2298","מומֶען",1
"2299","מון",1
"1019","מוּן",2
"2300","מונְטֶער",1
"2301","מוּס",1
"2302","מוסטוּ",1
"1020","מוּסָר",2
"1021","מוּען",2
"2303","מוצא",1
"1022","מורא",2
"2304","מורֶא",1
"2305","מורָא",1
"2306","מורה",1
"2307","מורינוּ",1
"2308","מזוג",1
"262","מזל",8
"650","מחוּתן",3
"2309","מחילה",1
"2310","מטריח",1
"2311","מיהע",1
"2312","מיון",1
"20","מיט",117
"162","מִיט",14
"651","מיט'ן",3
"2313","מִיטָאג",1
"2314","מיטגעריסען",1
"1023","מיטלייד",2
"400","מיטעל",5
"503","מיטען",4
"2315","מִיטֶערְנַאכְט",1
"338","מיידעל",6
"1024","מיידעלע",2
"2316","מיידעלעך",1
"2317","מייך",1
"2318","מיימיימיין",1
"23","מיין",108
"652","מייַן",3
"339","מֵיין",6
"101","מַיין",24
"1025","מיינט",2
"2319","מֵיינְט",1
"2320","מייןישוועסטער",1
"2321","מיינסטוּ",1
"653","מֵיינְסְטוּ",3
"80","מיינע",37
"2322","מייַנע",1
"2323","מֵיינֶע",1
"1026","מַיינֶע",2
"2324","מיינעט",1
"2325","מַיינֶעטְוֶועגֶען",1
"504","מיינעם",4
"2326","מיינען",1
"505","מיינער",4
"2327","מֵייעֶרְן",1
"2328","מיישטער",1
"40","מִיך",77
"2329","מִיךְ",1
"2330","מיליָאנען",1
"2331","מימלייך",1
"1027","מין",2
"654","מינוּט",3
"2332","מינוּטע",1
"2333","מינע",1
"13","מיר",158
"96","מִיר",27
"655","מיש",3
"2334","מִישֶען",1
"2335","מיתה",1
"2336","מכּה",1
"2337","מל",1
"1028","מלא",2
"1029","מַלְאָך",2
"2338","מלאָכיל",1
"2339","מלאָכים",1
"656","מן",3
"401","מע",5
"1030","מעג",2
"2340","מעגט",1
"402","מעגליך",5
"657","מעדִיצין",3
"2341","מעדכען",1
"105","מעהר",22
"293","מֶעהר",7
"2342","מעךכען",1
"658","מעל",3
"1031","מעם",2
"121","מען",19
"237","מֶען",9
"2343","מענגע",1
"2344","מעןטע",1
"2345","מענסט",1
"1032","מענער",2
"1033","מענשהייט",2
"2346","מענשט",1
"403","מענשען",5
"1034","מעשה",2
"2347","מצות",1
"2348","מציה",1
"1035","מרדכי",2
"1036","משאַלות",2
"2349","משבּחה",1
"2350","משֶה",1
"1037","משוגע",2
"2351","משוּנה",1
"2352","משוּנע",1
"1038","משורר",2
"659","משוררים",3
"2353","משל",1
"2354","מִשְפָּחָה",1
"2355","משרת",1
"2356","מַתָּנָה",1
"132","נא",18
"2357","נאַ",1
"2358","נאָ",1
"2359","נאאר",1
"106","נאט",22
"2360","נאָט",1
"2361","נָאט",1
"2362","נאט'יניוּ",1
"2363","נאט'ס",1
"2364","נאטיילך",1
"2365","נאטירליכע",1
"2366","נאַטירליכען",1
"404","נאטען",5
"2367","נאָטען",1
"1039","נָאטֶען",2
"1040","נאטעניוּ",2
"2368","נאַטעניוּ",1
"2369","נאטעס",1
"57","נאך",54
"1041","נאךְ",2
"405","נאָך",5
"2370","נאכדֶעם",1
"2371","נאָכדֶעם",1
"2372","נָאכְדֶעם",1
"2373","נאכהֶער",1
"1042","נאכט",2
"660","נאַכט",3
"340","נַאכְט",6
"2374","נַאכְטְמָאל",1
"2375","נאכלעסינקייט",1
"2376","נַאכְרִיכְט",1
"2377","נאלד",1
"2378","נאָלד",1
"2379","נאַלדָאַרבּ",1
"2380","נאלסטוּ",1
"2381","נאלץ",1
"661","נאמען",3
"1043","נאָמען",2
"662","נאנץ",3
"2382","נאנצע",1
"663","נאנצען",3
"2383","נאנצער",1
"2384","נאַנצער",1
"2385","נאָס",1
"406","נאר",5
"341","נאָר",6
"2386","נארטען",1
"2387","נארישעס",1
"2388","נארישער",1
"2389","נאָרישער",1
"2390","נג",1
"2391","נגון",1
"1044","נגידִיש",2
"2392","נגם",1
"122","נדִיָא",19
"2393","נדן",1
"2394","נו",1
"142","נוּ",17
"506","נוּט",4
"1045","נוּטע",2
"2395","נוּטען",1
"2396","נוּטעס",1
"2397","נוּטער",1
"507","נוּלדֶען",4
"2398","נון",1
"219","נוּן",10
"263","נור",8
"56","נוּר",55
"2399","ניָא",1
"2400","ניב",1
"508","ניבּ",4
"2401","ניבּט",1
"2402","נִיבְּט",1
"2403","ניבּסטוּ",1
"2404","ניגאַלֶע",1
"2405","נידֶערטרעכטיינען",1
"294","ניט",7
"509","נִיט",4
"2406","ניטינסט",1
"2407","ניי",1
"1046","נייגעריג",2
"2408","נייגֶערִיג",1
"66","ניין",42
"1047","נײַן",2
"510","נֵיין",4
"264","נַיין",8
"664","נייע",3
"1048","נייעס",2
"665","ניכ",3
"2409","ניכט",1
"2410","ניכער",1
"666","ניס",3
"667","ניע",3
"2411","נִיע",1
"2412","ניר",1
"14","נישט",158
"342","נִישט",6
"83","נִישְט",35
"2413","נךיָא",1
"2414","נליהען",1
"2415","נִמְאָס",1
"2416","ננב",1
"2417","ננוּן",1
"2418","נע",1
"2419","נעאַנטוָוארטעט",1
"668","נעב",3
"2420","נעבּיך",1
"2421","נֶעבִּיך",1
"2422","נעבּליבּען",1
"2423","נעבּליעכען",1
"2424","נעבּעך",1
"2425","נעבּעל",1
"2426","נעבּען",1
"1049","נעבּראַכט",2
"2427","נֶעבְּרֶענְגְט",1
"2428","נעדענק׳זְשֶע",1
"2429","נעדענקט",1
"2430","נעה",1
"2431","נֶעה",1
"1050","נעהָאט",2
"2432","נעהאלפען",1
"1051","נעהט",2
"2433","נֶעהם",1
"1052","נעהמען",2
"2434","נֶעהמֶען",1
"2435","נעהן",1
"1053","נעהָערְט",2
"2436","נעוואלד",1
"2437","נעוועזען",1
"2438","נעחאפט",1
"2439","נעטראפען",1
"2440","נעיועזען",1
"2441","נעלאט",1
"669","נעלד",3
"2442","נעלוּנען",1
"1054","נעמט",2
"2443","נעמען",1
"2444","נעסטע",1
"2445","נעפפע",1
"2446","נעקוּמען",1
"2447","נערוּפען",1
"2448","נערירט",1
"2449","נֶערֶעטֶעט",1
"2450","נערעכט",1
"2451","נקמה",1
"2452","נראבּ",1
"2453","נְריין",1
"2454","נשמה",1
"2455","נשתּנה",1
"1055","ס'אִיז",2
"2456","ס'הָאבּען",1
"2457","ס'וָוארט",1
"2458","ס'צוּגֶעהט",1
"2459","ס'רעךט",1
"2460","ס'שטעהט",1
"2461","סָאלדַאטְסְקִי",1
"2462","סאַפענדִיג",1
"2463","סגוּלה",1
"1056","סְגוּלֶה",2
"2464","סְגוּלָה",1
"2465","סדר",1
"2466","סודֶען",1
"2467","סוהר",1
"2468","סוחרן",1
"2469","סוּמע",1
"2470","סוּמען",1
"670","סוף",3
"2471","סטער",1
"2472","סימן",1
"2473","סע",1
"2474","סעקוּנדע",1
"2475","ספּאדעק",1
"2476","ספּעציָאַליסט",1
"1057","סֵפֶר",2
"2477","סְקְרִיפֶּעט",1
"2478","עאלט",1
"2479","עָבּען",1
"1058","עבר",2
"2480","עדבורה",1
"2481","עֵדות",1
"2482","עדלעס",1
"2483","עדעל",1
"1059","עֶדֶעל",2
"2484","עדעלמאן",1
"84","עדעלמאָן",35
"2485","עדעלקייט",1
"2486","עהעלמאָן",1
"671","עהרליכען",3
"2487","עהרליכעס",1
"2488","עהרליכקייט",1
"407","עוִויג",5
"2489","עוִויגע",1
"2490","עֶווִיגֶע",1
"2491","עוִויגען",1
"2492","עוִוינ",1
"2493","עָוִוינ",1
"2494","עָוִוינען",1
"2495","עולם",1
"1060","עושה",2
"2496","עזוּת",1
"2497","עזרי",1
"2498","עָזרי",1
"2499","עט",1
"2500","עטוָואס",1
"2501","עֶטְווָאס",1
"2502","עטויך",1
"2503","עטצ",1
"2504","עטץ",1
"2505","עיני",1
"1061","על",2
"511","עלטערן",4
"2506","עֶלטֶערְן",1
"1062","עלטערע",2
"2507","עָלינוּ",1
"408","עם",5
"2508","עמוד",1
"2509","עמוּד",1
"512","ענגעל",4
"2510","ענגשאפט",1
"2511","ענדִיגען",1
"2512","ענדִינען",1
"1063","ענדליך",2
"343","ענדע",6
"2513","ענטאנען",1
"2514","ענטגעגען",1
"1064","ענטגענען",2
"2515","ענטזָאנט",1
"2516","עֶנְטֵיישונְג",1
"2517","ענטפליהט",1
"2518","ענטפערן",1
"2519","ענטשוּלדִיגוּנג",1
"2520","ענטשוּלדִיגען",1
"2521","ענטשוּלדִינען",1
"2522","ענטשלאסען",1
"2523","עֶנְטְשְלָאסֶען",1
"30","עס",99
"206","עֶס",11
"1065","עָס",2
"2524","עסען",1
"2525","עֶסֶען",1
"2526","עָסען",1
"1066","עעמט",2
"2527","עענט",1
"2528","עֶפְטֶער",1
"672","עפּיס",3
"673","עִפִּיס",3
"1067","עפנען",2
"2529","עֶפנֶען",1
"2530","עפען",1
"1068","עפענט",2
"2531","עפענען",1
"674","עפּעס",3
"2532","עצה",1
"2533","עקסטרען",1
"31","ער",99
"2534","עֵר",1
"149","עֶר",16
"675","עָר",3
"2535","עֶרבַּארְמְט",1
"2536","ערבליקט",1
"2537","ערבּליקט",1
"2538","עֶרְגֶעבֶּען",1
"2539","ערגרייפֿט",1
"409","ערד",5
"1069","עֶרְד",2
"1070","עָרד",2
"2540","ערדע",1
"2541","ערהַאלְטען",1
"2542","ערוואך",1
"676","ערוואכט",3
"2543","עָרוואכע",1
"2544","ערוואננים",1
"2545","ערוואקסען",1
"2546","עֶרְוֶועק",1
"677","ערוֶוערטעט",3
"2547","ערזעצען",1
"2548","ערי",1
"2549","ערינערוּנג",1
"2550","ערינערוּנגען",1
"1071","ערלעבּט",2
"2551","ערנסט",1
"2552","עֶרנְסְט",1
"1072","ערסט",2
"678","ערעלמאָן",3
"2553","ערפּרעָסען",1
"2554","ערצעהל",1
"1073","ערצעהלט",2
"2555","עֶרקָאנְט",1
"2556","עֶרְקְוִויקֶען",1
"2557","ערקלעהר",1
"2558","ערקלעהרט",1
"2559","עֶרְקְלֶעהרְט",1
"2560","עֶרְקְלֶעהרֶע",1
"1074","ערקלעהרען",2
"2561","ערקלערט",1
"2562","ערקען",1
"2563","עֶרקֶענְט",1
"265","ערשט",8
"295","ערשטען",7
"2564","ערשטער",1
"2565","ערשיינט",1
"2566","ערשראקען",1
"2567","ערשרעקט",1
"2568","עשירות",1
"2569","פא",1
"2570","פּא",1
"2571","פּאוואַלֶע",1
"2572","פּאות",1
"102","פאטער",23
"238","פאַטער",9
"2573","פֶאטֶער",1
"2574","פַאטֶער",1
"207","פָאטֶער",11
"2575","פַאל",1
"2576","פָאלְגֶען",1
"2577","פאלט",1
"2578","פאַלט",1
"679","פֿאַלט",3
"2579","פּאליציי",1
"2580","פאלֶען",1
"2581","פאַלֶען",1
"2582","פַאלֶען",1
"2583","פאלקאמען",1
"2584","פאָלקסשטיק",1
"2585","פאלשהייט",1
"2586","פאלשהיייט",1
"680","פאלשע",3
"1075","פאמיליע",2
"2587","פאַנגט",1
"2588","פֿאַנגט",1
"2589","פאנטאזִיע",1
"2590","פאַנטאזִיע",1
"2591","פאסירענדִיג",1
"2592","פּאפּאוואַלֶע",1
"2593","פאפיער",1
"2594","פאַפיער",1
"513","פּאפּיער",4
"2595","פּאק",1
"2596","פאָקט",1
"2597","פַּאקְט",1
"47","פאר",62
"86","פאַר",31
"681","פאָר",3
"220","פַאר",10
"2598","פּאר",1
"2599","פֿאַר",1
"2600","פַּארַאדִיז",1
"2601","פאראִיבֶּערנעהֶענְד",1
"2602","פַארְבָּארְגֶען",1
"2603","פארבּרייטען",1
"2604","פארגֶעהֶען",1
"2605","פָארְגֶעלֶעזֶען",1
"2606","פארגענוּמען",1
"2607","פַארְגֶעס",1
"2608","פארגעצוינען",1
"2609","פארגעשטעלט",1
"1076","פארהאנג",2
"2610","פארהאַנג",1
"2611","פַארווָאס",1
"2612","פאָרוִוירפע",1
"2613","פאָרזָאל",1
"2614","פַארטִיג",1
"2615","פָארְלֶעזֶען",1
"2616","פארם",1
"2617","פארניפּלוישט",1
"1077","פארשטעלוּנג",2
"410","פהיליפּ",5
"2618","פובליקוּם",1
"2619","פּויק",1
"682","פוּל",3
"52","פון",57
"43","פוּן",71
"683","פֿון",3
"1078","פֿוּן",2
"2620","פוּנ'ם",1
"2621","פוּנים",1
"2622","פּוּנְקְט",1
"1079","פוּס",2
"2623","פּטוּר",1
"2624","פיהל",1
"2625","פִיהל",1
"684","פיהלע",3
"2626","פיהלען",1
"2627","פִיהלֶען",1
"2628","פיהר",1
"685","פיהרט",3
"2629","פּיהרט",1
"2630","פֿיהרט",1
"514","פיהרער",4
"2631","פִיהרֶער",1
"2632","פֵייוִויש",1
"2633","פּיימ'על",1
"2634","פיינד",1
"1080","פייער",2
"2635","פייעריגע",1
"2636","פייערינע",1
"515","פילייכט",4
"1081","פִילֵייכְט",2
"2637","פינדעט",1
"1082","פינסטער",2
"2638","פינסטערניס",1
"2639","פִינְסְטֶערְנִיס",1
"2640","פינסטערניש",1
"686","פינף",3
"1083","פיס",2
"2641","פִיס",1
"2642","פִּיסְק",1
"411","פיעל",5
"2643","פִיעל",1
"2644","פיעלע",1
"2645","פיער",1
"2646","פיערטער",1
"175","פיר",13
"2647","פִיר",1
"2648","פירכטען",1
"61","פישל",48
"2649","פְישְלֶען",1
"2650","פִישְלֶען",1
"221","פישעל",10
"2651","פֿישעל",1
"2652","פּלאטע",1
"2653","פּלאטצען",1
"2654","פּלאטקע",1
"2655","פּלאָן",1
"2656","פְּלַאן",1
"2657","פּלאנע",1
"2658","פּלאנען",1
"1084","פּלוּצים",2
"2659","פֿליהט",1
"2660","פּלייצע",1
"2661","פּלייצעס",1
"2662","פליעסען",1
"2663","פלעגעריז",1
"1085","פּלעהנע",2
"2664","פלעטעל",1
"1086","פלעצליך",2
"687","פּלעצליך",3
"2665","פְּלֶעצְלִיך",1
"2666","פּלעצליכעס",1
"2667","פּלעצליכער",1
"1087","פלעשיל",2
"1088","פּנים",2
"2668","פסח",1
"688","פּסח",3
"2669","פעדֶער",1
"344","פעהלט",6
"1089","פֶעהלְט",2
"2670","פעהלסטוּ",1
"516","פעהלען",4
"1090","פעטער",2
"689","פֶעטֶער",3
"1091","פּעטש",2
"2671","פענסטער",1
"2672","פּעסעלע",1
"2673","פעפער'ן",1
"690","פער",3
"691","פעראִיבּעל",3
"2674","פערבּאטען",1
"2675","פערבּיינענאנגען",1
"2676","פערבּרענט",1
"2677","פערגיעסען",1
"2678","פערגניגען",1
"2679","פערגעטערט",1
"2680","פערגעטערע",1
"2681","פערגעס",1
"692","פערגעסט",3
"345","פערגעסען",6
"1092","פערד",2
"693","פערדַאנְקען",3
"694","פערדִיענט",3
"1093","פערדֶערבּען",2
"2682","פערדרעהט",1
"1094","פערוָואלטער",2
"346","פערוואַנדלונג",6
"2683","פערוואַנדלוּנג",1
"2684","פערוואנדעלסטוּ",1
"2685","פערוִוייטערען",1
"2686","פערוִוירט",1
"2687","פֶערְוֶועהרֶען",1
"2688","פּערזאנען",1
"2689","פערזָארנט",1
"2690","פערזִיכערוּנג",1
"695","פערטיג",3
"1095","פערטינ",2
"2691","פערלאבּוּנגען",1
"2692","פֿערלאַג",1
"412","פערלאט",5
"1096","פערלַאנְג",2
"2693","פערלאננסט",1
"2694","פערלארען",1
"517","פערלוירען",4
"2695","פערליהרען",1
"2696","פֿערלייגען",1
"2697","פערליימדעט",1
"1097","פערליינט",2
"413","פערליעבּט",5
"1098","פערליעבּען",2
"2698","פערליערען",1
"2699","פֶערְלִיערֶען",1
"2700","פערמעגען",1
"2701","פֶערְמֶעגֶען",1
"1099","פערמענען",2
"2702","פערנאכלעסיגע",1
"2703","פערנאנגענהייט",1
"2704","פערנוּמען",1
"2705","פערניפטעט",1
"2706","פערנע",1
"2707","פערסמאַלֶעט",1
"2708","פערפאלנט",1
"2709","פערפאלנען",1
"2710","פערפיהרטער",1
"2711","פערפינוּנג",1
"2712","פערפלוּכטען",1
"2713","פערפלוּכטעס",1
"2714","פערפלוּכטער",1
"2715","פערפליכטעט",1
"2716","פערצוִוייפעלט",1
"2717","פערצייהען",1
"2718","פערציכטען",1
"2719","פערצעהרענד",1
"2720","פערקויפט",1
"2721","פערקויפען",1
"2722","פערקעהרט",1
"2723","פערקרענקען",1
"2724","פערר",1
"2725","פערראטען",1
"2726","פערשוואוּּנדע",1
"2727","פערשוואוּנדֶען",1
"2728","פערשוִוינדֶען",1
"2729","פֶערְשְוִוינְדֶען",1
"2730","פערשטאנד",1
"2731","פערשטאנדֶען",1
"2732","פערשטאנען",1
"2733","פערשטייט",1
"2734","פערשטימט",1
"347","פערשטעה",6
"2735","פֶערְשְטֶעה",1
"518","פערשטעהט",4
"1100","פערשטעהן",2
"2736","פֶערְשְטֶעהסְט",1
"2737","פערשטעהען",1
"2738","פערשטעלוּנג",1
"2739","פערשטעקט",1
"2740","פֿערשטעקט",1
"2741","פערשיעדענע",1
"1101","פֶערְשִיעדֶענֶע",2
"2742","פערשפּראכען",1
"696","פּפליכט",3
"2743","פּראבּע",1
"2744","פּראַבּע",1
"2745","פראגע",1
"2746","פראפעמאר",1
"2747","פּראפעסאד",1
"697","פראָפֿעסאָר",3
"176","פּראפעסאר",13
"2748","פּראפעסאַר",1
"1102","פּראצענטניק",2
"2749","פּראָצענטניק",1
"296","פרוי",7
"2750","פרויענ",1
"1103","פרויען",2
"2751","פֿרויען",1
"1104","פרוּם",2
"2752","פרוּמע",1
"2753","פְרוּמֶע",1
"2754","פריהלינגס",1
"698","פריהעָר",3
"239","פריהֶער",9
"2755","פריהֶערֶען",1
"1105","פריי",2
"1106","פְרֵייא",2
"266","פריידָאַלֶע",8
"2756","פֿריידָאַלֶעאלטעריל",1
"2757","פריידאלען",1
"150","פריידע",16
"2758","פְרֵיידֶע",1
"2759","פֿריידע",1
"2760","פריידעדע",1
"67","פריידעלע",42
"1107","פְרֵיידֶעלֶע",2
"2761","פְרַיידֶעלֶע",1
"2762","פֿריידעלע",1
"2763","פריידעלען",1
"2764","פְרֵיידֶעלֶען",1
"2765","פרייוִויליג",1
"2766","פרייט",1
"2767","פְרֵייט",1
"2768","פרייליך",1
"348","פריינד",6
"2769","פְרֵיינְד",1
"1108","פריינדע",2
"2770","פרייע",1
"2771","פרייעט",1
"349","פרייען",6
"2772","פריעדהאף",1
"2773","פריער",1
"2774","פֿריער",1
"2775","פריש",1
"2776","פְרִישְטִיק",1
"2777","פרישע",1
"699","פרעג",3
"700","פרעגט",3
"1109","פרעגען",2
"2778","פרֶעגֶען",1
"1110","פרעהליך",2
"2779","פרעכטיגער",1
"2780","פרעכער",1
"414","פרעמד",5
"519","פרענט",4
"2781","פרענסט",1
"1111","פרענען",2
"2782","פרענקט",1
"2783","פְרֶעסְט",1
"2784","פרעסער",1
"2785","פשעמישל",1
"2786","צאהל",1
"2787","צאָהלט",1
"2788","צאהלען",1
"2789","צארטע",1
"2790","צארן",1
"2791","צדק",1
"76","צו",38
"28","צוּ",102
"2792","צוּא",1
"1112","צואָה",2
"2793","צוגֶעהן",1
"2794","צוּגענוּמען",1
"2795","צוּגעקוּקט",1
"2796","צוּגעשפּרינגען",1
"2797","צוואָר",1
"2798","צוִויבעל",1
"415","צוִויי",5
"2799","צוִוייטע",1
"1113","צוִוייטען",2
"2800","צוִוייטער",1
"2801","צוִויינגען",1
"2802","צוִוייפעלסטוּ",1
"350","צוִוישען",6
"1114","צוֶועלף",2
"2803","צוֶועק",1
"1115","צוזָאמען",2
"2804","צוזָאַמען",1
"2805","צוּזַאמֶען",1
"1116","צוּזָאמען",2
"2806","צויגט",1
"1117","צוּליעבּ",2
"351","צום",6
"111","צוּם",20
"2807","צוּמָאלְס",1
"2808","צוּנאמען",1
"520","צוּפאל",4
"1118","צוּפאַל",2
"2809","צוּקוּנפט",1
"2810","צוּקוּנפטיגע",1
"2811","צוּקֶער",1
"1119","צור",2
"2812","צוּר",1
"2813","צוּריבּען",1
"416","צוריק",5
"352","צוּריק",6
"1120","צוּרִיק",2
"701","צוּשטאנד",3
"2814","צי",1
"2815","ציהע",1
"702","ציטערט",3
"2816","ציטערן",1
"1121","ציטערסטוּ",2
"1122","ציטערענד",2
"2817","צייגט",1
"417","צייט",5
"2818","צֵייט",1
"703","צַייט",3
"2819","ציילען",1
"2820","ציינען",1
"2821","צִימֶעס",1
"418","צימער",5
"704","צינאַלֶע",3
"2822","צינד",1
"1123","צינעלע",2
"1124","צִיעג",2
"2823","ציעגאַלֶע",1
"1125","ציענ",2
"2824","צִיפִּינִיש",1
"2825","צִיפֶּעט",1
"1126","צעבּראכענע",2
"2826","צעהלען",1
"2827","צעטרעטען",1
"2828","צענאנגען",1
"2829","צענערס",1
"2830","צעפּ",1
"2831","צערבּראכען",1
"2832","צערייסט",1
"2833","צערמאניע",1
"2834","צערפלאסען",1
"2835","צערשטערען",1
"2836","צרה",1
"2837","צרות",1
"2838","ק",1
"2839","קאבּ",1
"2840","קאהלען",1
"222","קאהר",10
"1127","קאָהר",2
"1128","קאטץ",2
"2841","קאליסען",1
"2842","קאמעדִיע",1
"1129","קאמפּאזִיציע",2
"2843","קאָמפאניערט",1
"2844","קאַן",1
"2845","קאָן",1
"521","קָאן",4
"2846","קאנט",1
"2847","קאנסט",1
"2848","קאנסטוּ",1
"2849","קאָסט",1
"2850","קָאסְט",1
"2851","קָאסְטֶען",1
"2852","קאסירער",1
"2853","קאפ",1
"297","קאפּ",7
"2854","קאַפּ",1
"2855","קָאפּ",1
"2856","קאפּעליש",1
"522","קאפּף",4
"2857","קבּען",1
"2858","קבּצן",1
"2859","קבצנים",1
"2860","קבּצניש",1
"1130","קבצנישע",2
"2861","קבּצנישע",1
"2862","קֵבֶר",1
"2863","קדוּשין",1
"2864","קדִיש",1
"2865","קודֶם",1
"2866","קודס",1
"2867","קוִויטשט",1
"2868","קוֶועהלען",1
"2869","קוֶועלע",1
"2870","קויל",1
"705","קוים",3
"2871","קויפלייטע",1
"2872","קויפען",1
"1131","קוליסען",2
"353","קוּם",6
"240","קומט",9
"112","קוּמט",20
"706","קוּמְט",3
"298","קוּמען",7
"2873","קומענד",1
"2874","קוּמענד",1
"1132","קוּנסט",2
"1133","קוּק",2
"1134","קוקט",2
"419","קוּקט",5
"1135","קוּקֶען",2
"2875","קורירט",1
"2876","קורִירט",1
"2877","קורִירְט",1
"2878","קוּרירען",1
"1136","קוּרץ",2
"2879","קוּרצע",1
"2880","קוּרְצֶע",1
"2881","קוּש",1
"2882","קי",1
"2883","קייזער",1
"123","קיין",19
"707","קֵיין",3
"1137","קַיין",2
"1138","קיינמאל",2
"2884","קיינע",1
"2885","קֵיינֶע",1
"2886","קיינעם",1
"2887","קֵיינֶעם",1
"708","קיינער",3
"2888","קֵיינֶער",1
"2889","קייסערטע",1
"2890","קילעס",1
"73","קינד",39
"420","קִינְד",5
"2891","קינדהייט",1
"2892","קִינְדִיש",1
"2893","קינדִישען",1
"1139","קינדער",2
"299","קינדֶער",7
"2894","קִינדֶער",1
"1140","קִינְדֶער",2
"2895","קינך'ס",1
"2896","קיסט",1
"2897","קִיש",1
"191","קישט",12
"2898","קישעלע",1
"421","קישען",5
"523","קִישֶען",4
"2899","קכצן",1
"2900","קכר",1
"2901","קְלָאג",1
"2902","קְלָאהר",1
"2903","קלאפּט",1
"2904","קלוּנער",1
"2905","קליידֶער",1
"2906","קליינינקייט",1
"2907","קליינענקי",1
"2908","קליפּה",1
"2909","קנות",1
"2910","קניָאַש",1
"2911","קנייךלעך",1
"422","קניעט",5
"2912","קניען",1
"2913","קניענט",1
"151","קען",16
"354","קֶען",6
"1141","קענט",2
"2914","קעָנסטוּ",1
"2915","קענעל",1
"241","קענען",9
"2916","קֶענֶען",1
"2917","קֶעסְט",1
"2918","קעשענע",1
"1142","קראנץ",2
"709","קראנק",3
"1143","קראַנקע",2
"1144","קְרַאנְקֶע",2
"2919","קראעטוּר",1
"2920","קראעץ",1
"2921","קרוין",1
"1145","קְרֵייטֶער",2
"1146","קריכט",2
"2922","קריכסטוּ",1
"1147","קריכען",2
"2923","קריענעלע",1
"1148","קריפּעל",2
"2924","קְרֶעכְץ",1
"1149","קרענציל",2
"2925","קרענק",1
"1150","קרענקט",2
"2926","קרענקעלע",1
"1151","קרענקען",2
"1152","קשיָא",2
"223","ר",10
"208","ר'",11
"1153","ראא",2
"242","ראזא",9
"100","ראַזַא",26
"2927","ראָזא",1
"524","ראָזָא",4
"2928","ראָזָאָ",1
"2929","רָאזַא",1
"2930","ראַזַא'ן",1
"2931","ראזע",1
"1154","ראָזע",2
"2932","ראנא",1
"2933","ראנא'ן",1
"2934","ראָפ",1
"2935","ראפגעלאזט",1
"2936","ראשית",1
"2937","ראשען",1
"2938","רבּה",1
"2939","רבּונו",1
"1155","רבּי",2
"2940","רבּש'ע",1
"710","רבּש״ע",3
"2941","רבּשיע",1
"2942","רבשע",1
"1156","רבּשע",2
"2943","רהאנג",1
"2944","רוהע",1
"2945","רוּהע",1
"1157","רוּח",2
"2946","רויבּט",1
"2947","רויס",1
"1158","רוּם",2
"1159","רוּף",2
"2948","רופא",1
"1160","רופט",2
"711","רוּפט",3
"2949","רוּפֿט",1
"712","רוּפען",3
"2950","רייזע",1
"1161","רייך",2
"2951","רייכט",1
"2952","רייכטהום",1
"713","רייכטהוּם",3
"2953","רייכע",1
"1162","רייכען",2
"1163","ריין",2
"2954","רייסט",1
"2955","רייסען",1
"2956","רייץ",1
"2957","רינען",1
"2958","רִיפֶּעט",1
"2959","ריקאַלֶע",1
"2960","ריקפאל",1
"2961","רס",1
"1164","רע",2
"714","רעד",3
"2962","רעדסט",1
"2963","רעדסטוּ",1
"2964","רעדע",1
"300","רעדֶען",7
"1165","רֶעדֶען",2
"2965","רֶעזִיקִירְט",1
"1166","רעטעט",2
"1167","רעטען",2
"2966","רֶעטֶען",1
"2967","רעטענדֶער",1
"355","רעכט",6
"1168","רעךט",2
"2968","רעךסטוּ",1
"2969","רעכענדֶער",1
"423","רְפוּאָה",5
"2970","ש",1
"2971","שאו",1
"2972","שאַן",1
"2973","שאָן",1
"2974","שאַנטאָקטע",1
"356","שדוּך",6
"2975","שִדוּך",1
"2976","שדכן",1
"2977","שדכנות",1
"2978","שוואגער",1
"1169","שוואך",2
"2979","שוואַך",1
"2980","שוואכעם",1
"2981","שוואכעס",1
"2982","שוואנער",1
"2983","שוִוייג",1
"2984","שוִוייגסט",1
"2985","שוִוייגען",1
"2986","שוִויינט",1
"2987","שוִויינע",1
"2988","שוֶועהר",1
"87","שוועסטער",31
"2989","שְוועסְטֶער",1
"2990","שְוֶועסְטֶער",1
"1170","שוועסטערס",2
"2991","שוועסטערקינד",1
"525","שוֶוער",4
"1171","שוֶוערע",2
"1172","שוֶוערען",2
"2992","שוֶוערץ",1
"715","שוֶוערצער",3
"2993","שוטצענגעל",1
"53","שוין",56
"2994","שוינשטיקען",1
"2995","שוּלד",1
"526","שוּלדִיג",4
"2996","שונאִים",1
"2997","שוּצענגעל",1
"2998","שורקע",1
"1173","שוּרקע",2
"2999","שוּרקעריי",1
"3000","שוּשקען",1
"3001","שטאאאָ",1
"3002","שטאלץ",1
"3003","שטאנד",1
"3004","שטאַר",1
"716","שטארק",3
"3005","שטאָרק",1
"3006","שטארקען",1
"3007","שטוב",1
"1174","שטוּב",2
"3008","שטוּבּ",1
"3009","שטויגען",1
"1175","שטוינען",2
"3010","שטויסט",1
"1176","שטונדע",2
"717","שטוּנדע",3
"3011","שטייט",1
"1177","שטיין",2
"1178","שטיינער",2
"424","שטיל",5
"3012","שְטִיל",1
"3013","שטילע",1
"3014","שְטִילֶע",1
"3015","שטילער",1
"3016","שטילערהייט",1
"718","שטימע",3
"1179","שטיעבּ",2
"1180","שטיצע",2
"3017","שְטִיצֶע",1
"3018","שטיק",1
"3019","שטיקאַלֶע",1
"3020","שְטִיקֶעל",1
"3021","שְטִיקֶען",1
"1181","שטירצט",2
"1182","שטירצען",2
"3022","שָטָן'ס",1
"1183","שְטֶעה",2
"719","שטעהט",3
"3023","שְטֶעהט",1
"720","שטעהן",3
"3024","שטעהען",1
"3025","שטעהעָן",1
"3026","שטעטס",1
"3027","שטעל",1
"1184","שטעלען",2
"3028","שטענדִיגער",1
"3029","שטענע",1
"3030","שטעקט",1
"3031","שטְֶערֶען",1
"3032","שטערקען",1
"3033","שטראהלט",1
"3034","שטראף",1
"3035","שטראפע",1
"3036","שטריימעל",1
"3037","שטריקעלע",1
"3038","שטש",1
"3039","שידך",1
"721","שיידֶען",3
"3040","שיין",1
"3041","שיינט",1
"3042","שיינסט",1
"3043","שיינעם",1
"3044","שימפּפען",1
"3045","שיקט",1
"3046","שיקען",1
"3047","שכל",1
"3048","של",1
"3049","שלאגט",1
"3050","שלאגסטוּ",1
"722","שלאגען",3
"3051","שלאָגען",1
"3052","שְלָאף",1
"3053","שְלָאפֶען",1
"3054","שָלוחַ",1
"3055","שלוכצענד",1
"1185","שליח",2
"3056","שְלִיחָות",1
"3057","שלים",1
"3058","שלימלדִיגער",1
"3059","שלינגט",1
"3060","שלעכט",1
"3061","שלעפט",1
"1186","שם",2
"3062","שמהה",1
"3063","שמו",1
"3064","שְמוּסְט",1
"723","שמחה",3
"3065","שִמְחָה",1
"1187","שמים",2
"3066","שמך",1
"3067","שמערצען",1
"3068","שנארער",1
"1188","שנעל",2
"425","שעה",5
"3069","שעהנ",1
"527","שעהן",4
"3070","שעהנהייט",1
"3071","שעהנסטע",1
"724","שעהנע",3
"3072","שעהנעם",1
"3073","שעהנענקער",1
"1189","שעהנער",2
"3074","שעוּר",1
"3075","שעלטען",1
"3076","שעמסט",1
"3077","שענדליכען",1
"3078","שענדליכער",1
"1190","שענקט",2
"725","שפּאניען",3
"3079","שפּאניענס",1
"3080","שפאנישע",1
"3081","שפאנישען",1
"3082","שפאנישער",1
"3083","שפּאס",1
"1191","שפּאַס",2
"3084","שפּאציערען",1
"426","שפוך",5
"3085","שפּוּר",1
"3086","שפּיטאַל",1
"3087","שפּיענעל",1
"3088","שפּיענעלע",1
"3089","שפעטיש",1
"3090","שפּעטיש",1
"3091","שפעטער",1
"224","שפּעטער",10
"3092","שפּעסעלע",1
"3093","שפּראכע",1
"3094","שפּרינגסט",1
"3095","שפּרינגען",1
"3096","שקלאווע",1
"528","שקר",4
"3097","שרויט",1
"3098","שריט",1
"3099","שריַיַבּען",1
"301","שרייט",7
"3100","שרייסטוּ",1
"3101","שרינען",1
"3102","שריפט",1
"529","שרעק",4
"3103","שרעקט",1
"726","שרעקליך",3
"3104","שְרֶעקְלִיך",1
"3105","תּאִים",1
"3106","תּכריכים",1
"3107","תּנאִים",1
